# https://github.com/mikedh/trimesh
v 14.10400607 -13.31188570 0.00000000
v 14.23408929 -13.28887229 0.00000000
v 14.37255476 -13.25984230 0.00000000
v 14.51093241 -13.23124440 0.00000000
v 14.64922231 -13.20307818 0.00000000
v 14.78742451 -13.17534323 0.00000000
v 14.92553905 -13.14803912 0.00000000
v 15.06356601 -13.12116543 0.00000000
v 15.20150543 -13.09472175 0.00000000
v 15.33935737 -13.06870766 0.00000000
v 15.47712189 -13.04312274 0.00000000
v 15.61479904 -13.01796658 0.00000000
v 15.75238887 -12.99323874 0.00000000
v 15.88989145 -12.96893882 0.00000000
v 16.02730683 -12.94506640 0.00000000
v 16.16463506 -12.92162105 0.00000000
v 16.30187620 -12.89860237 0.00000000
v 16.43903031 -12.87600992 0.00000000
v 16.57609744 -12.85384330 0.00000000
v 16.71307766 -12.83210208 0.00000000
v 16.84997100 -12.81078584 0.00000000
v 16.98677753 -12.78989417 0.00000000
v 17.12349731 -12.76942665 0.00000000
v 17.26013039 -12.74938286 0.00000000
v 17.39667683 -12.72976238 0.00000000
v 17.53313668 -12.71056480 0.00000000
v 17.66951000 -12.69178968 0.00000000
v 17.80579684 -12.67343663 0.00000000
v 17.94199727 -12.65550521 0.00000000
v 18.07811133 -12.63799500 0.00000000
v 18.21413908 -12.62090560 0.00000000
v 18.35008058 -12.60423658 0.00000000
v 18.48593588 -12.58798753 0.00000000
v 18.62170505 -12.57215801 0.00000000
v 18.75738813 -12.55674763 0.00000000
v 18.89298517 -12.54175595 0.00000000
v 19.02849625 -12.52718256 0.00000000
v 19.16392141 -12.51302704 0.00000000
v 19.29926070 -12.49928898 0.00000000
v 19.43451419 -12.48596794 0.00000000
v 19.56968193 -12.47306353 0.00000000
v 19.70476398 -12.46057530 0.00000000
v 19.83976039 -12.44850286 0.00000000
v 19.97467121 -12.43684578 0.00000000
v 20.10949651 -12.42560364 0.00000000
v 20.24423634 -12.41477602 0.00000000
v 20.37889075 -12.40436250 0.00000000
v 20.51345980 -12.39436267 0.00000000
v 20.64794355 -12.38477611 0.00000000
v 20.78234205 -12.37560239 0.00000000
v 20.91665536 -12.36684111 0.00000000
v 21.05088353 -12.35849184 0.00000000
v 21.18502662 -12.35055416 0.00000000
v 21.31908469 -12.34302765 0.00000000
v 21.45305778 -12.33591190 0.00000000
v 21.58694597 -12.32920649 0.00000000
v 21.72074930 -12.32291100 0.00000000
v 21.85446782 -12.31702501 0.00000000
v 21.98810160 -12.31154810 0.00000000
v 22.12165069 -12.30647985 0.00000000
v 22.25511515 -12.30181985 0.00000000
v 22.38849503 -12.29756768 0.00000000
v 22.52179038 -12.29372291 0.00000000
v 22.65500127 -12.29028513 0.00000000
v 22.78812775 -12.28725393 0.00000000
v 22.92116987 -12.28462887 0.00000000
v 23.05412769 -12.28240955 0.00000000
v 23.18700127 -12.28059555 0.00000000
v 23.31979067 -12.27918644 0.00000000
v 23.45249593 -12.27818182 0.00000000
v 23.58511711 -12.27758125 0.00000000
v 23.71772369 -12.27738432 0.00000000
v 23.85605982 -12.27760926 0.00000000
v 23.99430528 -12.27827338 0.00000000
v 24.13246017 -12.27937619 0.00000000
v 24.27052458 -12.28091720 0.00000000
v 24.40849861 -12.28289593 0.00000000
v 24.54638237 -12.28531187 0.00000000
v 24.68417594 -12.28816454 0.00000000
v 24.82187944 -12.29145344 0.00000000
v 24.95949295 -12.29517810 0.00000000
v 25.09701657 -12.29933801 0.00000000
v 25.23445041 -12.30393269 0.00000000
v 25.37179456 -12.30896165 0.00000000
v 25.50904913 -12.31442439 0.00000000
v 25.64621420 -12.32032043 0.00000000
v 25.78328988 -12.32664928 0.00000000
v 25.92027626 -12.33341044 0.00000000
v 26.05717345 -12.34060342 0.00000000
v 26.19398154 -12.34822774 0.00000000
v 26.33070064 -12.35628290 0.00000000
v 26.46733083 -12.36476842 0.00000000
v 26.60387222 -12.37368380 0.00000000
v 26.74032491 -12.38302855 0.00000000
v 26.87668900 -12.39280218 0.00000000
v 27.01296458 -12.40300420 0.00000000
v 27.14915175 -12.41363413 0.00000000
v 27.28525061 -12.42469146 0.00000000
v 27.42126126 -12.43617572 0.00000000
v 27.55718380 -12.44808641 0.00000000
v 27.69301832 -12.46042303 0.00000000
v 27.82876493 -12.47318510 0.00000000
v 27.96442372 -12.48637213 0.00000000
v 28.09999480 -12.49998363 0.00000000
v 28.23547825 -12.51401911 0.00000000
v 28.37087418 -12.52847807 0.00000000
v 28.50618269 -12.54336003 0.00000000
v 28.64140387 -12.55866450 0.00000000
v 28.77653783 -12.57439098 0.00000000
v 28.91158466 -12.59053899 0.00000000
v 29.04654446 -12.60710803 0.00000000
v 29.18141733 -12.62409762 0.00000000
v 29.31620337 -12.64150726 0.00000000
v 29.45090268 -12.65933646 0.00000000
v 29.58551535 -12.67758474 0.00000000
v 29.72004148 -12.69625160 0.00000000
v 29.85448117 -12.71533655 0.00000000
v 29.98883453 -12.73483910 0.00000000
v 30.12310164 -12.75475876 0.00000000
v 30.25728261 -12.77509505 0.00000000
v 30.39137754 -12.79584746 0.00000000
v 30.52538652 -12.81701552 0.00000000
v 30.65930965 -12.83859872 0.00000000
v 30.79314703 -12.86059659 0.00000000
v 30.92689876 -12.88300862 0.00000000
v 31.06056494 -12.90583433 0.00000000
v 31.19414567 -12.92907323 0.00000000
v 31.32764104 -12.95272482 0.00000000
v 31.46105115 -12.97678862 0.00000000
v 31.59437611 -13.00126414 0.00000000
v 31.72761600 -13.02615089 0.00000000
v 31.86077094 -13.05144837 0.00000000
v 31.99384101 -13.07715609 0.00000000
v 32.12682632 -13.10327357 0.00000000
v 32.25972696 -13.12980031 0.00000000
v 32.39254303 -13.15673583 0.00000000
v 32.52527464 -13.18407963 0.00000000
v 32.65792187 -13.21183122 0.00000000
v 32.79048483 -13.23999012 0.00000000
v 32.92296362 -13.26855582 0.00000000
v 33.05535833 -13.29752785 0.00000000
v 33.18766907 -13.32690571 0.00000000
v 33.31989593 -13.35668891 0.00000000
v 33.45203901 -13.38687696 0.00000000
v 33.58409840 -13.41746937 0.00000000
v 33.71607422 -13.44846565 0.00000000
v 33.84796655 -13.47986531 0.00000000
v 33.97977549 -13.51166786 0.00000000
v 34.11150115 -13.54387280 0.00000000
v 34.24314362 -13.57647965 0.00000000
v 34.37470299 -13.60948792 0.00000000
v 34.50617938 -13.64289712 0.00000000
v 34.63757287 -13.67670675 0.00000000
v 34.76888357 -13.71091632 0.00000000
v 34.90011157 -13.74552536 0.00000000
v 35.03125697 -13.78053335 0.00000000
v 35.16231987 -13.81593982 0.00000000
v 35.29330037 -13.85174428 0.00000000
v 35.42419857 -13.88794623 0.00000000
v 35.55501457 -13.92454518 0.00000000
v 35.68574845 -13.96154064 0.00000000
v 35.81640033 -13.99893213 0.00000000
v 35.94697031 -14.03671915 0.00000000
v 36.07745847 -14.07490121 0.00000000
v 36.20786492 -14.11347782 0.00000000
v 36.33818975 -14.15244849 0.00000000
v 36.46843307 -14.19181273 0.00000000
v 36.59859498 -14.23157005 0.00000000
v 36.72867557 -14.27171996 0.00000000
v 36.85867493 -14.31226197 0.00000000
v 36.98859318 -14.35319558 0.00000000
v 37.11843040 -14.39452032 0.00000000
v 37.24818670 -14.43623568 0.00000000
v 37.37786217 -14.47834117 0.00000000
v 37.50745692 -14.52083632 0.00000000
v 37.63697104 -14.56372062 0.00000000
v 37.76640462 -14.60699358 0.00000000
v 37.89575778 -14.65065472 0.00000000
v 38.02503060 -14.69470355 0.00000000
v 38.15422319 -14.73913957 0.00000000
v 38.28333564 -14.78396229 0.00000000
v 38.41236805 -14.82917123 0.00000000
v 38.54132052 -14.87476588 0.00000000
v 38.67019315 -14.92074578 0.00000000
v 38.79898604 -14.96711041 0.00000000
v 38.92769929 -15.01385929 0.00000000
v 39.05633299 -15.06099194 0.00000000
v 39.18488724 -15.10850785 0.00000000
v 39.31336214 -15.15640655 0.00000000
v 39.44175779 -15.20468754 0.00000000
v 39.57007429 -15.25335032 0.00000000
v 39.69831174 -15.30239442 0.00000000
v 39.82647024 -15.35181933 0.00000000
v 39.95454987 -15.40162457 0.00000000
v 40.08255075 -15.45180965 0.00000000
v 40.21047297 -15.50237407 0.00000000
v 40.33831663 -15.55331735 0.00000000
v 40.46608182 -15.60463900 0.00000000
v 40.59376866 -15.65633853 0.00000000
v 40.72137722 -15.70841543 0.00000000
v 40.84890762 -15.76086924 0.00000000
v 40.97635995 -15.81369945 0.00000000
v 41.10373431 -15.86690557 0.00000000
v 41.23103080 -15.92048711 0.00000000
v 41.35824952 -15.97444359 0.00000000
v 41.48539056 -16.02877451 0.00000000
v 41.61245402 -16.08347938 0.00000000
v 41.73944001 -16.13855772 0.00000000
v 41.88937018 -16.21517350 0.00000000
v 42.03473454 -16.29558216 0.00000000
v 42.16998404 -16.37540934 0.00000000
v 42.29515865 -16.45471750 0.00000000
v 42.41029834 -16.53356910 0.00000000
v 42.51544306 -16.61202658 0.00000000
v 42.61063278 -16.69015240 0.00000000
v 42.69590746 -16.76800900 0.00000000
v 42.77130707 -16.84565885 0.00000000
v 42.83687158 -16.92316440 0.00000000
v 42.89264094 -17.00058809 0.00000000
v 42.93865512 -17.07799238 0.00000000
v 42.97495409 -17.15543972 0.00000000
v 43.00157780 -17.23299256 0.00000000
v 43.01856623 -17.31071337 0.00000000
v 43.02595933 -17.38866458 0.00000000
v 43.02379708 -17.46690865 0.00000000
v 43.01211942 -17.54550804 0.00000000
v 42.99096634 -17.62452519 0.00000000
v 42.96037779 -17.70402256 0.00000000
v 42.92039374 -17.78406261 0.00000000
v 42.87105414 -17.86470777 0.00000000
v 42.81239897 -17.94602052 0.00000000
v 42.74446819 -18.02806329 0.00000000
v 42.66730176 -18.11089854 0.00000000
v 42.58093965 -18.19458873 0.00000000
v 42.48542181 -18.27919630 0.00000000
v 42.38078823 -18.36478371 0.00000000
v 42.26707885 -18.45141342 0.00000000
v 42.14433364 -18.53914786 0.00000000
v 42.01259257 -18.62804950 0.00000000
v 41.87189560 -18.71818079 0.00000000
v 41.72228269 -18.80960418 0.00000000
v 41.56379381 -18.90238213 0.00000000
v 41.39646893 -18.99657708 0.00000000
v 41.22034800 -19.09225149 0.00000000
v 41.03547099 -19.18946780 0.00000000
v 40.84187786 -19.28828848 0.00000000
v 40.63960859 -19.38877598 0.00000000
v 40.42870312 -19.49099275 0.00000000
v 40.20920144 -19.59500123 0.00000000
v 40.06649613 -19.65143356 0.00000000
v 39.93536601 -19.70054937 0.00000000
v 39.80420001 -19.74923647 0.00000000
v 39.67299814 -19.79749530 0.00000000
v 39.54176046 -19.84532626 0.00000000
v 39.41048698 -19.89272977 0.00000000
v 39.27917776 -19.93970626 0.00000000
v 39.14783282 -19.98625615 0.00000000
v 39.01645221 -20.03237984 0.00000000
v 38.88503595 -20.07807776 0.00000000
v 38.75358409 -20.12335033 0.00000000
v 38.62209666 -20.16819796 0.00000000
v 38.49057370 -20.21262108 0.00000000
v 38.35901524 -20.25662010 0.00000000
v 38.22742132 -20.30019543 0.00000000
v 38.09579198 -20.34334751 0.00000000
v 37.96412724 -20.38607674 0.00000000
v 37.83242716 -20.42838355 0.00000000
v 37.70069175 -20.47026835 0.00000000
v 37.56892107 -20.51173156 0.00000000
v 37.43711515 -20.55277360 0.00000000
v 37.30527401 -20.59339488 0.00000000
v 37.17339771 -20.63359583 0.00000000
v 37.04148626 -20.67337687 0.00000000
v 36.90953972 -20.71273841 0.00000000
v 36.77755812 -20.75168086 0.00000000
v 36.64554149 -20.79020466 0.00000000
v 36.51348987 -20.82831021 0.00000000
v 36.38140329 -20.86599794 0.00000000
v 36.24928179 -20.90326826 0.00000000
v 36.11712542 -20.94012160 0.00000000
v 35.98493419 -20.97655836 0.00000000
v 35.85270816 -21.01257897 0.00000000
v 35.72044735 -21.04818384 0.00000000
v 35.58815180 -21.08337341 0.00000000
v 35.45582155 -21.11814807 0.00000000
v 35.32345664 -21.15250825 0.00000000
v 35.19105709 -21.18645438 0.00000000
v 35.05862295 -21.21998686 0.00000000
v 34.92615426 -21.25310611 0.00000000
v 34.79365104 -21.28581256 0.00000000
v 34.66111334 -21.31810662 0.00000000
v 34.52854119 -21.34998871 0.00000000
v 34.39593462 -21.38145925 0.00000000
v 34.26329368 -21.41251866 0.00000000
v 34.13061840 -21.44316735 0.00000000
v 33.99790882 -21.47340575 0.00000000
v 33.86516496 -21.50323426 0.00000000
v 33.73238688 -21.53265332 0.00000000
v 33.59957460 -21.56166333 0.00000000
v 33.46672815 -21.59026472 0.00000000
v 33.33384759 -21.61845791 0.00000000
v 33.20093294 -21.64624330 0.00000000
v 33.06798423 -21.67362133 0.00000000
v 32.93500151 -21.70059241 0.00000000
v 32.80198481 -21.72715695 0.00000000
v 32.66893417 -21.75331538 0.00000000
v 32.53584962 -21.77906811 0.00000000
v 32.40273120 -21.80441557 0.00000000
v 32.26957895 -21.82935816 0.00000000
v 32.13639289 -21.85389632 0.00000000
v 32.00317308 -21.87803044 0.00000000
v 31.86991954 -21.90176097 0.00000000
v 31.73663230 -21.92508831 0.00000000
v 31.60331142 -21.94801288 0.00000000
v 31.46995691 -21.97053509 0.00000000
v 31.33656883 -21.99265538 0.00000000
v 31.20314720 -22.01437415 0.00000000
v 31.06969206 -22.03569183 0.00000000
v 30.93620344 -22.05660883 0.00000000
v 30.80268139 -22.07712557 0.00000000
v 30.66912594 -22.09724247 0.00000000
v 30.53553712 -22.11695994 0.00000000
v 30.40191498 -22.13627841 0.00000000
v 30.26825954 -22.15519830 0.00000000
v 30.13457084 -22.17372001 0.00000000
v 30.00084893 -22.19184398 0.00000000
v 29.86709383 -22.20957061 0.00000000
v 29.73330558 -22.22690034 0.00000000
v 29.59948422 -22.24383356 0.00000000
v 29.46562979 -22.26037071 0.00000000
v 29.33174231 -22.27651220 0.00000000
v 29.19782183 -22.29225845 0.00000000
v 29.06386839 -22.30760988 0.00000000
v 28.92988201 -22.32256690 0.00000000
v 28.79586274 -22.33712994 0.00000000
v 28.66181060 -22.35129941 0.00000000
v 28.52772565 -22.36507573 0.00000000
v 28.39360791 -22.37845932 0.00000000
v 28.25945742 -22.39145060 0.00000000
v 28.12527421 -22.40404998 0.00000000
v 27.99105833 -22.41625789 0.00000000
v 27.85680980 -22.42807473 0.00000000
v 27.72252867 -22.43950094 0.00000000
v 27.58821496 -22.45053693 0.00000000
v 27.45386873 -22.46118311 0.00000000
v 27.31948999 -22.47143991 0.00000000
v 27.18507880 -22.48130774 0.00000000
v 27.05063518 -22.49078702 0.00000000
v 26.91615916 -22.49987817 0.00000000
v 26.78165080 -22.50858160 0.00000000
v 26.64711012 -22.51689775 0.00000000
v 26.51253716 -22.52482702 0.00000000
v 26.37793195 -22.53236983 0.00000000
v 26.24329454 -22.53952660 0.00000000
v 26.10862495 -22.54629775 0.00000000
v 25.97392323 -22.55268369 0.00000000
v 25.83918940 -22.55868486 0.00000000
v 25.70442351 -22.56430165 0.00000000
v 25.56962560 -22.56953450 0.00000000
v 25.43479569 -22.57438382 0.00000000
v 25.29993383 -22.57885002 0.00000000
v 25.16504005 -22.58293353 0.00000000
v 25.03011438 -22.58663477 0.00000000
v 24.89515687 -22.58995415 0.00000000
v 24.76016754 -22.59289209 0.00000000
v 24.62514644 -22.59544901 0.00000000
v 24.49009360 -22.59762533 0.00000000
v 24.35500906 -22.59942146 0.00000000
v 24.21989286 -22.60083783 0.00000000
v 24.08474502 -22.60187485 0.00000000
v 23.94956559 -22.60253294 0.00000000
v 23.81435460 -22.60281252 0.00000000
v 23.67911208 -22.60271400 0.00000000
v 23.54383809 -22.60223781 0.00000000
v 23.40853264 -22.60138437 0.00000000
v 23.27319578 -22.60015408 0.00000000
v 23.13782754 -22.59854738 0.00000000
v 23.00242796 -22.59656467 0.00000000
v 22.86699707 -22.59420638 0.00000000
v 22.73153492 -22.59147293 0.00000000
v 22.59604153 -22.58836473 0.00000000
v 22.46051694 -22.58488220 0.00000000
v 22.32496120 -22.58102576 0.00000000
v 22.18937433 -22.57679582 0.00000000
v 22.05375637 -22.57219281 0.00000000
v 21.91810736 -22.56721715 0.00000000
v 21.78242734 -22.56186925 0.00000000
v 21.64671633 -22.55614952 0.00000000
v 21.51097438 -22.55005840 0.00000000
v 21.37520152 -22.54359630 0.00000000
v 21.23939779 -22.53676362 0.00000000
v 21.10356323 -22.52956081 0.00000000
v 20.96769786 -22.52198826 0.00000000
v 20.83180173 -22.51404640 0.00000000
v 20.69587488 -22.50573566 0.00000000
v 20.55991733 -22.49705643 0.00000000
v 20.42392913 -22.48800916 0.00000000
v 20.28791032 -22.47859424 0.00000000
v 20.15186091 -22.46881211 0.00000000
v 20.01578097 -22.45866318 0.00000000
v 19.87967051 -22.44814786 0.00000000
v 19.74352958 -22.43726658 0.00000000
v 19.60735821 -22.42601975 0.00000000
v 19.47115644 -22.41440779 0.00000000
v 19.33492430 -22.40243113 0.00000000
v 19.19866183 -22.39009017 0.00000000
v 19.06236907 -22.37738535 0.00000000
v 18.92604605 -22.36431706 0.00000000
v 18.78969281 -22.35088574 0.00000000
v 18.65330939 -22.33709180 0.00000000
v 18.51689582 -22.32293566 0.00000000
v 18.38045213 -22.30841774 0.00000000
v 18.24397837 -22.29353846 0.00000000
v 18.10747457 -22.27829822 0.00000000
v 17.97094076 -22.26269747 0.00000000
v 17.83437699 -22.24673660 0.00000000
v 17.69778328 -22.23041604 0.00000000
v 17.56115968 -22.21373621 0.00000000
v 17.42450621 -22.19669753 0.00000000
v 17.28782293 -22.17930041 0.00000000
v 17.15110985 -22.16154527 0.00000000
v 17.01436703 -22.14343253 0.00000000
v 16.87759449 -22.12496261 0.00000000
v 16.74079227 -22.10613592 0.00000000
v 16.60396040 -22.08695290 0.00000000
v 16.46709893 -22.06741394 0.00000000
v 16.33020789 -22.04751948 0.00000000
v 16.19328732 -22.02726992 0.00000000
v 16.05633724 -22.00666570 0.00000000
v 15.91935771 -21.98570722 0.00000000
v 15.78234875 -21.96439490 0.00000000
v 15.64531039 -21.94272917 0.00000000
v 15.50824269 -21.92071044 0.00000000
v 15.37114566 -21.89833913 0.00000000
v 15.23401936 -21.87561565 0.00000000
v 15.09686381 -21.85254043 0.00000000
v 14.95967905 -21.82911389 0.00000000
v 14.82246512 -21.80533643 0.00000000
v 14.68522204 -21.78120849 0.00000000
v 14.54794987 -21.75673047 0.00000000
v 14.41064864 -21.73190281 0.00000000
v 14.25618919 -21.70241199 0.00000000
v 14.05831426 -21.66843060 0.00000000
v 13.87154396 -21.64724461 0.00000000
v 13.69606255 -21.63826120 0.00000000
v 13.53205434 -21.64088758 0.00000000
v 13.37970358 -21.65453095 0.00000000
v 13.23919457 -21.67859849 0.00000000
v 13.11071158 -21.71249742 0.00000000
v 12.99443890 -21.75563492 0.00000000
v 12.89056080 -21.80741819 0.00000000
v 12.79926156 -21.86725444 0.00000000
v 12.72072547 -21.93455086 0.00000000
v 12.65513681 -22.00871465 0.00000000
v 12.60267984 -22.08915300 0.00000000
v 12.56353887 -22.17527311 0.00000000
v 12.53789816 -22.26648219 0.00000000
v 12.52594199 -22.36218742 0.00000000
v 12.52785465 -22.46179602 0.00000000
v 12.54382041 -22.56471516 0.00000000
v 12.57402356 -22.67035206 0.00000000
v 12.61864837 -22.77811391 0.00000000
v 12.67787913 -22.88740790 0.00000000
v 12.75190012 -22.99764124 0.00000000
v 12.84089561 -23.10822113 0.00000000
v 12.94504989 -23.21855475 0.00000000
v 13.06454723 -23.32804932 0.00000000
v 13.19957193 -23.43611202 0.00000000
v 13.35030824 -23.54215005 0.00000000
v 13.51694047 -23.64557062 0.00000000
v 13.64158565 -23.72070431 0.00000000
v 13.75079185 -23.78870192 0.00000000
v 13.85950952 -23.85728442 0.00000000
v 13.96773580 -23.92645527 0.00000000
v 14.07546783 -23.99621793 0.00000000
v 14.18270275 -24.06657585 0.00000000
v 14.28943770 -24.13753249 0.00000000
v 14.39566981 -24.20909131 0.00000000
v 14.50139623 -24.28125576 0.00000000
v 14.60661410 -24.35402930 0.00000000
v 14.71132055 -24.42741539 0.00000000
v 14.81551272 -24.50141749 0.00000000
v 14.91918776 -24.57603904 0.00000000
v 15.02234279 -24.65128351 0.00000000
v 15.12497497 -24.72715436 0.00000000
v 15.22708143 -24.80365503 0.00000000
v 15.32865930 -24.88078900 0.00000000
v 15.42970574 -24.95855970 0.00000000
v 15.53021787 -25.03697061 0.00000000
v 15.63019283 -25.11602517 0.00000000
v 15.72962777 -25.19572685 0.00000000
v 15.82851982 -25.27607909 0.00000000
v 15.92686613 -25.35708537 0.00000000
v 16.02466382 -25.43874912 0.00000000
v 16.12191005 -25.52107382 0.00000000
v 16.21860195 -25.60406291 0.00000000
v 16.31473665 -25.68771986 0.00000000
v 16.41031131 -25.77204812 0.00000000
v 16.50532305 -25.85705114 0.00000000
v 16.59976902 -25.94273239 0.00000000
v 16.69364635 -26.02909531 0.00000000
v 16.78695218 -26.11614338 0.00000000
v 16.87968366 -26.20388003 0.00000000
v 16.97183792 -26.29230874 0.00000000
v 17.06341210 -26.38143295 0.00000000
v 17.15440334 -26.47125613 0.00000000
v 17.24480878 -26.56178172 0.00000000
v 17.33462556 -26.65301319 0.00000000
v 17.42385082 -26.74495400 0.00000000
v 17.51248169 -26.83760759 0.00000000
v 17.60051531 -26.93097743 0.00000000
v 17.68794883 -27.02506697 0.00000000
v 17.77477939 -27.11987968 0.00000000
v 17.86100411 -27.21541900 0.00000000
v 17.94662015 -27.31168839 0.00000000
v 18.03162464 -27.40869131 0.00000000
v 18.11601472 -27.50643121 0.00000000
v 18.19978752 -27.60491156 0.00000000
v 18.28294020 -27.70413581 0.00000000
v 18.36546987 -27.80410742 0.00000000
v 18.44737370 -27.90482983 0.00000000
v 18.52864881 -28.00630652 0.00000000
v 18.60929234 -28.10854093 0.00000000
v 18.68930144 -28.21153653 0.00000000
v 18.76867324 -28.31529676 0.00000000
v 18.84740487 -28.41982509 0.00000000
v 18.92549349 -28.52512497 0.00000000
v 19.00293623 -28.63119986 0.00000000
v 19.07973022 -28.73805322 0.00000000
v 19.15587261 -28.84568850 0.00000000
v 19.23136054 -28.95410916 0.00000000
v 19.30619114 -29.06331865 0.00000000
v 19.38036156 -29.17332044 0.00000000
v 19.45386892 -29.28411797 0.00000000
v 19.52671038 -29.39571471 0.00000000
v 19.59888308 -29.50811411 0.00000000
v 19.67038414 -29.62131964 0.00000000
v 19.74121071 -29.73533473 0.00000000
v 19.81135993 -29.85016286 0.00000000
v 19.88082893 -29.96580748 0.00000000
v 19.94961486 -30.08227204 0.00000000
v 20.01771486 -30.19956001 0.00000000
v 20.08512606 -30.31767483 0.00000000
v 20.15184560 -30.43661997 0.00000000
v 20.21787063 -30.55639888 0.00000000
v 20.28319828 -30.67701502 0.00000000
v 20.34782569 -30.79847184 0.00000000
v 20.41174999 -30.92077281 0.00000000
v 20.47496834 -31.04392137 0.00000000
v 20.53747786 -31.16792099 0.00000000
v 20.59927570 -31.29277512 0.00000000
v 20.66035900 -31.41848722 0.00000000
v 20.72072489 -31.54506074 0.00000000
v 20.78037051 -31.67249915 0.00000000
v 20.83929300 -31.80080589 0.00000000
v 20.89748951 -31.92998443 0.00000000
v 20.95495717 -32.06003822 0.00000000
v 21.01169312 -32.19097072 0.00000000
v 21.06769449 -32.32278538 0.00000000
v 21.12295844 -32.45548567 0.00000000
v 21.17748209 -32.58907503 0.00000000
v 21.23126258 -32.72355693 0.00000000
v 21.28429707 -32.85893482 0.00000000
v 21.33658267 -32.99521215 0.00000000
v 21.38811654 -33.13239239 0.00000000
v 21.43889581 -33.27047900 0.00000000
v 21.48891762 -33.40947542 0.00000000
v 21.53817911 -33.54938511 0.00000000
v 21.58667742 -33.69021154 0.00000000
v 21.63440969 -33.83195815 0.00000000
v 21.68137305 -33.97462841 0.00000000
v 21.72756466 -34.11822577 0.00000000
v 21.77298163 -34.26275368 0.00000000
v 21.81762112 -34.40821561 0.00000000
v 21.86148027 -34.55461502 0.00000000
v 21.90455620 -34.70195535 0.00000000
v 21.94684607 -34.85024006 0.00000000
v 21.98834701 -34.99947261 0.00000000
v 22.02905615 -35.14965647 0.00000000
v 22.06897065 -35.30079507 0.00000000
v 22.10808763 -35.45289189 0.00000000
v 22.14640424 -35.60595038 0.00000000
v 22.18391762 -35.75997398 0.00000000
v 22.22062489 -35.91496617 0.00000000
v 22.25652322 -36.07093040 0.00000000
v 22.29160972 -36.22787012 0.00000000
v 22.32588155 -36.38578879 0.00000000
v 22.35827470 -36.54917691 0.00000000
v 22.37758340 -36.75379679 0.00000000
v 22.39272563 -36.95230955 0.00000000
v 22.40370748 -37.14472384 0.00000000
v 22.41053506 -37.33104834 0.00000000
v 22.41321445 -37.51129171 0.00000000
v 22.41175174 -37.68546261 0.00000000
v 22.40615304 -37.85356971 0.00000000
v 22.39642442 -38.01562168 0.00000000
v 22.38257198 -38.17162718 0.00000000
v 22.36460183 -38.32159488 0.00000000
v 22.34252004 -38.46553343 0.00000000
v 22.31633271 -38.60345152 0.00000000
v 22.28604594 -38.73535779 0.00000000
v 22.25166581 -38.86126093 0.00000000
v 22.21319842 -38.98116958 0.00000000
v 22.17064987 -39.09509242 0.00000000
v 22.12402624 -39.20303812 0.00000000
v 22.07333363 -39.30501533 0.00000000
v 22.01857813 -39.40103273 0.00000000
v 21.95976584 -39.49109898 0.00000000
v 21.89690284 -39.57522273 0.00000000
v 21.82999522 -39.65341267 0.00000000
v 21.75904910 -39.72567745 0.00000000
v 21.68407054 -39.79202575 0.00000000
v 21.60506565 -39.85246621 0.00000000
v 21.52204053 -39.90700752 0.00000000
v 21.43500125 -39.95565833 0.00000000
v 21.34395392 -39.99842731 0.00000000
v 21.24890463 -40.03532313 0.00000000
v 21.14985947 -40.06635445 0.00000000
v 21.04682454 -40.09152993 0.00000000
v 20.93980592 -40.11085825 0.00000000
v 20.82880971 -40.12434806 0.00000000
v 20.71384200 -40.13200803 0.00000000
v 20.59490889 -40.13384684 0.00000000
v 20.47201646 -40.12987313 0.00000000
v 20.34517082 -40.12009558 0.00000000
v 20.21437804 -40.10452286 0.00000000
v 20.07964424 -40.08316362 0.00000000
v 19.94097549 -40.05602653 0.00000000
v 19.79837789 -40.02312027 0.00000000
v 19.65185754 -39.98445349 0.00000000
v 19.50142052 -39.94003485 0.00000000
v 19.34707294 -39.88987304 0.00000000
v 19.18882087 -39.83397670 0.00000000
v 19.02667042 -39.77235450 0.00000000
v 18.86062768 -39.70501512 0.00000000
v 18.71607240 -39.64263958 0.00000000
v 18.57908084 -39.58220207 0.00000000
v 18.44262286 -39.52111455 0.00000000
v 18.30670042 -39.45938124 0.00000000
v 18.17131546 -39.39700635 0.00000000
v 18.03646992 -39.33399412 0.00000000
v 17.90216576 -39.27034877 0.00000000
v 17.76840493 -39.20607450 0.00000000
v 17.63518937 -39.14117556 0.00000000
v 17.50252103 -39.07565615 0.00000000
v 17.37040186 -39.00952050 0.00000000
v 17.23883380 -38.94277284 0.00000000
v 17.10781881 -38.87541737 0.00000000
v 16.97735882 -38.80745833 0.00000000
v 16.84745580 -38.73889994 0.00000000
v 16.71811169 -38.66974642 0.00000000
v 16.58932843 -38.60000198 0.00000000
v 16.46110797 -38.52967086 0.00000000
v 16.33345227 -38.45875727 0.00000000
v 16.20636326 -38.38726543 0.00000000
v 16.07984291 -38.31519957 0.00000000
v 15.95389314 -38.24256391 0.00000000
v 15.82851592 -38.16936267 0.00000000
v 15.70371319 -38.09560007 0.00000000
v 15.57948690 -38.02128033 0.00000000
v 15.45583899 -37.94640768 0.00000000
v 15.33277142 -37.87098633 0.00000000
v 15.21028613 -37.79502051 0.00000000
v 15.08838507 -37.71851444 0.00000000
v 14.96707019 -37.64147234 0.00000000
v 14.84634343 -37.56389843 0.00000000
v 14.72620675 -37.48579694 0.00000000
v 14.60666209 -37.40717208 0.00000000
v 14.48771140 -37.32802808 0.00000000
v 14.36935663 -37.24836916 0.00000000
v 14.25159972 -37.16819954 0.00000000
v 14.13444262 -37.08752344 0.00000000
v 14.01788729 -37.00634508 0.00000000
v 13.90193566 -36.92466870 0.00000000
v 13.78658969 -36.84249850 0.00000000
v 13.67185133 -36.75983870 0.00000000
v 13.55772252 -36.67669354 0.00000000
v 13.44420521 -36.59306723 0.00000000
v 13.33130134 -36.50896400 0.00000000
v 13.21901288 -36.42438806 0.00000000
v 13.10734175 -36.33934363 0.00000000
v 12.99628992 -36.25383495 0.00000000
v 12.88585933 -36.16786622 0.00000000
v 12.77605193 -36.08144168 0.00000000
v 12.66686966 -35.99456554 0.00000000
v 12.55831448 -35.90724203 0.00000000
v 12.45038832 -35.81947537 0.00000000
v 12.34309315 -35.73126977 0.00000000
v 12.23643090 -35.64262946 0.00000000
v 12.13040353 -35.55355866 0.00000000
v 12.02501298 -35.46406160 0.00000000
v 11.92026120 -35.37414250 0.00000000
v 11.81615015 -35.28380556 0.00000000
v 11.71268175 -35.19305503 0.00000000
v 11.60985798 -35.10189512 0.00000000
v 11.50768076 -35.01033005 0.00000000
v 11.40615205 -34.91836404 0.00000000
v 11.30527381 -34.82600132 0.00000000
v 11.20504797 -34.73324610 0.00000000
v 11.10547648 -34.64010262 0.00000000
v 11.00656129 -34.54657508 0.00000000
v 10.90830436 -34.45266771 0.00000000
v 10.81070762 -34.35838474 0.00000000
v 10.71377303 -34.26373038 0.00000000
v 10.61750253 -34.16870886 0.00000000
v 10.52189807 -34.07332439 0.00000000
v 10.42696160 -33.97758121 0.00000000
v 10.33269507 -33.88148353 0.00000000
v 10.23910042 -33.78503557 0.00000000
v 10.14617960 -33.68824155 0.00000000
v 10.05393457 -33.59110570 0.00000000
v 9.96236727 -33.49363224 0.00000000
v 9.87147964 -33.39582539 0.00000000
v 9.78127363 -33.29768936 0.00000000
v 9.69175120 -33.19922840 0.00000000
v 9.60291429 -33.10044670 0.00000000
v 9.51476484 -33.00134850 0.00000000
v 9.42730481 -32.90193802 0.00000000
v 9.34053615 -32.80221948 0.00000000
v 9.25446080 -32.70219710 0.00000000
v 9.16908070 -32.60187510 0.00000000
v 9.08439782 -32.50125771 0.00000000
v 9.00041408 -32.40034914 0.00000000
v 8.91713146 -32.29915362 0.00000000
v 8.83455188 -32.19767537 0.00000000
v 8.75267730 -32.09591861 0.00000000
v 8.67150967 -31.99388756 0.00000000
v 8.59105093 -31.89158644 0.00000000
v 8.51130304 -31.78901948 0.00000000
v 8.43226794 -31.68619090 0.00000000
v 8.35394757 -31.58310492 0.00000000
v 8.27634389 -31.47976576 0.00000000
v 8.19945885 -31.37617764 0.00000000
v 8.12329439 -31.27234478 0.00000000
v 8.04785245 -31.16827141 0.00000000
v 7.97313500 -31.06396174 0.00000000
v 7.89914397 -30.95942001 0.00000000
v 7.82588131 -30.85465042 0.00000000
v 7.75334898 -30.74965721 0.00000000
v 7.68154891 -30.64444459 0.00000000
v 7.61048307 -30.53901679 0.00000000
v 7.54015338 -30.43337802 0.00000000
v 7.47056182 -30.32753251 0.00000000
v 7.40171031 -30.22148448 0.00000000
v 7.33360081 -30.11523815 0.00000000
v 7.26623526 -30.00879775 0.00000000
v 7.19961562 -29.90216749 0.00000000
v 7.13374384 -29.79535160 0.00000000
v 7.06862185 -29.68835430 0.00000000
v 7.00425162 -29.58117980 0.00000000
v 6.94063507 -29.47383234 0.00000000
v 6.87777418 -29.36631613 0.00000000
v 6.81567087 -29.25863540 0.00000000
v 6.75432710 -29.15079436 0.00000000
v 6.69374483 -29.04279724 0.00000000
v 6.63392598 -28.93464826 0.00000000
v 6.57487252 -28.82635164 0.00000000
v 6.51658640 -28.71791161 0.00000000
v 6.45906955 -28.60933238 0.00000000
v 6.40232393 -28.50061817 0.00000000
v 6.34674988 -28.38285169 0.00000000
v 6.29333939 -28.25507162 0.00000000
v 6.24199395 -28.12668333 0.00000000
v 6.19270271 -27.99770635 0.00000000
v 6.14545482 -27.86816020 0.00000000
v 6.10023940 -27.73806438 0.00000000
v 6.05704562 -27.60743843 0.00000000
v 6.01586262 -27.47630186 0.00000000
v 5.97667954 -27.34467418 0.00000000
v 5.93948553 -27.21257492 0.00000000
v 5.90426974 -27.08002360 0.00000000
v 5.87102130 -26.94703973 0.00000000
v 5.83972937 -26.81364284 0.00000000
v 5.81038309 -26.67985243 0.00000000
v 5.78297161 -26.54568804 0.00000000
v 5.75748408 -26.41116918 0.00000000
v 5.73390963 -26.27631536 0.00000000
v 5.71223741 -26.14114611 0.00000000
v 5.69245657 -26.00568094 0.00000000
v 5.67455626 -25.86993938 0.00000000
v 5.65852562 -25.73394094 0.00000000
v 5.64435380 -25.59770515 0.00000000
v 5.63202993 -25.46125151 0.00000000
v 5.62154318 -25.32459955 0.00000000
v 5.61288268 -25.18776878 0.00000000
v 5.60603757 -25.05077873 0.00000000
v 5.60099701 -24.91364892 0.00000000
v 5.59775014 -24.77639886 0.00000000
v 5.59628611 -24.63904807 0.00000000
v 5.59659406 -24.50161607 0.00000000
v 5.59866313 -24.36412238 0.00000000
v 5.60248248 -24.22658652 0.00000000
v 5.60804124 -24.08902800 0.00000000
v 5.61532857 -23.95146635 0.00000000
v 5.62433361 -23.81392108 0.00000000
v 5.63504550 -23.67641172 0.00000000
v 5.64745339 -23.53895777 0.00000000
v 5.66154643 -23.40157877 0.00000000
v 5.67731376 -23.26429422 0.00000000
v 5.69474453 -23.12712365 0.00000000
v 5.71382787 -22.99008658 0.00000000
v 5.73455295 -22.85320252 0.00000000
v 5.75690890 -22.71649099 0.00000000
v 5.78088488 -22.57997151 0.00000000
v 5.80647001 -22.44366361 0.00000000
v 5.83365346 -22.30758679 0.00000000
v 5.86242436 -22.17176058 0.00000000
v 5.89277187 -22.03620450 0.00000000
v 5.92468512 -21.90093806 0.00000000
v 5.95815327 -21.76598078 0.00000000
v 5.99316545 -21.63135219 0.00000000
v 6.02971082 -21.49707180 0.00000000
v 6.06777852 -21.36315913 0.00000000
v 6.10735770 -21.22963369 0.00000000
v 6.14843750 -21.09651501 0.00000000
v 6.19100706 -20.96382261 0.00000000
v 6.23505554 -20.83157600 0.00000000
v 6.28057207 -20.69979471 0.00000000
v 6.32754581 -20.56849824 0.00000000
v 6.37596589 -20.43770613 0.00000000
v 6.42582148 -20.30743788 0.00000000
v 6.47710170 -20.17771303 0.00000000
v 6.52979571 -20.04855107 0.00000000
v 6.58389265 -19.91997155 0.00000000
v 6.63938166 -19.79199396 0.00000000
v 6.69625190 -19.66463784 0.00000000
v 6.75449251 -19.53792270 0.00000000
v 6.81409263 -19.41186806 0.00000000
v 6.87504142 -19.28649344 0.00000000
v 6.93732800 -19.16181835 0.00000000
v 7.00094154 -19.03786232 0.00000000
v 7.06587118 -18.91464486 0.00000000
v 7.13210605 -18.79218550 0.00000000
v 7.19963532 -18.67050374 0.00000000
v 7.26844812 -18.54961912 0.00000000
v 7.33853359 -18.42955115 0.00000000
v 7.40988089 -18.31031934 0.00000000
v 7.48247917 -18.19194322 0.00000000
v 7.55631755 -18.07444230 0.00000000
v 7.63138520 -17.95783611 0.00000000
v 7.70767126 -17.84214416 0.00000000
v 7.78516487 -17.72738597 0.00000000
v 7.86385517 -17.61358105 0.00000000
v 7.94373132 -17.50074894 0.00000000
v 8.02478246 -17.38890914 0.00000000
v 8.10699774 -17.27808118 0.00000000
v 8.19036629 -17.16828458 0.00000000
v 8.27487727 -17.05953884 0.00000000
v 8.36051983 -16.95186350 0.00000000
v 8.44728310 -16.84527806 0.00000000
v 8.53515623 -16.73980206 0.00000000
v 8.62412837 -16.63545500 0.00000000
v 8.71418867 -16.53225641 0.00000000
v 8.80532626 -16.43022580 0.00000000
v 8.89753031 -16.32938270 0.00000000
v 8.99078994 -16.22974662 0.00000000
v 9.08509431 -16.13133707 0.00000000
v 9.18043256 -16.03417359 0.00000000
v 9.27679384 -15.93827569 0.00000000
v 9.37416729 -15.84366288 0.00000000
v 9.47254206 -15.75035469 0.00000000
v 9.57190730 -15.65837063 0.00000000
v 9.67225214 -15.56773022 0.00000000
v 9.77356575 -15.47845299 0.00000000
v 9.87583725 -15.39055844 0.00000000
v 9.97905580 -15.30406611 0.00000000
v 10.08321054 -15.21899550 0.00000000
v 10.18829062 -15.13536613 0.00000000
v 10.29428519 -15.05319753 0.00000000
v 10.40118339 -14.97250922 0.00000000
v 10.50897436 -14.89332070 0.00000000
v 10.61764725 -14.81565151 0.00000000
v 10.72719120 -14.73952116 0.00000000
v 10.83759537 -14.66494916 0.00000000
v 10.94884890 -14.59195504 0.00000000
v 11.06094093 -14.52055831 0.00000000
v 11.17386061 -14.45077850 0.00000000
v 11.28759708 -14.38263512 0.00000000
v 11.40213949 -14.31614770 0.00000000
v 11.51747699 -14.25133574 0.00000000
v 11.63359872 -14.18821877 0.00000000
v 11.75049382 -14.12681631 0.00000000
v 11.86815145 -14.06714787 0.00000000
v 11.98656075 -14.00923298 0.00000000
v 12.10571086 -13.95309115 0.00000000
v 12.22559093 -13.89874190 0.00000000
v 12.34619010 -13.84620476 0.00000000
v 12.46749752 -13.79549923 0.00000000
v 12.58950234 -13.74664484 0.00000000
v 12.71219371 -13.69966110 0.00000000
v 12.83556075 -13.65456755 0.00000000
v 12.95959264 -13.61138368 0.00000000
v 13.08427850 -13.57012903 0.00000000
v 13.20960748 -13.53082311 0.00000000
v 13.33556873 -13.49348544 0.00000000
v 13.46215140 -13.45813553 0.00000000
v 13.58934463 -13.42479292 0.00000000
v 13.71713757 -13.39347711 0.00000000
v 13.84551935 -13.36420762 0.00000000
v 13.97447914 -13.33700398 0.00000000
v 14.10400607 -13.31188570 10.00000000
v 14.23408929 -13.28887229 10.00000000
v 14.37255476 -13.25984230 10.00000000
v 14.51093241 -13.23124440 10.00000000
v 14.64922231 -13.20307818 10.00000000
v 14.78742451 -13.17534323 10.00000000
v 14.92553905 -13.14803912 10.00000000
v 15.06356601 -13.12116543 10.00000000
v 15.20150543 -13.09472175 10.00000000
v 15.33935737 -13.06870766 10.00000000
v 15.47712189 -13.04312274 10.00000000
v 15.61479904 -13.01796658 10.00000000
v 15.75238887 -12.99323874 10.00000000
v 15.88989145 -12.96893882 10.00000000
v 16.02730683 -12.94506640 10.00000000
v 16.16463506 -12.92162105 10.00000000
v 16.30187620 -12.89860237 10.00000000
v 16.43903031 -12.87600992 10.00000000
v 16.57609744 -12.85384330 10.00000000
v 16.71307766 -12.83210208 10.00000000
v 16.84997100 -12.81078584 10.00000000
v 16.98677753 -12.78989417 10.00000000
v 17.12349731 -12.76942665 10.00000000
v 17.26013039 -12.74938286 10.00000000
v 17.39667683 -12.72976238 10.00000000
v 17.53313668 -12.71056480 10.00000000
v 17.66951000 -12.69178968 10.00000000
v 17.80579684 -12.67343663 10.00000000
v 17.94199727 -12.65550521 10.00000000
v 18.07811133 -12.63799500 10.00000000
v 18.21413908 -12.62090560 10.00000000
v 18.35008058 -12.60423658 10.00000000
v 18.48593588 -12.58798753 10.00000000
v 18.62170505 -12.57215801 10.00000000
v 18.75738813 -12.55674763 10.00000000
v 18.89298517 -12.54175595 10.00000000
v 19.02849625 -12.52718256 10.00000000
v 19.16392141 -12.51302704 10.00000000
v 19.29926070 -12.49928898 10.00000000
v 19.43451419 -12.48596794 10.00000000
v 19.56968193 -12.47306353 10.00000000
v 19.70476398 -12.46057530 10.00000000
v 19.83976039 -12.44850286 10.00000000
v 19.97467121 -12.43684578 10.00000000
v 20.10949651 -12.42560364 10.00000000
v 20.24423634 -12.41477602 10.00000000
v 20.37889075 -12.40436250 10.00000000
v 20.51345980 -12.39436267 10.00000000
v 20.64794355 -12.38477611 10.00000000
v 20.78234205 -12.37560239 10.00000000
v 20.91665536 -12.36684111 10.00000000
v 21.05088353 -12.35849184 10.00000000
v 21.18502662 -12.35055416 10.00000000
v 21.31908469 -12.34302765 10.00000000
v 21.45305778 -12.33591190 10.00000000
v 21.58694597 -12.32920649 10.00000000
v 21.72074930 -12.32291100 10.00000000
v 21.85446782 -12.31702501 10.00000000
v 21.98810160 -12.31154810 10.00000000
v 22.12165069 -12.30647985 10.00000000
v 22.25511515 -12.30181985 10.00000000
v 22.38849503 -12.29756768 10.00000000
v 22.52179038 -12.29372291 10.00000000
v 22.65500127 -12.29028513 10.00000000
v 22.78812775 -12.28725393 10.00000000
v 22.92116987 -12.28462887 10.00000000
v 23.05412769 -12.28240955 10.00000000
v 23.18700127 -12.28059555 10.00000000
v 23.31979067 -12.27918644 10.00000000
v 23.45249593 -12.27818182 10.00000000
v 23.58511711 -12.27758125 10.00000000
v 23.71772369 -12.27738432 10.00000000
v 23.85605982 -12.27760926 10.00000000
v 23.99430528 -12.27827338 10.00000000
v 24.13246017 -12.27937619 10.00000000
v 24.27052458 -12.28091720 10.00000000
v 24.40849861 -12.28289593 10.00000000
v 24.54638237 -12.28531187 10.00000000
v 24.68417594 -12.28816454 10.00000000
v 24.82187944 -12.29145344 10.00000000
v 24.95949295 -12.29517810 10.00000000
v 25.09701657 -12.29933801 10.00000000
v 25.23445041 -12.30393269 10.00000000
v 25.37179456 -12.30896165 10.00000000
v 25.50904913 -12.31442439 10.00000000
v 25.64621420 -12.32032043 10.00000000
v 25.78328988 -12.32664928 10.00000000
v 25.92027626 -12.33341044 10.00000000
v 26.05717345 -12.34060342 10.00000000
v 26.19398154 -12.34822774 10.00000000
v 26.33070064 -12.35628290 10.00000000
v 26.46733083 -12.36476842 10.00000000
v 26.60387222 -12.37368380 10.00000000
v 26.74032491 -12.38302855 10.00000000
v 26.87668900 -12.39280218 10.00000000
v 27.01296458 -12.40300420 10.00000000
v 27.14915175 -12.41363413 10.00000000
v 27.28525061 -12.42469146 10.00000000
v 27.42126126 -12.43617572 10.00000000
v 27.55718380 -12.44808641 10.00000000
v 27.69301832 -12.46042303 10.00000000
v 27.82876493 -12.47318510 10.00000000
v 27.96442372 -12.48637213 10.00000000
v 28.09999480 -12.49998363 10.00000000
v 28.23547825 -12.51401911 10.00000000
v 28.37087418 -12.52847807 10.00000000
v 28.50618269 -12.54336003 10.00000000
v 28.64140387 -12.55866450 10.00000000
v 28.77653783 -12.57439098 10.00000000
v 28.91158466 -12.59053899 10.00000000
v 29.04654446 -12.60710803 10.00000000
v 29.18141733 -12.62409762 10.00000000
v 29.31620337 -12.64150726 10.00000000
v 29.45090268 -12.65933646 10.00000000
v 29.58551535 -12.67758474 10.00000000
v 29.72004148 -12.69625160 10.00000000
v 29.85448117 -12.71533655 10.00000000
v 29.98883453 -12.73483910 10.00000000
v 30.12310164 -12.75475876 10.00000000
v 30.25728261 -12.77509505 10.00000000
v 30.39137754 -12.79584746 10.00000000
v 30.52538652 -12.81701552 10.00000000
v 30.65930965 -12.83859872 10.00000000
v 30.79314703 -12.86059659 10.00000000
v 30.92689876 -12.88300862 10.00000000
v 31.06056494 -12.90583433 10.00000000
v 31.19414567 -12.92907323 10.00000000
v 31.32764104 -12.95272482 10.00000000
v 31.46105115 -12.97678862 10.00000000
v 31.59437611 -13.00126414 10.00000000
v 31.72761600 -13.02615089 10.00000000
v 31.86077094 -13.05144837 10.00000000
v 31.99384101 -13.07715609 10.00000000
v 32.12682632 -13.10327357 10.00000000
v 32.25972696 -13.12980031 10.00000000
v 32.39254303 -13.15673583 10.00000000
v 32.52527464 -13.18407963 10.00000000
v 32.65792187 -13.21183122 10.00000000
v 32.79048483 -13.23999012 10.00000000
v 32.92296362 -13.26855582 10.00000000
v 33.05535833 -13.29752785 10.00000000
v 33.18766907 -13.32690571 10.00000000
v 33.31989593 -13.35668891 10.00000000
v 33.45203901 -13.38687696 10.00000000
v 33.58409840 -13.41746937 10.00000000
v 33.71607422 -13.44846565 10.00000000
v 33.84796655 -13.47986531 10.00000000
v 33.97977549 -13.51166786 10.00000000
v 34.11150115 -13.54387280 10.00000000
v 34.24314362 -13.57647965 10.00000000
v 34.37470299 -13.60948792 10.00000000
v 34.50617938 -13.64289712 10.00000000
v 34.63757287 -13.67670675 10.00000000
v 34.76888357 -13.71091632 10.00000000
v 34.90011157 -13.74552536 10.00000000
v 35.03125697 -13.78053335 10.00000000
v 35.16231987 -13.81593982 10.00000000
v 35.29330037 -13.85174428 10.00000000
v 35.42419857 -13.88794623 10.00000000
v 35.55501457 -13.92454518 10.00000000
v 35.68574845 -13.96154064 10.00000000
v 35.81640033 -13.99893213 10.00000000
v 35.94697031 -14.03671915 10.00000000
v 36.07745847 -14.07490121 10.00000000
v 36.20786492 -14.11347782 10.00000000
v 36.33818975 -14.15244849 10.00000000
v 36.46843307 -14.19181273 10.00000000
v 36.59859498 -14.23157005 10.00000000
v 36.72867557 -14.27171996 10.00000000
v 36.85867493 -14.31226197 10.00000000
v 36.98859318 -14.35319558 10.00000000
v 37.11843040 -14.39452032 10.00000000
v 37.24818670 -14.43623568 10.00000000
v 37.37786217 -14.47834117 10.00000000
v 37.50745692 -14.52083632 10.00000000
v 37.63697104 -14.56372062 10.00000000
v 37.76640462 -14.60699358 10.00000000
v 37.89575778 -14.65065472 10.00000000
v 38.02503060 -14.69470355 10.00000000
v 38.15422319 -14.73913957 10.00000000
v 38.28333564 -14.78396229 10.00000000
v 38.41236805 -14.82917123 10.00000000
v 38.54132052 -14.87476588 10.00000000
v 38.67019315 -14.92074578 10.00000000
v 38.79898604 -14.96711041 10.00000000
v 38.92769929 -15.01385929 10.00000000
v 39.05633299 -15.06099194 10.00000000
v 39.18488724 -15.10850785 10.00000000
v 39.31336214 -15.15640655 10.00000000
v 39.44175779 -15.20468754 10.00000000
v 39.57007429 -15.25335032 10.00000000
v 39.69831174 -15.30239442 10.00000000
v 39.82647024 -15.35181933 10.00000000
v 39.95454987 -15.40162457 10.00000000
v 40.08255075 -15.45180965 10.00000000
v 40.21047297 -15.50237407 10.00000000
v 40.33831663 -15.55331735 10.00000000
v 40.46608182 -15.60463900 10.00000000
v 40.59376866 -15.65633853 10.00000000
v 40.72137722 -15.70841543 10.00000000
v 40.84890762 -15.76086924 10.00000000
v 40.97635995 -15.81369945 10.00000000
v 41.10373431 -15.86690557 10.00000000
v 41.23103080 -15.92048711 10.00000000
v 41.35824952 -15.97444359 10.00000000
v 41.48539056 -16.02877451 10.00000000
v 41.61245402 -16.08347938 10.00000000
v 41.73944001 -16.13855772 10.00000000
v 41.88937018 -16.21517350 10.00000000
v 42.03473454 -16.29558216 10.00000000
v 42.16998404 -16.37540934 10.00000000
v 42.29515865 -16.45471750 10.00000000
v 42.41029834 -16.53356910 10.00000000
v 42.51544306 -16.61202658 10.00000000
v 42.61063278 -16.69015240 10.00000000
v 42.69590746 -16.76800900 10.00000000
v 42.77130707 -16.84565885 10.00000000
v 42.83687158 -16.92316440 10.00000000
v 42.89264094 -17.00058809 10.00000000
v 42.93865512 -17.07799238 10.00000000
v 42.97495409 -17.15543972 10.00000000
v 43.00157780 -17.23299256 10.00000000
v 43.01856623 -17.31071337 10.00000000
v 43.02595933 -17.38866458 10.00000000
v 43.02379708 -17.46690865 10.00000000
v 43.01211942 -17.54550804 10.00000000
v 42.99096634 -17.62452519 10.00000000
v 42.96037779 -17.70402256 10.00000000
v 42.92039374 -17.78406261 10.00000000
v 42.87105414 -17.86470777 10.00000000
v 42.81239897 -17.94602052 10.00000000
v 42.74446819 -18.02806329 10.00000000
v 42.66730176 -18.11089854 10.00000000
v 42.58093965 -18.19458873 10.00000000
v 42.48542181 -18.27919630 10.00000000
v 42.38078823 -18.36478371 10.00000000
v 42.26707885 -18.45141342 10.00000000
v 42.14433364 -18.53914786 10.00000000
v 42.01259257 -18.62804950 10.00000000
v 41.87189560 -18.71818079 10.00000000
v 41.72228269 -18.80960418 10.00000000
v 41.56379381 -18.90238213 10.00000000
v 41.39646893 -18.99657708 10.00000000
v 41.22034800 -19.09225149 10.00000000
v 41.03547099 -19.18946780 10.00000000
v 40.84187786 -19.28828848 10.00000000
v 40.63960859 -19.38877598 10.00000000
v 40.42870312 -19.49099275 10.00000000
v 40.20920144 -19.59500123 10.00000000
v 40.06649613 -19.65143356 10.00000000
v 39.93536601 -19.70054937 10.00000000
v 39.80420001 -19.74923647 10.00000000
v 39.67299814 -19.79749530 10.00000000
v 39.54176046 -19.84532626 10.00000000
v 39.41048698 -19.89272977 10.00000000
v 39.27917776 -19.93970626 10.00000000
v 39.14783282 -19.98625615 10.00000000
v 39.01645221 -20.03237984 10.00000000
v 38.88503595 -20.07807776 10.00000000
v 38.75358409 -20.12335033 10.00000000
v 38.62209666 -20.16819796 10.00000000
v 38.49057370 -20.21262108 10.00000000
v 38.35901524 -20.25662010 10.00000000
v 38.22742132 -20.30019543 10.00000000
v 38.09579198 -20.34334751 10.00000000
v 37.96412724 -20.38607674 10.00000000
v 37.83242716 -20.42838355 10.00000000
v 37.70069175 -20.47026835 10.00000000
v 37.56892107 -20.51173156 10.00000000
v 37.43711515 -20.55277360 10.00000000
v 37.30527401 -20.59339488 10.00000000
v 37.17339771 -20.63359583 10.00000000
v 37.04148626 -20.67337687 10.00000000
v 36.90953972 -20.71273841 10.00000000
v 36.77755812 -20.75168086 10.00000000
v 36.64554149 -20.79020466 10.00000000
v 36.51348987 -20.82831021 10.00000000
v 36.38140329 -20.86599794 10.00000000
v 36.24928179 -20.90326826 10.00000000
v 36.11712542 -20.94012160 10.00000000
v 35.98493419 -20.97655836 10.00000000
v 35.85270816 -21.01257897 10.00000000
v 35.72044735 -21.04818384 10.00000000
v 35.58815180 -21.08337341 10.00000000
v 35.45582155 -21.11814807 10.00000000
v 35.32345664 -21.15250825 10.00000000
v 35.19105709 -21.18645438 10.00000000
v 35.05862295 -21.21998686 10.00000000
v 34.92615426 -21.25310611 10.00000000
v 34.79365104 -21.28581256 10.00000000
v 34.66111334 -21.31810662 10.00000000
v 34.52854119 -21.34998871 10.00000000
v 34.39593462 -21.38145925 10.00000000
v 34.26329368 -21.41251866 10.00000000
v 34.13061840 -21.44316735 10.00000000
v 33.99790882 -21.47340575 10.00000000
v 33.86516496 -21.50323426 10.00000000
v 33.73238688 -21.53265332 10.00000000
v 33.59957460 -21.56166333 10.00000000
v 33.46672815 -21.59026472 10.00000000
v 33.33384759 -21.61845791 10.00000000
v 33.20093294 -21.64624330 10.00000000
v 33.06798423 -21.67362133 10.00000000
v 32.93500151 -21.70059241 10.00000000
v 32.80198481 -21.72715695 10.00000000
v 32.66893417 -21.75331538 10.00000000
v 32.53584962 -21.77906811 10.00000000
v 32.40273120 -21.80441557 10.00000000
v 32.26957895 -21.82935816 10.00000000
v 32.13639289 -21.85389632 10.00000000
v 32.00317308 -21.87803044 10.00000000
v 31.86991954 -21.90176097 10.00000000
v 31.73663230 -21.92508831 10.00000000
v 31.60331142 -21.94801288 10.00000000
v 31.46995691 -21.97053509 10.00000000
v 31.33656883 -21.99265538 10.00000000
v 31.20314720 -22.01437415 10.00000000
v 31.06969206 -22.03569183 10.00000000
v 30.93620344 -22.05660883 10.00000000
v 30.80268139 -22.07712557 10.00000000
v 30.66912594 -22.09724247 10.00000000
v 30.53553712 -22.11695994 10.00000000
v 30.40191498 -22.13627841 10.00000000
v 30.26825954 -22.15519830 10.00000000
v 30.13457084 -22.17372001 10.00000000
v 30.00084893 -22.19184398 10.00000000
v 29.86709383 -22.20957061 10.00000000
v 29.73330558 -22.22690034 10.00000000
v 29.59948422 -22.24383356 10.00000000
v 29.46562979 -22.26037071 10.00000000
v 29.33174231 -22.27651220 10.00000000
v 29.19782183 -22.29225845 10.00000000
v 29.06386839 -22.30760988 10.00000000
v 28.92988201 -22.32256690 10.00000000
v 28.79586274 -22.33712994 10.00000000
v 28.66181060 -22.35129941 10.00000000
v 28.52772565 -22.36507573 10.00000000
v 28.39360791 -22.37845932 10.00000000
v 28.25945742 -22.39145060 10.00000000
v 28.12527421 -22.40404998 10.00000000
v 27.99105833 -22.41625789 10.00000000
v 27.85680980 -22.42807473 10.00000000
v 27.72252867 -22.43950094 10.00000000
v 27.58821496 -22.45053693 10.00000000
v 27.45386873 -22.46118311 10.00000000
v 27.31948999 -22.47143991 10.00000000
v 27.18507880 -22.48130774 10.00000000
v 27.05063518 -22.49078702 10.00000000
v 26.91615916 -22.49987817 10.00000000
v 26.78165080 -22.50858160 10.00000000
v 26.64711012 -22.51689775 10.00000000
v 26.51253716 -22.52482702 10.00000000
v 26.37793195 -22.53236983 10.00000000
v 26.24329454 -22.53952660 10.00000000
v 26.10862495 -22.54629775 10.00000000
v 25.97392323 -22.55268369 10.00000000
v 25.83918940 -22.55868486 10.00000000
v 25.70442351 -22.56430165 10.00000000
v 25.56962560 -22.56953450 10.00000000
v 25.43479569 -22.57438382 10.00000000
v 25.29993383 -22.57885002 10.00000000
v 25.16504005 -22.58293353 10.00000000
v 25.03011438 -22.58663477 10.00000000
v 24.89515687 -22.58995415 10.00000000
v 24.76016754 -22.59289209 10.00000000
v 24.62514644 -22.59544901 10.00000000
v 24.49009360 -22.59762533 10.00000000
v 24.35500906 -22.59942146 10.00000000
v 24.21989286 -22.60083783 10.00000000
v 24.08474502 -22.60187485 10.00000000
v 23.94956559 -22.60253294 10.00000000
v 23.81435460 -22.60281252 10.00000000
v 23.67911208 -22.60271400 10.00000000
v 23.54383809 -22.60223781 10.00000000
v 23.40853264 -22.60138437 10.00000000
v 23.27319578 -22.60015408 10.00000000
v 23.13782754 -22.59854738 10.00000000
v 23.00242796 -22.59656467 10.00000000
v 22.86699707 -22.59420638 10.00000000
v 22.73153492 -22.59147293 10.00000000
v 22.59604153 -22.58836473 10.00000000
v 22.46051694 -22.58488220 10.00000000
v 22.32496120 -22.58102576 10.00000000
v 22.18937433 -22.57679582 10.00000000
v 22.05375637 -22.57219281 10.00000000
v 21.91810736 -22.56721715 10.00000000
v 21.78242734 -22.56186925 10.00000000
v 21.64671633 -22.55614952 10.00000000
v 21.51097438 -22.55005840 10.00000000
v 21.37520152 -22.54359630 10.00000000
v 21.23939779 -22.53676362 10.00000000
v 21.10356323 -22.52956081 10.00000000
v 20.96769786 -22.52198826 10.00000000
v 20.83180173 -22.51404640 10.00000000
v 20.69587488 -22.50573566 10.00000000
v 20.55991733 -22.49705643 10.00000000
v 20.42392913 -22.48800916 10.00000000
v 20.28791032 -22.47859424 10.00000000
v 20.15186091 -22.46881211 10.00000000
v 20.01578097 -22.45866318 10.00000000
v 19.87967051 -22.44814786 10.00000000
v 19.74352958 -22.43726658 10.00000000
v 19.60735821 -22.42601975 10.00000000
v 19.47115644 -22.41440779 10.00000000
v 19.33492430 -22.40243113 10.00000000
v 19.19866183 -22.39009017 10.00000000
v 19.06236907 -22.37738535 10.00000000
v 18.92604605 -22.36431706 10.00000000
v 18.78969281 -22.35088574 10.00000000
v 18.65330939 -22.33709180 10.00000000
v 18.51689582 -22.32293566 10.00000000
v 18.38045213 -22.30841774 10.00000000
v 18.24397837 -22.29353846 10.00000000
v 18.10747457 -22.27829822 10.00000000
v 17.97094076 -22.26269747 10.00000000
v 17.83437699 -22.24673660 10.00000000
v 17.69778328 -22.23041604 10.00000000
v 17.56115968 -22.21373621 10.00000000
v 17.42450621 -22.19669753 10.00000000
v 17.28782293 -22.17930041 10.00000000
v 17.15110985 -22.16154527 10.00000000
v 17.01436703 -22.14343253 10.00000000
v 16.87759449 -22.12496261 10.00000000
v 16.74079227 -22.10613592 10.00000000
v 16.60396040 -22.08695290 10.00000000
v 16.46709893 -22.06741394 10.00000000
v 16.33020789 -22.04751948 10.00000000
v 16.19328732 -22.02726992 10.00000000
v 16.05633724 -22.00666570 10.00000000
v 15.91935771 -21.98570722 10.00000000
v 15.78234875 -21.96439490 10.00000000
v 15.64531039 -21.94272917 10.00000000
v 15.50824269 -21.92071044 10.00000000
v 15.37114566 -21.89833913 10.00000000
v 15.23401936 -21.87561565 10.00000000
v 15.09686381 -21.85254043 10.00000000
v 14.95967905 -21.82911389 10.00000000
v 14.82246512 -21.80533643 10.00000000
v 14.68522204 -21.78120849 10.00000000
v 14.54794987 -21.75673047 10.00000000
v 14.41064864 -21.73190281 10.00000000
v 14.25618919 -21.70241199 10.00000000
v 14.05831426 -21.66843060 10.00000000
v 13.87154396 -21.64724461 10.00000000
v 13.69606255 -21.63826120 10.00000000
v 13.53205434 -21.64088758 10.00000000
v 13.37970358 -21.65453095 10.00000000
v 13.23919457 -21.67859849 10.00000000
v 13.11071158 -21.71249742 10.00000000
v 12.99443890 -21.75563492 10.00000000
v 12.89056080 -21.80741819 10.00000000
v 12.79926156 -21.86725444 10.00000000
v 12.72072547 -21.93455086 10.00000000
v 12.65513681 -22.00871465 10.00000000
v 12.60267984 -22.08915300 10.00000000
v 12.56353887 -22.17527311 10.00000000
v 12.53789816 -22.26648219 10.00000000
v 12.52594199 -22.36218742 10.00000000
v 12.52785465 -22.46179602 10.00000000
v 12.54382041 -22.56471516 10.00000000
v 12.57402356 -22.67035206 10.00000000
v 12.61864837 -22.77811391 10.00000000
v 12.67787913 -22.88740790 10.00000000
v 12.75190012 -22.99764124 10.00000000
v 12.84089561 -23.10822113 10.00000000
v 12.94504989 -23.21855475 10.00000000
v 13.06454723 -23.32804932 10.00000000
v 13.19957193 -23.43611202 10.00000000
v 13.35030824 -23.54215005 10.00000000
v 13.51694047 -23.64557062 10.00000000
v 13.64158565 -23.72070431 10.00000000
v 13.75079185 -23.78870192 10.00000000
v 13.85950952 -23.85728442 10.00000000
v 13.96773580 -23.92645527 10.00000000
v 14.07546783 -23.99621793 10.00000000
v 14.18270275 -24.06657585 10.00000000
v 14.28943770 -24.13753249 10.00000000
v 14.39566981 -24.20909131 10.00000000
v 14.50139623 -24.28125576 10.00000000
v 14.60661410 -24.35402930 10.00000000
v 14.71132055 -24.42741539 10.00000000
v 14.81551272 -24.50141749 10.00000000
v 14.91918776 -24.57603904 10.00000000
v 15.02234279 -24.65128351 10.00000000
v 15.12497497 -24.72715436 10.00000000
v 15.22708143 -24.80365503 10.00000000
v 15.32865930 -24.88078900 10.00000000
v 15.42970574 -24.95855970 10.00000000
v 15.53021787 -25.03697061 10.00000000
v 15.63019283 -25.11602517 10.00000000
v 15.72962777 -25.19572685 10.00000000
v 15.82851982 -25.27607909 10.00000000
v 15.92686613 -25.35708537 10.00000000
v 16.02466382 -25.43874912 10.00000000
v 16.12191005 -25.52107382 10.00000000
v 16.21860195 -25.60406291 10.00000000
v 16.31473665 -25.68771986 10.00000000
v 16.41031131 -25.77204812 10.00000000
v 16.50532305 -25.85705114 10.00000000
v 16.59976902 -25.94273239 10.00000000
v 16.69364635 -26.02909531 10.00000000
v 16.78695218 -26.11614338 10.00000000
v 16.87968366 -26.20388003 10.00000000
v 16.97183792 -26.29230874 10.00000000
v 17.06341210 -26.38143295 10.00000000
v 17.15440334 -26.47125613 10.00000000
v 17.24480878 -26.56178172 10.00000000
v 17.33462556 -26.65301319 10.00000000
v 17.42385082 -26.74495400 10.00000000
v 17.51248169 -26.83760759 10.00000000
v 17.60051531 -26.93097743 10.00000000
v 17.68794883 -27.02506697 10.00000000
v 17.77477939 -27.11987968 10.00000000
v 17.86100411 -27.21541900 10.00000000
v 17.94662015 -27.31168839 10.00000000
v 18.03162464 -27.40869131 10.00000000
v 18.11601472 -27.50643121 10.00000000
v 18.19978752 -27.60491156 10.00000000
v 18.28294020 -27.70413581 10.00000000
v 18.36546987 -27.80410742 10.00000000
v 18.44737370 -27.90482983 10.00000000
v 18.52864881 -28.00630652 10.00000000
v 18.60929234 -28.10854093 10.00000000
v 18.68930144 -28.21153653 10.00000000
v 18.76867324 -28.31529676 10.00000000
v 18.84740487 -28.41982509 10.00000000
v 18.92549349 -28.52512497 10.00000000
v 19.00293623 -28.63119986 10.00000000
v 19.07973022 -28.73805322 10.00000000
v 19.15587261 -28.84568850 10.00000000
v 19.23136054 -28.95410916 10.00000000
v 19.30619114 -29.06331865 10.00000000
v 19.38036156 -29.17332044 10.00000000
v 19.45386892 -29.28411797 10.00000000
v 19.52671038 -29.39571471 10.00000000
v 19.59888308 -29.50811411 10.00000000
v 19.67038414 -29.62131964 10.00000000
v 19.74121071 -29.73533473 10.00000000
v 19.81135993 -29.85016286 10.00000000
v 19.88082893 -29.96580748 10.00000000
v 19.94961486 -30.08227204 10.00000000
v 20.01771486 -30.19956001 10.00000000
v 20.08512606 -30.31767483 10.00000000
v 20.15184560 -30.43661997 10.00000000
v 20.21787063 -30.55639888 10.00000000
v 20.28319828 -30.67701502 10.00000000
v 20.34782569 -30.79847184 10.00000000
v 20.41174999 -30.92077281 10.00000000
v 20.47496834 -31.04392137 10.00000000
v 20.53747786 -31.16792099 10.00000000
v 20.59927570 -31.29277512 10.00000000
v 20.66035900 -31.41848722 10.00000000
v 20.72072489 -31.54506074 10.00000000
v 20.78037051 -31.67249915 10.00000000
v 20.83929300 -31.80080589 10.00000000
v 20.89748951 -31.92998443 10.00000000
v 20.95495717 -32.06003822 10.00000000
v 21.01169312 -32.19097072 10.00000000
v 21.06769449 -32.32278538 10.00000000
v 21.12295844 -32.45548567 10.00000000
v 21.17748209 -32.58907503 10.00000000
v 21.23126258 -32.72355693 10.00000000
v 21.28429707 -32.85893482 10.00000000
v 21.33658267 -32.99521215 10.00000000
v 21.38811654 -33.13239239 10.00000000
v 21.43889581 -33.27047900 10.00000000
v 21.48891762 -33.40947542 10.00000000
v 21.53817911 -33.54938511 10.00000000
v 21.58667742 -33.69021154 10.00000000
v 21.63440969 -33.83195815 10.00000000
v 21.68137305 -33.97462841 10.00000000
v 21.72756466 -34.11822577 10.00000000
v 21.77298163 -34.26275368 10.00000000
v 21.81762112 -34.40821561 10.00000000
v 21.86148027 -34.55461502 10.00000000
v 21.90455620 -34.70195535 10.00000000
v 21.94684607 -34.85024006 10.00000000
v 21.98834701 -34.99947261 10.00000000
v 22.02905615 -35.14965647 10.00000000
v 22.06897065 -35.30079507 10.00000000
v 22.10808763 -35.45289189 10.00000000
v 22.14640424 -35.60595038 10.00000000
v 22.18391762 -35.75997398 10.00000000
v 22.22062489 -35.91496617 10.00000000
v 22.25652322 -36.07093040 10.00000000
v 22.29160972 -36.22787012 10.00000000
v 22.32588155 -36.38578879 10.00000000
v 22.35827470 -36.54917691 10.00000000
v 22.37758340 -36.75379679 10.00000000
v 22.39272563 -36.95230955 10.00000000
v 22.40370748 -37.14472384 10.00000000
v 22.41053506 -37.33104834 10.00000000
v 22.41321445 -37.51129171 10.00000000
v 22.41175174 -37.68546261 10.00000000
v 22.40615304 -37.85356971 10.00000000
v 22.39642442 -38.01562168 10.00000000
v 22.38257198 -38.17162718 10.00000000
v 22.36460183 -38.32159488 10.00000000
v 22.34252004 -38.46553343 10.00000000
v 22.31633271 -38.60345152 10.00000000
v 22.28604594 -38.73535779 10.00000000
v 22.25166581 -38.86126093 10.00000000
v 22.21319842 -38.98116958 10.00000000
v 22.17064987 -39.09509242 10.00000000
v 22.12402624 -39.20303812 10.00000000
v 22.07333363 -39.30501533 10.00000000
v 22.01857813 -39.40103273 10.00000000
v 21.95976584 -39.49109898 10.00000000
v 21.89690284 -39.57522273 10.00000000
v 21.82999522 -39.65341267 10.00000000
v 21.75904910 -39.72567745 10.00000000
v 21.68407054 -39.79202575 10.00000000
v 21.60506565 -39.85246621 10.00000000
v 21.52204053 -39.90700752 10.00000000
v 21.43500125 -39.95565833 10.00000000
v 21.34395392 -39.99842731 10.00000000
v 21.24890463 -40.03532313 10.00000000
v 21.14985947 -40.06635445 10.00000000
v 21.04682454 -40.09152993 10.00000000
v 20.93980592 -40.11085825 10.00000000
v 20.82880971 -40.12434806 10.00000000
v 20.71384200 -40.13200803 10.00000000
v 20.59490889 -40.13384684 10.00000000
v 20.47201646 -40.12987313 10.00000000
v 20.34517082 -40.12009558 10.00000000
v 20.21437804 -40.10452286 10.00000000
v 20.07964424 -40.08316362 10.00000000
v 19.94097549 -40.05602653 10.00000000
v 19.79837789 -40.02312027 10.00000000
v 19.65185754 -39.98445349 10.00000000
v 19.50142052 -39.94003485 10.00000000
v 19.34707294 -39.88987304 10.00000000
v 19.18882087 -39.83397670 10.00000000
v 19.02667042 -39.77235450 10.00000000
v 18.86062768 -39.70501512 10.00000000
v 18.71607240 -39.64263958 10.00000000
v 18.57908084 -39.58220207 10.00000000
v 18.44262286 -39.52111455 10.00000000
v 18.30670042 -39.45938124 10.00000000
v 18.17131546 -39.39700635 10.00000000
v 18.03646992 -39.33399412 10.00000000
v 17.90216576 -39.27034877 10.00000000
v 17.76840493 -39.20607450 10.00000000
v 17.63518937 -39.14117556 10.00000000
v 17.50252103 -39.07565615 10.00000000
v 17.37040186 -39.00952050 10.00000000
v 17.23883380 -38.94277284 10.00000000
v 17.10781881 -38.87541737 10.00000000
v 16.97735882 -38.80745833 10.00000000
v 16.84745580 -38.73889994 10.00000000
v 16.71811169 -38.66974642 10.00000000
v 16.58932843 -38.60000198 10.00000000
v 16.46110797 -38.52967086 10.00000000
v 16.33345227 -38.45875727 10.00000000
v 16.20636326 -38.38726543 10.00000000
v 16.07984291 -38.31519957 10.00000000
v 15.95389314 -38.24256391 10.00000000
v 15.82851592 -38.16936267 10.00000000
v 15.70371319 -38.09560007 10.00000000
v 15.57948690 -38.02128033 10.00000000
v 15.45583899 -37.94640768 10.00000000
v 15.33277142 -37.87098633 10.00000000
v 15.21028613 -37.79502051 10.00000000
v 15.08838507 -37.71851444 10.00000000
v 14.96707019 -37.64147234 10.00000000
v 14.84634343 -37.56389843 10.00000000
v 14.72620675 -37.48579694 10.00000000
v 14.60666209 -37.40717208 10.00000000
v 14.48771140 -37.32802808 10.00000000
v 14.36935663 -37.24836916 10.00000000
v 14.25159972 -37.16819954 10.00000000
v 14.13444262 -37.08752344 10.00000000
v 14.01788729 -37.00634508 10.00000000
v 13.90193566 -36.92466870 10.00000000
v 13.78658969 -36.84249850 10.00000000
v 13.67185133 -36.75983870 10.00000000
v 13.55772252 -36.67669354 10.00000000
v 13.44420521 -36.59306723 10.00000000
v 13.33130134 -36.50896400 10.00000000
v 13.21901288 -36.42438806 10.00000000
v 13.10734175 -36.33934363 10.00000000
v 12.99628992 -36.25383495 10.00000000
v 12.88585933 -36.16786622 10.00000000
v 12.77605193 -36.08144168 10.00000000
v 12.66686966 -35.99456554 10.00000000
v 12.55831448 -35.90724203 10.00000000
v 12.45038832 -35.81947537 10.00000000
v 12.34309315 -35.73126977 10.00000000
v 12.23643090 -35.64262946 10.00000000
v 12.13040353 -35.55355866 10.00000000
v 12.02501298 -35.46406160 10.00000000
v 11.92026120 -35.37414250 10.00000000
v 11.81615015 -35.28380556 10.00000000
v 11.71268175 -35.19305503 10.00000000
v 11.60985798 -35.10189512 10.00000000
v 11.50768076 -35.01033005 10.00000000
v 11.40615205 -34.91836404 10.00000000
v 11.30527381 -34.82600132 10.00000000
v 11.20504797 -34.73324610 10.00000000
v 11.10547648 -34.64010262 10.00000000
v 11.00656129 -34.54657508 10.00000000
v 10.90830436 -34.45266771 10.00000000
v 10.81070762 -34.35838474 10.00000000
v 10.71377303 -34.26373038 10.00000000
v 10.61750253 -34.16870886 10.00000000
v 10.52189807 -34.07332439 10.00000000
v 10.42696160 -33.97758121 10.00000000
v 10.33269507 -33.88148353 10.00000000
v 10.23910042 -33.78503557 10.00000000
v 10.14617960 -33.68824155 10.00000000
v 10.05393457 -33.59110570 10.00000000
v 9.96236727 -33.49363224 10.00000000
v 9.87147964 -33.39582539 10.00000000
v 9.78127363 -33.29768936 10.00000000
v 9.69175120 -33.19922840 10.00000000
v 9.60291429 -33.10044670 10.00000000
v 9.51476484 -33.00134850 10.00000000
v 9.42730481 -32.90193802 10.00000000
v 9.34053615 -32.80221948 10.00000000
v 9.25446080 -32.70219710 10.00000000
v 9.16908070 -32.60187510 10.00000000
v 9.08439782 -32.50125771 10.00000000
v 9.00041408 -32.40034914 10.00000000
v 8.91713146 -32.29915362 10.00000000
v 8.83455188 -32.19767537 10.00000000
v 8.75267730 -32.09591861 10.00000000
v 8.67150967 -31.99388756 10.00000000
v 8.59105093 -31.89158644 10.00000000
v 8.51130304 -31.78901948 10.00000000
v 8.43226794 -31.68619090 10.00000000
v 8.35394757 -31.58310492 10.00000000
v 8.27634389 -31.47976576 10.00000000
v 8.19945885 -31.37617764 10.00000000
v 8.12329439 -31.27234478 10.00000000
v 8.04785245 -31.16827141 10.00000000
v 7.97313500 -31.06396174 10.00000000
v 7.89914397 -30.95942001 10.00000000
v 7.82588131 -30.85465042 10.00000000
v 7.75334898 -30.74965721 10.00000000
v 7.68154891 -30.64444459 10.00000000
v 7.61048307 -30.53901679 10.00000000
v 7.54015338 -30.43337802 10.00000000
v 7.47056182 -30.32753251 10.00000000
v 7.40171031 -30.22148448 10.00000000
v 7.33360081 -30.11523815 10.00000000
v 7.26623526 -30.00879775 10.00000000
v 7.19961562 -29.90216749 10.00000000
v 7.13374384 -29.79535160 10.00000000
v 7.06862185 -29.68835430 10.00000000
v 7.00425162 -29.58117980 10.00000000
v 6.94063507 -29.47383234 10.00000000
v 6.87777418 -29.36631613 10.00000000
v 6.81567087 -29.25863540 10.00000000
v 6.75432710 -29.15079436 10.00000000
v 6.69374483 -29.04279724 10.00000000
v 6.63392598 -28.93464826 10.00000000
v 6.57487252 -28.82635164 10.00000000
v 6.51658640 -28.71791161 10.00000000
v 6.45906955 -28.60933238 10.00000000
v 6.40232393 -28.50061817 10.00000000
v 6.34674988 -28.38285169 10.00000000
v 6.29333939 -28.25507162 10.00000000
v 6.24199395 -28.12668333 10.00000000
v 6.19270271 -27.99770635 10.00000000
v 6.14545482 -27.86816020 10.00000000
v 6.10023940 -27.73806438 10.00000000
v 6.05704562 -27.60743843 10.00000000
v 6.01586262 -27.47630186 10.00000000
v 5.97667954 -27.34467418 10.00000000
v 5.93948553 -27.21257492 10.00000000
v 5.90426974 -27.08002360 10.00000000
v 5.87102130 -26.94703973 10.00000000
v 5.83972937 -26.81364284 10.00000000
v 5.81038309 -26.67985243 10.00000000
v 5.78297161 -26.54568804 10.00000000
v 5.75748408 -26.41116918 10.00000000
v 5.73390963 -26.27631536 10.00000000
v 5.71223741 -26.14114611 10.00000000
v 5.69245657 -26.00568094 10.00000000
v 5.67455626 -25.86993938 10.00000000
v 5.65852562 -25.73394094 10.00000000
v 5.64435380 -25.59770515 10.00000000
v 5.63202993 -25.46125151 10.00000000
v 5.62154318 -25.32459955 10.00000000
v 5.61288268 -25.18776878 10.00000000
v 5.60603757 -25.05077873 10.00000000
v 5.60099701 -24.91364892 10.00000000
v 5.59775014 -24.77639886 10.00000000
v 5.59628611 -24.63904807 10.00000000
v 5.59659406 -24.50161607 10.00000000
v 5.59866313 -24.36412238 10.00000000
v 5.60248248 -24.22658652 10.00000000
v 5.60804124 -24.08902800 10.00000000
v 5.61532857 -23.95146635 10.00000000
v 5.62433361 -23.81392108 10.00000000
v 5.63504550 -23.67641172 10.00000000
v 5.64745339 -23.53895777 10.00000000
v 5.66154643 -23.40157877 10.00000000
v 5.67731376 -23.26429422 10.00000000
v 5.69474453 -23.12712365 10.00000000
v 5.71382787 -22.99008658 10.00000000
v 5.73455295 -22.85320252 10.00000000
v 5.75690890 -22.71649099 10.00000000
v 5.78088488 -22.57997151 10.00000000
v 5.80647001 -22.44366361 10.00000000
v 5.83365346 -22.30758679 10.00000000
v 5.86242436 -22.17176058 10.00000000
v 5.89277187 -22.03620450 10.00000000
v 5.92468512 -21.90093806 10.00000000
v 5.95815327 -21.76598078 10.00000000
v 5.99316545 -21.63135219 10.00000000
v 6.02971082 -21.49707180 10.00000000
v 6.06777852 -21.36315913 10.00000000
v 6.10735770 -21.22963369 10.00000000
v 6.14843750 -21.09651501 10.00000000
v 6.19100706 -20.96382261 10.00000000
v 6.23505554 -20.83157600 10.00000000
v 6.28057207 -20.69979471 10.00000000
v 6.32754581 -20.56849824 10.00000000
v 6.37596589 -20.43770613 10.00000000
v 6.42582148 -20.30743788 10.00000000
v 6.47710170 -20.17771303 10.00000000
v 6.52979571 -20.04855107 10.00000000
v 6.58389265 -19.91997155 10.00000000
v 6.63938166 -19.79199396 10.00000000
v 6.69625190 -19.66463784 10.00000000
v 6.75449251 -19.53792270 10.00000000
v 6.81409263 -19.41186806 10.00000000
v 6.87504142 -19.28649344 10.00000000
v 6.93732800 -19.16181835 10.00000000
v 7.00094154 -19.03786232 10.00000000
v 7.06587118 -18.91464486 10.00000000
v 7.13210605 -18.79218550 10.00000000
v 7.19963532 -18.67050374 10.00000000
v 7.26844812 -18.54961912 10.00000000
v 7.33853359 -18.42955115 10.00000000
v 7.40988089 -18.31031934 10.00000000
v 7.48247917 -18.19194322 10.00000000
v 7.55631755 -18.07444230 10.00000000
v 7.63138520 -17.95783611 10.00000000
v 7.70767126 -17.84214416 10.00000000
v 7.78516487 -17.72738597 10.00000000
v 7.86385517 -17.61358105 10.00000000
v 7.94373132 -17.50074894 10.00000000
v 8.02478246 -17.38890914 10.00000000
v 8.10699774 -17.27808118 10.00000000
v 8.19036629 -17.16828458 10.00000000
v 8.27487727 -17.05953884 10.00000000
v 8.36051983 -16.95186350 10.00000000
v 8.44728310 -16.84527806 10.00000000
v 8.53515623 -16.73980206 10.00000000
v 8.62412837 -16.63545500 10.00000000
v 8.71418867 -16.53225641 10.00000000
v 8.80532626 -16.43022580 10.00000000
v 8.89753031 -16.32938270 10.00000000
v 8.99078994 -16.22974662 10.00000000
v 9.08509431 -16.13133707 10.00000000
v 9.18043256 -16.03417359 10.00000000
v 9.27679384 -15.93827569 10.00000000
v 9.37416729 -15.84366288 10.00000000
v 9.47254206 -15.75035469 10.00000000
v 9.57190730 -15.65837063 10.00000000
v 9.67225214 -15.56773022 10.00000000
v 9.77356575 -15.47845299 10.00000000
v 9.87583725 -15.39055844 10.00000000
v 9.97905580 -15.30406611 10.00000000
v 10.08321054 -15.21899550 10.00000000
v 10.18829062 -15.13536613 10.00000000
v 10.29428519 -15.05319753 10.00000000
v 10.40118339 -14.97250922 10.00000000
v 10.50897436 -14.89332070 10.00000000
v 10.61764725 -14.81565151 10.00000000
v 10.72719120 -14.73952116 10.00000000
v 10.83759537 -14.66494916 10.00000000
v 10.94884890 -14.59195504 10.00000000
v 11.06094093 -14.52055831 10.00000000
v 11.17386061 -14.45077850 10.00000000
v 11.28759708 -14.38263512 10.00000000
v 11.40213949 -14.31614770 10.00000000
v 11.51747699 -14.25133574 10.00000000
v 11.63359872 -14.18821877 10.00000000
v 11.75049382 -14.12681631 10.00000000
v 11.86815145 -14.06714787 10.00000000
v 11.98656075 -14.00923298 10.00000000
v 12.10571086 -13.95309115 10.00000000
v 12.22559093 -13.89874190 10.00000000
v 12.34619010 -13.84620476 10.00000000
v 12.46749752 -13.79549923 10.00000000
v 12.58950234 -13.74664484 10.00000000
v 12.71219371 -13.69966110 10.00000000
v 12.83556075 -13.65456755 10.00000000
v 12.95959264 -13.61138368 10.00000000
v 13.08427850 -13.57012903 10.00000000
v 13.20960748 -13.53082311 10.00000000
v 13.33556873 -13.49348544 10.00000000
v 13.46215140 -13.45813553 10.00000000
v 13.58934463 -13.42479292 10.00000000
v 13.71713757 -13.39347711 10.00000000
v 13.84551935 -13.36420762 10.00000000
v 13.97447914 -13.33700398 10.00000000
v -5.04316627 47.32627980 0.00000000
v -4.82730952 47.68846030 0.00000000
v -4.61131665 48.02798071 0.00000000
v -4.39518565 48.34390696 0.00000000
v -4.17891451 48.63530502 0.00000000
v -3.96250123 48.90124083 0.00000000
v -3.74594379 49.14078034 0.00000000
v -3.52924018 49.35298949 0.00000000
v -3.31238841 49.53693423 0.00000000
v -3.09538645 49.69168051 0.00000000
v -2.87823230 49.81629428 0.00000000
v -2.66092396 49.90984149 0.00000000
v -2.44345941 49.97138808 0.00000000
v -2.22583664 50.00000000 0.00000000
v -2.01039189 49.99512343 0.00000000
v -1.79608993 49.95671520 0.00000000
v -1.58165189 49.88390802 0.00000000
v -1.36706702 49.77582022 0.00000000
v -1.15232456 49.63157014 0.00000000
v -0.93741376 49.45027614 0.00000000
v -0.72232388 49.23105654 0.00000000
v -0.50704416 48.97302969 0.00000000
v -0.29156385 48.67531394 0.00000000
v -0.07587219 48.33702762 0.00000000
v 0.14004157 47.95728907 0.00000000
v 0.32620142 47.62368803 0.00000000
v 0.49321484 47.33277435 0.00000000
v 0.65761072 47.04206029 0.00000000
v 0.81940195 46.75154495 0.00000000
v 0.97860146 46.46122742 0.00000000
v 1.13522213 46.17110678 0.00000000
v 1.28927689 45.88118212 0.00000000
v 1.44077863 45.59145252 0.00000000
v 1.58974026 45.30191708 0.00000000
v 1.73617469 45.01257489 0.00000000
v 1.88009482 44.72342502 0.00000000
v 2.02151357 44.43446656 0.00000000
v 2.16044382 44.14569862 0.00000000
v 2.29689850 43.85712026 0.00000000
v 2.43089050 43.56873058 0.00000000
v 2.56243273 43.28052867 0.00000000
v 2.69153810 42.99251362 0.00000000
v 2.81821952 42.70468451 0.00000000
v 2.94248989 42.41704042 0.00000000
v 3.06436211 42.12958045 0.00000000
v 3.18384909 41.84230369 0.00000000
v 3.30096374 41.55520921 0.00000000
v 3.41571897 41.26829612 0.00000000
v 3.52812767 40.98156349 0.00000000
v 3.63820276 40.69501042 0.00000000
v 3.74595714 40.40863599 0.00000000
v 3.85140371 40.12243928 0.00000000
v 3.95455539 39.83641940 0.00000000
v 4.05542508 39.55057541 0.00000000
v 4.15402568 39.26490642 0.00000000
v 4.25037010 38.97941151 0.00000000
v 4.34447125 38.69408976 0.00000000
v 4.43634203 38.40894027 0.00000000
v 4.52599535 38.12396211 0.00000000
v 4.61344411 37.83915439 0.00000000
v 4.69870122 37.55451618 0.00000000
v 4.78177959 37.27004658 0.00000000
v 4.86269212 36.98574466 0.00000000
v 4.94145171 36.70160953 0.00000000
v 5.01807128 36.41764026 0.00000000
v 5.09256373 36.13383594 0.00000000
v 5.16494196 35.85019567 0.00000000
v 5.23521889 35.56671852 0.00000000
v 5.30340741 35.28340359 0.00000000
v 5.36952043 35.00024996 0.00000000
v 5.43357087 34.71725672 0.00000000
v 5.49557161 34.43442296 0.00000000
v 5.55553558 34.15174777 0.00000000
v 5.61347567 33.86923023 0.00000000
v 5.66940480 33.58686943 0.00000000
v 5.72333586 33.30466445 0.00000000
v 5.77528177 33.02261440 0.00000000
v 5.82525542 32.74071834 0.00000000
v 5.87681310 32.43449718 0.00000000
v 5.92647874 32.12549559 0.00000000
v 5.97381921 31.81667369 0.00000000
v 6.01885131 31.50803014 0.00000000
v 6.06159184 31.19956363 0.00000000
v 6.10205760 30.89127282 0.00000000
v 6.14026539 30.58315638 0.00000000
v 6.17623200 30.27521298 0.00000000
v 6.20997424 29.96744130 0.00000000
v 6.24150890 29.65984000 0.00000000
v 6.27085278 29.35240776 0.00000000
v 6.29802268 29.04514325 0.00000000
v 6.32303540 28.73804514 0.00000000
v 6.34590774 28.43111210 0.00000000
v 6.36665650 28.12434281 0.00000000
v 6.38529847 27.81773592 0.00000000
v 6.40185045 27.51129012 0.00000000
v 6.41632925 27.20500408 0.00000000
v 6.42875166 26.89887646 0.00000000
v 6.43913447 26.59290594 0.00000000
v 6.44749450 26.28709120 0.00000000
v 6.45384853 25.98143089 0.00000000
v 6.45821337 25.67592369 0.00000000
v 6.46060581 25.37056828 0.00000000
v 6.46104266 25.06536332 0.00000000
v 6.45954070 24.76030748 0.00000000
v 6.45611675 24.45539944 0.00000000
v 6.45078759 24.15063787 0.00000000
v 6.44357004 23.84602144 0.00000000
v 6.43448088 23.54154882 0.00000000
v 6.42353691 23.23721868 0.00000000
v 6.41075494 22.93302969 0.00000000
v 6.39615176 22.62898053 0.00000000
v 6.37974417 22.32506986 0.00000000
v 6.36154897 22.02129636 0.00000000
v 6.34158296 21.71765870 0.00000000
v 6.31986293 21.41415554 0.00000000
v 6.29640569 21.11078557 0.00000000
v 6.27122804 20.80754744 0.00000000
v 6.24434677 20.50443984 0.00000000
v 6.21577867 20.20146143 0.00000000
v 6.18554056 19.89861088 0.00000000
v 6.15364923 19.59588688 0.00000000
v 6.12012148 19.29328807 0.00000000
v 6.08497410 18.99081315 0.00000000
v 6.04822389 18.68846078 0.00000000
v 6.00988766 18.38622963 0.00000000
v 5.96998220 18.08411837 0.00000000
v 5.92852431 17.78212567 0.00000000
v 5.88553079 17.48025020 0.00000000
v 5.84101844 17.17849065 0.00000000
v 5.79500406 16.87684567 0.00000000
v 5.74750444 16.57531393 0.00000000
v 5.69853638 16.27389412 0.00000000
v 5.64811669 15.97258490 0.00000000
v 5.59626216 15.67138493 0.00000000
v 5.54298958 15.37029290 0.00000000
v 5.48831577 15.06930748 0.00000000
v 5.43225751 14.76842733 0.00000000
v 5.37483161 14.46765113 0.00000000
v 5.31605487 14.16697754 0.00000000
v 5.25594408 13.86640524 0.00000000
v 5.19451603 13.56593291 0.00000000
v 5.13178754 13.26555920 0.00000000
v 5.06777540 12.96528280 0.00000000
v 5.00249641 12.66510237 0.00000000
v 4.93596736 12.36501658 0.00000000
v 4.86820506 12.06502412 0.00000000
v 4.79922630 11.76512363 0.00000000
v 4.72904788 11.46531381 0.00000000
v 4.65768661 11.16559332 0.00000000
v 4.58515927 10.86596083 0.00000000
v 4.51148267 10.56641501 0.00000000
v 4.43667361 10.26695453 0.00000000
v 4.36074889 9.96757807 0.00000000
v 4.28372530 9.66828429 0.00000000
v 4.20561964 9.36907187 0.00000000
v 4.12644871 9.06993948 0.00000000
v 4.04622932 8.77088579 0.00000000
v 3.96497825 8.47190947 0.00000000
v 3.88271231 8.17300919 0.00000000
v 3.79944830 7.87418362 0.00000000
v 3.71520301 7.57543144 0.00000000
v 3.62999325 7.27675132 0.00000000
v 3.54383580 6.97814192 0.00000000
v 3.45623864 6.67623383 0.00000000
v 3.33544136 6.08273393 0.00000000
v 3.24730750 5.55999839 0.00000000
v 3.19089505 5.10599241 0.00000000
v 3.16526196 4.71868120 0.00000000
v 3.16946621 4.39602997 0.00000000
v 3.20256576 4.13600394 0.00000000
v 3.26361858 3.93656829 0.00000000
v 3.35168263 3.79568826 0.00000000
v 3.46581588 3.71132903 0.00000000
v 3.60507630 3.68145583 0.00000000
v 3.76852186 3.70403386 0.00000000
v 3.79611838 3.68285043 0.00000000
v 3.86008021 3.75215500 0.00000000
v 4.14996964 4.06434873 0.00000000
v 4.44096110 4.37581208 0.00000000
v 4.73304661 4.68652212 0.00000000
v 5.02621815 4.99645591 0.00000000
v 5.32046776 5.30559051 0.00000000
v 5.61578742 5.61390299 0.00000000
v 5.91216915 5.92137040 0.00000000
v 6.20960496 6.22796982 0.00000000
v 6.50808686 6.53367830 0.00000000
v 6.80760685 6.83847290 0.00000000
v 7.10815693 7.14233070 0.00000000
v 7.40972913 7.44522875 0.00000000
v 7.71231543 7.74714412 0.00000000
v 8.01590786 8.04805387 0.00000000
v 8.32049842 8.34793506 0.00000000
v 8.62607912 8.64676476 0.00000000
v 8.93264196 8.94452003 0.00000000
v 9.24017895 9.24117793 0.00000000
v 9.54868210 9.53671553 0.00000000
v 9.85814342 9.83110989 0.00000000
v 10.16855492 10.12433807 0.00000000
v 10.47990859 10.41637714 0.00000000
v 10.79219646 10.70720415 0.00000000
v 11.10541052 10.99679618 0.00000000
v 11.41954278 11.28513029 0.00000000
v 11.73458526 11.57218353 0.00000000
v 12.05052996 11.85793297 0.00000000
v 12.36736888 12.14235568 0.00000000
v 12.68509404 12.42542872 0.00000000
v 13.00369744 12.70712915 0.00000000
v 13.32317110 12.98743403 0.00000000
v 13.64350700 13.26632043 0.00000000
v 13.96469718 13.54376541 0.00000000
v 14.28673362 13.81974604 0.00000000
v 14.60960834 14.09423937 0.00000000
v 14.93331335 14.36722248 0.00000000
v 15.25784066 14.63867241 0.00000000
v 15.58318227 14.90856625 0.00000000
v 15.90933018 15.17688104 0.00000000
v 16.23627642 15.44359386 0.00000000
v 16.56401298 15.70868177 0.00000000
v 16.89253187 15.97212182 0.00000000
v 17.22182510 16.23389109 0.00000000
v 17.55188468 16.49396663 0.00000000
v 17.88270261 16.75232551 0.00000000
v 18.21427090 17.00894480 0.00000000
v 18.54658157 17.26380155 0.00000000
v 18.87962661 17.51687283 0.00000000
v 19.21339803 17.76813570 0.00000000
v 19.54788785 18.01756722 0.00000000
v 19.88308807 18.26514447 0.00000000
v 20.21899069 18.51084449 0.00000000
v 20.55558773 18.75464436 0.00000000
v 20.89287119 18.99652114 0.00000000
v 21.23083308 19.23645189 0.00000000
v 21.56946541 19.47441368 0.00000000
v 21.90876018 19.71038356 0.00000000
v 22.24870941 19.94433860 0.00000000
v 22.58930509 20.17625587 0.00000000
v 22.93053924 20.40611242 0.00000000
v 23.27240387 20.63388532 0.00000000
v 23.61489098 20.85955164 0.00000000
v 23.95799258 21.08308843 0.00000000
v 24.30170067 21.30447276 0.00000000
v 24.64600727 21.52368170 0.00000000
v 24.99090438 21.74069230 0.00000000
v 25.33638401 21.95548163 0.00000000
v 25.68243817 22.16802676 0.00000000
v 26.02905887 22.37830474 0.00000000
v 26.37623810 22.58629264 0.00000000
v 26.72396789 22.79196752 0.00000000
v 27.07224023 22.99530644 0.00000000
v 27.42104714 23.19628648 0.00000000
v 27.77038062 23.39488468 0.00000000
v 28.12023268 23.59107813 0.00000000
v 28.47059533 23.78484386 0.00000000
v 28.82146057 23.97615897 0.00000000
v 29.17282041 24.16500049 0.00000000
v 29.52466687 24.35134550 0.00000000
v 29.87699194 24.53517107 0.00000000
v 30.22978764 24.71645424 0.00000000
v 30.57996443 24.90846002 0.00000000
v 30.91995345 25.08501585 0.00000000
v 31.24960748 25.24608495 0.00000000
v 31.56877931 25.39163049 0.00000000
v 31.87732172 25.52161568 0.00000000
v 32.17508750 25.63600372 0.00000000
v 32.46192943 25.73475780 0.00000000
v 32.73770030 25.81784112 0.00000000
v 33.00225289 25.88521687 0.00000000
v 33.25543999 25.93684825 0.00000000
v 33.49711438 25.97269845 0.00000000
v 33.72712885 25.99273068 0.00000000
v 33.95557200 25.99670702 0.00000000
v 34.20169600 25.97970078 0.00000000
v 34.43021301 25.93956030 0.00000000
v 34.64086451 25.87622003 0.00000000
v 34.83339202 25.78961437 0.00000000
v 35.00753703 25.67967775 0.00000000
v 35.16304103 25.54634461 0.00000000
v 35.29964553 25.38954935 0.00000000
v 35.41709201 25.20922641 0.00000000
v 35.51512200 25.00531021 0.00000000
v 35.59347696 24.77773517 0.00000000
v 35.65189842 24.52643572 0.00000000
v 35.69012786 24.25134628 0.00000000
v 35.70790679 23.95240128 0.00000000
v 35.70497669 23.62953514 0.00000000
v 35.68107908 23.28268228 0.00000000
v 35.63595544 22.91177713 0.00000000
v 35.56934727 22.51675412 0.00000000
v 35.48099608 22.09754766 0.00000000
v 35.37064336 21.65409218 0.00000000
v 35.23803061 21.18632211 0.00000000
v 35.08289933 20.69417187 0.00000000
v 34.91881994 20.16979723 0.00000000
v 34.75814562 19.64146052 0.00000000
v 34.59733558 19.11871714 0.00000000
v 34.43639182 18.60154293 0.00000000
v 34.27531637 18.08991373 0.00000000
v 34.11411125 17.58380537 0.00000000
v 33.95277847 17.08319371 0.00000000
v 33.79132006 16.58805457 0.00000000
v 33.62973803 16.09836381 0.00000000
v 33.46803442 15.61409726 0.00000000
v 33.30621123 15.13523077 0.00000000
v 33.14427049 14.66174018 0.00000000
v 32.98221421 14.19360132 0.00000000
v 32.82004443 13.73079003 0.00000000
v 32.65776315 13.27328217 0.00000000
v 32.49537240 12.82105357 0.00000000
v 32.33287420 12.37408006 0.00000000
v 32.17027056 11.93233750 0.00000000
v 32.00756352 11.49580173 0.00000000
v 31.84475508 11.06444857 0.00000000
v 31.68184727 10.63825389 0.00000000
v 31.51884211 10.21719351 0.00000000
v 31.35574162 9.80124327 0.00000000
v 31.19254782 9.39037902 0.00000000
v 31.02926273 8.98457661 0.00000000
v 30.86588836 8.58381186 0.00000000
v 30.70242675 8.18806063 0.00000000
v 30.53887990 7.79729874 0.00000000
v 30.37524985 7.41150206 0.00000000
v 30.21153860 7.03064640 0.00000000
v 30.04774819 6.65470762 0.00000000
v 29.88388062 6.28366156 0.00000000
v 29.71993792 5.91748406 0.00000000
v 29.55592212 5.55615095 0.00000000
v 29.39183522 5.19963809 0.00000000
v 29.22767926 4.84792130 0.00000000
v 29.06345624 4.50097644 0.00000000
v 28.89916820 4.15877934 0.00000000
v 28.73481714 3.82130584 0.00000000
v 28.57040510 3.48853179 0.00000000
v 28.40593409 3.16043303 0.00000000
v 28.24140613 2.83698539 0.00000000
v 28.07682324 2.51816472 0.00000000
v 27.91218744 2.20394686 0.00000000
v 27.74750076 1.89430765 0.00000000
v 27.58276520 1.58922294 0.00000000
v 27.41798280 1.28866855 0.00000000
v 27.25315557 0.99262034 0.00000000
v 27.08828553 0.70105414 0.00000000
v 26.92337470 0.41394580 0.00000000
v 26.75842511 0.13127115 0.00000000
v 26.59343877 -0.14699395 0.00000000
v 26.42841770 -0.42087368 0.00000000
v 26.26336392 -0.69039219 0.00000000
v 26.09827945 -0.95557364 0.00000000
v 25.93316632 -1.21644219 0.00000000
v 25.76802654 -1.47302199 0.00000000
v 25.60286214 -1.72533721 0.00000000
v 25.43767512 -1.97341201 0.00000000
v 25.27246753 -2.21727053 0.00000000
v 25.10724136 -2.45693696 0.00000000
v 24.94199865 -2.69243543 0.00000000
v 24.77674141 -2.92379011 0.00000000
v 24.61147166 -3.15102517 0.00000000
v 24.44619143 -3.37416475 0.00000000
v 24.28090274 -3.59323302 0.00000000
v 24.11560759 -3.80825414 0.00000000
v 23.95030802 -4.01925226 0.00000000
v 23.78500605 -4.22625155 0.00000000
v 23.61970369 -4.42927616 0.00000000
v 23.45440297 -4.62835025 0.00000000
v 23.28910590 -4.82349799 0.00000000
v 23.12381450 -5.01474352 0.00000000
v 22.95853080 -5.20211101 0.00000000
v 22.79325681 -5.38562463 0.00000000
v 22.62799457 -5.56530852 0.00000000
v 22.46274607 -5.74118684 0.00000000
v 22.29751335 -5.91328376 0.00000000
v 22.13229843 -6.08162344 0.00000000
v 21.96710332 -6.24623002 0.00000000
v 21.80193005 -6.40712768 0.00000000
v 21.63678063 -6.56434057 0.00000000
v 21.47165709 -6.71789286 0.00000000
v 21.30656145 -6.86780868 0.00000000
v 21.14149572 -7.01411222 0.00000000
v 20.97646193 -7.15682762 0.00000000
v 20.81146210 -7.29597905 0.00000000
v 20.64649824 -7.43159067 0.00000000
v 20.48157238 -7.56368663 0.00000000
v 20.31668654 -7.69229109 0.00000000
v 20.15184273 -7.81742821 0.00000000
v 19.98704298 -7.93912215 0.00000000
v 19.82228931 -8.05739707 0.00000000
v 19.65758373 -8.17227713 0.00000000
v 19.49292827 -8.28378649 0.00000000
v 19.32832496 -8.39194930 0.00000000
v 19.16377579 -8.49678973 0.00000000
v 18.99928281 -8.59833193 0.00000000
v 18.83484802 -8.69660006 0.00000000
v 18.67047346 -8.79161829 0.00000000
v 18.50616113 -8.88341077 0.00000000
v 18.34191306 -8.97200166 0.00000000
v 18.17773126 -9.05741511 0.00000000
v 18.01361777 -9.13967530 0.00000000
v 17.84957459 -9.21880637 0.00000000
v 17.68560376 -9.29483249 0.00000000
v 17.52170728 -9.36777781 0.00000000
v 17.35788718 -9.43766650 0.00000000
v 17.19414548 -9.50452271 0.00000000
v 17.03048421 -9.56837060 0.00000000
v 16.86690537 -9.62923433 0.00000000
v 16.70341098 -9.68713806 0.00000000
v 16.54000308 -9.74210594 0.00000000
v 16.37668368 -9.79416215 0.00000000
v 16.21345480 -9.84333083 0.00000000
v 16.05031846 -9.88963615 0.00000000
v 15.88727668 -9.93310226 0.00000000
v 15.72433148 -9.97375332 0.00000000
v 15.56148488 -10.01161350 0.00000000
v 15.39873890 -10.04670695 0.00000000
v 15.23609556 -10.07905783 0.00000000
v 15.07355689 -10.10869029 0.00000000
v 14.91112489 -10.13562851 0.00000000
v 14.74880159 -10.15989663 0.00000000
v 14.58658902 -10.18151882 0.00000000
v 14.42448919 -10.20051923 0.00000000
v 14.28549863 -10.19718827 0.00000000
v 14.57196078 -9.82700307 0.00000000
v 14.85292780 -9.46048402 0.00000000
v 15.12845614 -9.09759348 0.00000000
v 15.39860224 -8.73829380 0.00000000
v 15.66342255 -8.38254736 0.00000000
v 15.92297351 -8.03031651 0.00000000
v 16.17731156 -7.68156362 0.00000000
v 16.42649315 -7.33625106 0.00000000
v 16.67057472 -6.99434117 0.00000000
v 16.90961271 -6.65579633 0.00000000
v 17.14366357 -6.32057890 0.00000000
v 17.37278375 -5.98865123 0.00000000
v 17.59702968 -5.65997570 0.00000000
v 17.81645780 -5.33451467 0.00000000
v 18.03112457 -5.01223049 0.00000000
v 18.24108643 -4.69308553 0.00000000
v 18.44639982 -4.37704216 0.00000000
v 18.64712118 -4.06406273 0.00000000
v 18.84330695 -3.75410961 0.00000000
v 19.03501359 -3.44714516 0.00000000
v 19.22229753 -3.14313174 0.00000000
v 19.40521522 -2.84203172 0.00000000
v 19.58382310 -2.54380745 0.00000000
v 19.75817762 -2.24842131 0.00000000
v 19.92833521 -1.95583565 0.00000000
v 20.09435233 -1.66601283 0.00000000
v 20.25628541 -1.37891523 0.00000000
v 20.41419090 -1.09450519 0.00000000
v 20.56812525 -0.81274509 0.00000000
v 20.71814489 -0.53359728 0.00000000
v 20.86430627 -0.25702413 0.00000000
v 21.00666584 0.01701200 0.00000000
v 21.14528003 0.28854875 0.00000000
v 21.28020530 0.55762375 0.00000000
v 21.41149808 0.82427464 0.00000000
v 21.53921482 1.08853906 0.00000000
v 21.66341196 1.35045465 0.00000000
v 21.78414594 1.61005905 0.00000000
v 21.90147322 1.86738988 0.00000000
v 22.01545023 2.12248480 0.00000000
v 22.12613341 2.37538143 0.00000000
v 22.23357922 2.62611741 0.00000000
v 22.33784409 2.87473039 0.00000000
v 22.43898446 3.12125800 0.00000000
v 22.53705679 3.36573787 0.00000000
v 22.63211752 3.60820764 0.00000000
v 22.72422308 3.84870496 0.00000000
v 22.81342992 4.08726746 0.00000000
v 22.89979449 4.32393278 0.00000000
v 22.98337323 4.55873854 0.00000000
v 23.06422258 4.79172240 0.00000000
v 23.14239898 5.02292199 0.00000000
v 23.21795889 5.25237495 0.00000000
v 23.29095874 5.48011891 0.00000000
v 23.36145498 5.70619151 0.00000000
v 23.42950405 5.93063039 0.00000000
v 23.49516239 6.15347319 0.00000000
v 23.55848645 6.37475754 0.00000000
v 23.61953267 6.59452108 0.00000000
v 23.67835750 6.81280145 0.00000000
v 23.73501738 7.02963629 0.00000000
v 23.78956875 7.24506323 0.00000000
v 23.84206806 7.45911991 0.00000000
v 23.89257174 7.67184397 0.00000000
v 23.94113625 7.88327305 0.00000000
v 23.98781803 8.09344478 0.00000000
v 24.03267351 8.30239681 0.00000000
v 24.07575916 8.51016676 0.00000000
v 24.11713140 8.71679228 0.00000000
v 24.15684668 8.92231100 0.00000000
v 24.19496144 9.12676056 0.00000000
v 24.23153214 9.33017860 0.00000000
v 24.02722247 9.24350469 0.00000000
v 23.69920439 9.00520457 0.00000000
v 23.37349952 8.76683714 0.00000000
v 23.05010743 8.52839992 0.00000000
v 22.72902774 8.28989042 0.00000000
v 22.41026003 8.05130617 0.00000000
v 22.09380390 7.81264467 0.00000000
v 21.77965894 7.57390345 0.00000000
v 21.46782475 7.33508002 0.00000000
v 21.15830092 7.09617190 0.00000000
v 20.85108704 6.85717660 0.00000000
v 20.54618271 6.61809164 0.00000000
v 20.24358753 6.37891454 0.00000000
v 19.94330109 6.13964281 0.00000000
v 19.64532297 5.90027397 0.00000000
v 19.34965279 5.66080554 0.00000000
v 19.05629012 5.42123503 0.00000000
v 18.76523457 5.18155996 0.00000000
v 18.47648573 4.94177784 0.00000000
v 18.19004319 4.70188620 0.00000000
v 17.90590656 4.46188254 0.00000000
v 17.62407541 4.22176439 0.00000000
v 17.34454935 3.98152926 0.00000000
v 17.06732797 3.74117467 0.00000000
v 16.79241087 3.50069814 0.00000000
v 16.51979764 3.26009717 0.00000000
v 16.24948787 3.01936929 0.00000000
v 15.98148116 2.77851202 0.00000000
v 15.71577710 2.53752286 0.00000000
v 15.45237529 2.29639935 0.00000000
v 15.19127532 2.05513898 0.00000000
v 14.93247678 1.81373929 0.00000000
v 14.67597928 1.57219778 0.00000000
v 14.42178240 1.33051197 0.00000000
v 14.16988573 1.08867939 0.00000000
v 13.92028888 0.84669753 0.00000000
v 13.67299144 0.60456393 0.00000000
v 13.42799300 0.36227610 0.00000000
v 13.18529315 0.11983156 0.00000000
v 12.94489149 -0.12277219 0.00000000
v 12.70678762 -0.36553762 0.00000000
v 12.47098113 -0.60846721 0.00000000
v 12.23747160 -0.85156346 0.00000000
v 12.00625865 -1.09482883 0.00000000
v 11.77734186 -1.33826582 0.00000000
v 11.55072082 -1.58187692 0.00000000
v 11.32639513 -1.82566459 0.00000000
v 11.10436439 -2.06963134 0.00000000
v 10.88462818 -2.31377963 0.00000000
v 10.66718611 -2.55811196 0.00000000
v 10.45203777 -2.80263080 0.00000000
v 10.23918274 -3.04733865 0.00000000
v 10.02862063 -3.29223798 0.00000000
v 9.82035104 -3.53733128 0.00000000
v 9.61437354 -3.78262103 0.00000000
v 9.41068775 -4.02810972 0.00000000
v 9.20929324 -4.27379983 0.00000000
v 9.01018963 -4.51969383 0.00000000
v 8.81337650 -4.76579423 0.00000000
v 8.61885344 -5.01210349 0.00000000
v 8.42662005 -5.25862411 0.00000000
v 8.23667593 -5.50535856 0.00000000
v 8.04902066 -5.75230934 0.00000000
v 7.86365385 -5.99947891 0.00000000
v 7.68057509 -6.24686978 0.00000000
v 7.49978396 -6.49448441 0.00000000
v 7.32128008 -6.74232530 0.00000000
v 7.14506302 -6.99039493 0.00000000
v 6.97113239 -7.23869578 0.00000000
v 6.79948778 -7.48723034 0.00000000
v 6.63012878 -7.73600108 0.00000000
v 6.46305498 -7.98501049 0.00000000
v 6.29826599 -8.23426106 0.00000000
v 6.13576140 -8.48375527 0.00000000
v 5.97554079 -8.73349561 0.00000000
v 5.81760377 -8.98348454 0.00000000
v 5.66194993 -9.23372457 0.00000000
v 5.50857886 -9.48421817 0.00000000
v 5.35749016 -9.73496783 0.00000000
v 5.20868342 -9.98597603 0.00000000
v 5.06215824 -10.23724525 0.00000000
v 4.91791421 -10.48877798 0.00000000
v 4.77595092 -10.74057670 0.00000000
v 4.63626797 -10.99264390 0.00000000
v 4.49886495 -11.24498205 0.00000000
v 4.36374146 -11.49759364 0.00000000
v 4.23089710 -11.75048116 0.00000000
v 4.10033145 -12.00364709 0.00000000
v 3.97204411 -12.25709391 0.00000000
v 3.84603467 -12.51082411 0.00000000
v 3.72230274 -12.76484017 0.00000000
v 3.60084789 -13.01914457 0.00000000
v 3.48166974 -13.27373979 0.00000000
v 3.36476787 -13.52862833 0.00000000
v 3.25014187 -13.78381265 0.00000000
v 3.13779134 -14.03929526 0.00000000
v 3.02771588 -14.29507863 0.00000000
v 2.91991508 -14.55116524 0.00000000
v 2.81438853 -14.80755757 0.00000000
v 2.71113583 -15.06425812 0.00000000
v 2.61015657 -15.32126937 0.00000000
v 2.51145035 -15.57859379 0.00000000
v 2.41501676 -15.83623387 0.00000000
v 2.32085539 -16.09419210 0.00000000
v 2.22896584 -16.35247096 0.00000000
v 2.13934771 -16.61107293 0.00000000
v 2.05200058 -16.87000049 0.00000000
v 1.96692406 -17.12925614 0.00000000
v 1.88411773 -17.38884235 0.00000000
v 1.80358119 -17.64876160 0.00000000
v 1.72531404 -17.90901639 0.00000000
v 1.64931587 -18.16960919 0.00000000
v 1.57558627 -18.43054248 0.00000000
v 1.50412484 -18.69181876 0.00000000
v 1.43493117 -18.95344050 0.00000000
v 1.36800485 -19.21541019 0.00000000
v 1.30334549 -19.47773031 0.00000000
v 1.24095268 -19.74040334 0.00000000
v 1.18082600 -20.00343178 0.00000000
v 1.12296505 -20.26681809 0.00000000
v 1.06736944 -20.53056477 0.00000000
v 1.01403875 -20.79467430 0.00000000
v 0.96297257 -21.05914917 0.00000000
v 0.91417050 -21.32399185 0.00000000
v 0.86763214 -21.58920482 0.00000000
v 0.82335708 -21.85479058 0.00000000
v 0.78134491 -22.12075161 0.00000000
v 0.74159524 -22.38709039 0.00000000
v 0.70410764 -22.65380940 0.00000000
v 0.66888172 -22.92091113 0.00000000
v 0.63591707 -23.18839806 0.00000000
v 0.60521329 -23.45627268 0.00000000
v 0.57676996 -23.72453746 0.00000000
v 0.55058669 -23.99319490 0.00000000
v 0.52666307 -24.26224747 0.00000000
v 0.50499869 -24.53169765 0.00000000
v 0.48559315 -24.80154794 0.00000000
v 0.46844604 -25.07180082 0.00000000
v 0.45355695 -25.34245877 0.00000000
v 0.44092548 -25.61352426 0.00000000
v 0.43055123 -25.88499980 0.00000000
v 0.42243379 -26.15688785 0.00000000
v 0.41657274 -26.42919091 0.00000000
v 0.41296770 -26.70191145 0.00000000
v 0.41161825 -26.97505197 0.00000000
v 0.41252398 -27.24861494 0.00000000
v 0.41568449 -27.52260284 0.00000000
v 0.42109938 -27.79701817 0.00000000
v 0.42876823 -28.07186340 0.00000000
v 0.43869065 -28.34714102 0.00000000
v 0.45086622 -28.62285352 0.00000000
v 0.46529454 -28.89900336 0.00000000
v 0.48197522 -29.17559305 0.00000000
v 0.50090783 -29.45262506 0.00000000
v 0.52209197 -29.73010187 0.00000000
v 0.54552724 -30.00802598 0.00000000
v 0.57121324 -30.28639985 0.00000000
v 0.59914955 -30.56522598 0.00000000
v 0.62933578 -30.84450686 0.00000000
v 0.66177151 -31.12424495 0.00000000
v 0.69645634 -31.40444276 0.00000000
v 0.73338986 -31.68510275 0.00000000
v 0.77257167 -31.96622742 0.00000000
v 0.81400137 -32.24781925 0.00000000
v 0.85767854 -32.52988071 0.00000000
v 0.90360279 -32.81241431 0.00000000
v 0.95177369 -33.09542251 0.00000000
v 1.00219086 -33.37890780 0.00000000
v 1.05485389 -33.66287267 0.00000000
v 1.10976236 -33.94731960 0.00000000
v 1.16691588 -34.23225106 0.00000000
v 1.22631403 -34.51766956 0.00000000
v 1.28795642 -34.80357757 0.00000000
v 1.35184263 -35.08997756 0.00000000
v 1.41797226 -35.37687204 0.00000000
v 1.48634490 -35.66426347 0.00000000
v 1.55696016 -35.95215435 0.00000000
v 1.62981761 -36.24054716 0.00000000
v 1.70491687 -36.52944438 0.00000000
v 1.78225751 -36.81884849 0.00000000
v 1.86183914 -37.10876198 0.00000000
v 1.94366136 -37.39918733 0.00000000
v 2.02772374 -37.69012702 0.00000000
v 2.11402590 -37.98158355 0.00000000
v 2.20256742 -38.27355938 0.00000000
v 2.29334789 -38.56605702 0.00000000
v 2.38552118 -38.86659733 0.00000000
v 2.46644823 -39.25654654 0.00000000
v 2.54322207 -39.64259846 0.00000000
v 2.61530574 -40.02425077 0.00000000
v 2.68216226 -40.40100117 0.00000000
v 2.74325466 -40.77234735 0.00000000
v 2.79804598 -41.13778700 0.00000000
v 2.84599924 -41.49681780 0.00000000
v 2.88657746 -41.84893744 0.00000000
v 2.91924369 -42.19364362 0.00000000
v 2.94346093 -42.53043402 0.00000000
v 2.95869223 -42.85880633 0.00000000
v 2.96440062 -43.17825824 0.00000000
v 2.96004911 -43.48828744 0.00000000
v 2.94510074 -43.78839163 0.00000000
v 2.91901854 -44.07806848 0.00000000
v 2.88126554 -44.35681568 0.00000000
v 2.83130475 -44.62413094 0.00000000
v 2.76859923 -44.87951193 0.00000000
v 2.69261198 -45.12245634 0.00000000
v 2.60280604 -45.35246188 0.00000000
v 2.49864444 -45.56902621 0.00000000
v 2.37959020 -45.77164704 0.00000000
v 2.24510636 -45.95982205 0.00000000
v 2.09465594 -46.13304893 0.00000000
v 1.92770198 -46.29082537 0.00000000
v 1.74367649 -46.43623822 0.00000000
v 1.55036423 -46.67490004 0.00000000
v 1.35702776 -46.91356187 0.00000000
v 1.16367514 -47.15222370 0.00000000
v 0.97031441 -47.39088553 0.00000000
v 0.77695362 -47.62954735 0.00000000
v 0.58360083 -47.86820918 0.00000000
v 0.39026408 -48.10687101 0.00000000
v 0.19695144 -48.34553283 0.00000000
v 0.00367095 -48.58419466 0.00000000
v -0.18956933 -48.82285649 0.00000000
v -0.38276136 -49.06151831 0.00000000
v -0.57589707 -49.30018014 0.00000000
v -0.84661975 -49.54341367 0.00000000
v -1.10911373 -49.73675473 0.00000000
v -1.35502810 -49.87734442 0.00000000
v -1.58433860 -49.96511532 0.00000000
v -1.79702095 -50.00000000 0.00000000
v -1.99305088 -49.98193105 0.00000000
v -2.17240411 -49.91084104 0.00000000
v -2.33505639 -49.78666255 0.00000000
v -2.48098343 -49.60932816 0.00000000
v -2.61016096 -49.37877045 0.00000000
v -2.72256472 -49.09492200 0.00000000
v -2.81817043 -48.75771538 0.00000000
v -2.89695381 -48.36708318 0.00000000
v -2.95889060 -47.92295798 0.00000000
v -3.00395653 -47.42527234 0.00000000
v -3.05356953 -47.04605591 0.00000000
v -3.10958013 -46.74572465 0.00000000
v -3.16352006 -46.44496145 0.00000000
v -3.21542160 -46.14377839 0.00000000
v -3.26531703 -45.84218757 0.00000000
v -3.31323865 -45.54020107 0.00000000
v -3.35921871 -45.23783100 0.00000000
v -3.40328952 -44.93508943 0.00000000
v -3.44548335 -44.63198848 0.00000000
v -3.48583248 -44.32854021 0.00000000
v -3.52436919 -44.02475674 0.00000000
v -3.56112577 -43.72065015 0.00000000
v -3.59613450 -43.41623253 0.00000000
v -3.62942765 -43.11151597 0.00000000
v -3.66103751 -42.80651257 0.00000000
v -3.69099636 -42.50123442 0.00000000
v -3.71933648 -42.19569361 0.00000000
v -3.74609016 -41.88990223 0.00000000
v -3.77128967 -41.58387238 0.00000000
v -3.79496729 -41.27761614 0.00000000
v -3.81715532 -40.97114561 0.00000000
v -3.83788602 -40.66447288 0.00000000
v -3.85719169 -40.35761005 0.00000000
v -3.87510459 -40.05056920 0.00000000
v -3.89165702 -39.74336243 0.00000000
v -3.90688126 -39.43600182 0.00000000
v -3.92080958 -39.12849948 0.00000000
v -3.93347427 -38.82086749 0.00000000
v -3.94490760 -38.51311794 0.00000000
v -3.95514187 -38.20526294 0.00000000
v -3.96420935 -37.89731456 0.00000000
v -3.97214233 -37.58928490 0.00000000
v -3.97897307 -37.28118606 0.00000000
v -3.98473388 -36.97303012 0.00000000
v -3.98945702 -36.66482918 0.00000000
v -3.99317478 -36.35659533 0.00000000
v -3.99591944 -36.04834066 0.00000000
v -3.99772329 -35.74007726 0.00000000
v -3.99861860 -35.43181723 0.00000000
v -3.99863765 -35.12357265 0.00000000
v -3.99781273 -34.81535563 0.00000000
v -3.99617612 -34.50717825 0.00000000
v -3.99376009 -34.19905260 0.00000000
v -3.99059694 -33.89099078 0.00000000
v -3.98671894 -33.58300487 0.00000000
v -3.98215837 -33.27510697 0.00000000
v -3.97694752 -32.96730918 0.00000000
v -3.97111867 -32.65962358 0.00000000
v -3.96470409 -32.35206227 0.00000000
v -3.95773607 -32.04463733 0.00000000
v -3.95024689 -31.73736087 0.00000000
v -3.94226884 -31.43024496 0.00000000
v -3.93383419 -31.12330172 0.00000000
v -3.92497522 -30.81654321 0.00000000
v -3.91572422 -30.50998155 0.00000000
v -3.90611347 -30.20362881 0.00000000
v -3.89617525 -29.89749710 0.00000000
v -3.88594184 -29.59159850 0.00000000
v -3.87544552 -29.28594511 0.00000000
v -3.86471857 -28.98054902 0.00000000
v -3.86833434 -28.66494611 0.00000000
v -3.96239709 -28.33688298 0.00000000
v -4.07982081 -28.08905107 0.00000000
v -4.22262476 -27.92847534 0.00000000
v -4.39282824 -27.86218071 0.00000000
v -4.59245053 -27.89719213 0.00000000
v -4.82351091 -28.04053455 0.00000000
v -5.08802866 -28.29923291 0.00000000
v -5.38802308 -28.68031215 0.00000000
v -5.71151109 -29.08422297 0.00000000
v -6.03130355 -29.44722751 0.00000000
v -6.34778805 -29.80463186 0.00000000
v -6.66097258 -30.15645896 0.00000000
v -6.97086514 -30.50273176 0.00000000
v -7.27747371 -30.84347318 0.00000000
v -7.58080629 -31.17870617 0.00000000
v -7.88087088 -31.50845366 0.00000000
v -8.17767545 -31.83273859 0.00000000
v -8.47122802 -32.15158390 0.00000000
v -8.76153657 -32.46501252 0.00000000
v -9.04860908 -32.77304738 0.00000000
v -9.33245357 -33.07571144 0.00000000
v -9.61307800 -33.37302761 0.00000000
v -9.89049039 -33.66501885 0.00000000
v -10.16469872 -33.95170808 0.00000000
v -10.43571099 -34.23311825 0.00000000
v -10.70353518 -34.50927228 0.00000000
v -10.96817930 -34.78019313 0.00000000
v -11.22965132 -35.04590371 0.00000000
v -11.48795925 -35.30642698 0.00000000
v -11.74311107 -35.56178586 0.00000000
v -11.99511479 -35.81200330 0.00000000
v -12.24397839 -36.05710223 0.00000000
v -12.48970986 -36.29710559 0.00000000
v -12.73231720 -36.53203631 0.00000000
v -12.97180840 -36.76191733 0.00000000
v -13.20819145 -36.98677159 0.00000000
v -13.44147434 -37.20662203 0.00000000
v -13.67166507 -37.42149157 0.00000000
v -13.89877164 -37.63140317 0.00000000
v -14.12280202 -37.83637975 0.00000000
v -14.34376422 -38.03644425 0.00000000
v -14.56166622 -38.23161962 0.00000000
v -14.77651603 -38.42192878 0.00000000
v -14.98832162 -38.60739467 0.00000000
v -15.19709100 -38.78804023 0.00000000
v -15.40283216 -38.96388839 0.00000000
v -15.60555309 -39.13496210 0.00000000
v -15.80526178 -39.30128429 0.00000000
v -16.00196622 -39.46287790 0.00000000
v -16.19567441 -39.61976586 0.00000000
v -16.38639434 -39.77197111 0.00000000
v -16.57413401 -39.91951659 0.00000000
v -16.75890139 -40.06242523 0.00000000
v -16.94070450 -40.20071997 0.00000000
v -17.11955131 -40.33442375 0.00000000
v -17.29544982 -40.46355951 0.00000000
v -17.46840803 -40.58815017 0.00000000
v -17.63843393 -40.70821869 0.00000000
v -17.80553550 -40.82378799 0.00000000
v -17.96972075 -40.93488101 0.00000000
v -18.13099766 -41.04152068 0.00000000
v -18.28937423 -41.14372996 0.00000000
v -18.44485845 -41.24153176 0.00000000
v -18.59745831 -41.33494904 0.00000000
v -18.74718180 -41.42400472 0.00000000
v -18.89403692 -41.50872174 0.00000000
v -19.03803166 -41.58912305 0.00000000
v -19.17917402 -41.66523156 0.00000000
v -19.31747197 -41.73707024 0.00000000
v -19.45293353 -41.80466200 0.00000000
v -19.58556667 -41.86802978 0.00000000
v -19.71537939 -41.92719654 0.00000000
v -19.84237969 -41.98218519 0.00000000
v -19.96657556 -42.03301868 0.00000000
v -20.08797498 -42.07971994 0.00000000
v -20.20658596 -42.12231191 0.00000000
v -20.32241648 -42.16081753 0.00000000
v -20.43547454 -42.19525974 0.00000000
v -20.54576812 -42.22566146 0.00000000
v -20.65330523 -42.25204564 0.00000000
v -20.75809386 -42.27443522 0.00000000
v -20.86014199 -42.29285313 0.00000000
v -20.95945761 -42.30732231 0.00000000
v -21.05604874 -42.31786569 0.00000000
v -21.14992334 -42.32450622 0.00000000
v -21.24108942 -42.32726682 0.00000000
v -21.32955497 -42.32617044 0.00000000
v -21.41532799 -42.32124001 0.00000000
v -21.49841645 -42.31249847 0.00000000
v -21.57882837 -42.29996876 0.00000000
v -21.65657172 -42.28367381 0.00000000
v -21.73165450 -42.26363656 0.00000000
v -21.80408471 -42.23987995 0.00000000
v -21.87387034 -42.21242690 0.00000000
v -21.94101937 -42.18130037 0.00000000
v -22.00553981 -42.14652329 0.00000000
v -22.06743964 -42.10811859 0.00000000
v -22.12672686 -42.06610921 0.00000000
v -22.18340945 -42.02051809 0.00000000
v -22.23749542 -41.97136816 0.00000000
v -22.28899275 -41.91868236 0.00000000
v -22.33790944 -41.86248363 0.00000000
v -22.38425348 -41.80279491 0.00000000
v -22.42803286 -41.73963912 0.00000000
v -22.46925557 -41.67303922 0.00000000
v -22.50792961 -41.60301812 0.00000000
v -22.54406297 -41.52959879 0.00000000
v -22.57766365 -41.45280414 0.00000000
v -22.60873962 -41.37265711 0.00000000
v -22.63729889 -41.28918065 0.00000000
v -22.66334945 -41.20239768 0.00000000
v -22.68689930 -41.11233116 0.00000000
v -22.70795641 -41.01900400 0.00000000
v -22.72652880 -40.92243916 0.00000000
v -22.74262444 -40.82265956 0.00000000
v -22.75625133 -40.71968814 0.00000000
v -22.76741747 -40.61354784 0.00000000
v -22.77613084 -40.50426160 0.00000000
v -22.78239945 -40.39185236 0.00000000
v -22.78623127 -40.27634304 0.00000000
v -22.78763431 -40.15775659 0.00000000
v -22.78661656 -40.03611595 0.00000000
v -22.78318600 -39.91144404 0.00000000
v -22.77735064 -39.78376382 0.00000000
v -22.76911846 -39.65309821 0.00000000
v -22.75849746 -39.51947014 0.00000000
v -22.74549562 -39.38290257 0.00000000
v -22.73012095 -39.24341842 0.00000000
v -22.71238143 -39.10104064 0.00000000
v -22.69228506 -38.95579215 0.00000000
v -22.66983983 -38.80769590 0.00000000
v -22.64505373 -38.65677482 0.00000000
v -22.61793475 -38.50305185 0.00000000
v -22.58849089 -38.34654992 0.00000000
v -22.55673013 -38.18729198 0.00000000
v -22.52266048 -38.02530095 0.00000000
v -22.48628993 -37.86059978 0.00000000
v -22.44762646 -37.69321141 0.00000000
v -22.40667807 -37.52315876 0.00000000
v -22.36345275 -37.35046479 0.00000000
v -22.31795849 -37.17515241 0.00000000
v -22.27020329 -36.99724458 0.00000000
v -22.22019514 -36.81676422 0.00000000
v -22.16794203 -36.63373427 0.00000000
v -22.11345196 -36.44817768 0.00000000
v -22.05673291 -36.26011737 0.00000000
v -21.99779288 -36.06957629 0.00000000
v -21.93663986 -35.87657737 0.00000000
v -21.87328184 -35.68114355 0.00000000
v -21.80772683 -35.48329776 0.00000000
v -21.73998280 -35.28306294 0.00000000
v -21.67005775 -35.08046204 0.00000000
v -21.59795967 -34.87551797 0.00000000
v -21.52369657 -34.66825369 0.00000000
v -21.44727642 -34.45869213 0.00000000
v -21.36870722 -34.24685622 0.00000000
v -21.28799697 -34.03276891 0.00000000
v -21.20515365 -33.81645312 0.00000000
v -21.12018526 -33.59793180 0.00000000
v -21.03309979 -33.37722789 0.00000000
v -20.94390524 -33.15436431 0.00000000
v -20.85260959 -32.92936401 0.00000000
v -20.75922084 -32.70224992 0.00000000
v -20.66374699 -32.47304498 0.00000000
v -20.56619602 -32.24177213 0.00000000
v -20.46657592 -32.00845431 0.00000000
v -20.36489469 -31.77311444 0.00000000
v -20.26116032 -31.53577547 0.00000000
v -20.15538081 -31.29646034 0.00000000
v -20.04756414 -31.05519197 0.00000000
v -19.93771832 -30.81199332 0.00000000
v -19.82585132 -30.56688731 0.00000000
v -19.71197115 -30.31989687 0.00000000
v -19.59608579 -30.07104496 0.00000000
v -19.47820324 -29.82035451 0.00000000
v -19.35833150 -29.56784844 0.00000000
v -19.23647854 -29.31354970 0.00000000
v -19.11265238 -29.05748123 0.00000000
v -18.98686099 -28.79966596 0.00000000
v -18.85911237 -28.54012683 0.00000000
v -18.72941452 -28.27888678 0.00000000
v -18.59777542 -28.01596874 0.00000000
v -18.46420308 -27.75139565 0.00000000
v -18.32870547 -27.48519044 0.00000000
v -18.19129060 -27.21737606 0.00000000
v -18.05196645 -26.94797543 0.00000000
v -17.91074102 -26.67701151 0.00000000
v -17.76762230 -26.40450722 0.00000000
v -17.62261829 -26.13048549 0.00000000
v -17.47573697 -25.85496928 0.00000000
v -17.32698635 -25.57798151 0.00000000
v -17.17637440 -25.29954512 0.00000000
v -17.02390912 -25.01968305 0.00000000
v -16.86959852 -24.73841823 0.00000000
v -16.71345057 -24.45577360 0.00000000
v -16.55547327 -24.17177210 0.00000000
v -16.39567462 -23.88643667 0.00000000
v -16.23406260 -23.59979024 0.00000000
v -16.07064521 -23.31185574 0.00000000
v -15.90543044 -23.02265612 0.00000000
v -15.73842629 -22.73221432 0.00000000
v -15.56964074 -22.44055326 0.00000000
v -15.39908179 -22.14769589 0.00000000
v -15.22675743 -21.85366514 0.00000000
v -15.05267565 -21.55848395 0.00000000
v -14.87684446 -21.26217525 0.00000000
v -14.69927182 -20.96476199 0.00000000
v -14.51996576 -20.66626710 0.00000000
v -14.33893424 -20.36671352 0.00000000
v -14.15618527 -20.06612417 0.00000000
v -13.97172684 -19.76452201 0.00000000
v -13.78556694 -19.46192997 0.00000000
v -13.69689026 -19.31863414 0.00000000
v -13.69811337 -19.32005762 0.00000000
v -13.89822193 -19.55294573 0.00000000
v -14.09833049 -19.78583384 0.00000000
v -13.95455546 -19.53764710 0.00000000
v -13.81108889 -19.23569904 0.00000000
v -13.73357069 -18.95872361 0.00000000
v -13.73128073 -18.71005576 0.00000000
v -13.78564161 -18.49802133 0.00000000
v -13.91296871 -18.31614490 0.00000000
v -14.12519949 -18.16564426 0.00000000
v -14.42971802 -18.04931691 0.00000000
v -14.83390833 -17.96996033 0.00000000
v -15.25011824 -18.01164478 0.00000000
v -15.61135838 -18.12613389 0.00000000
v -15.97053556 -18.23614959 0.00000000
v -16.32767192 -18.34173988 0.00000000
v -16.68278959 -18.44295273 0.00000000
v -17.03591071 -18.53983612 0.00000000
v -17.38705741 -18.63243803 0.00000000
v -17.73625181 -18.72080645 0.00000000
v -18.08351604 -18.80498935 0.00000000
v -18.42887225 -18.88503472 0.00000000
v -18.77234255 -18.96099054 0.00000000
v -19.11394909 -19.03290478 0.00000000
v -19.45371399 -19.10082542 0.00000000
v -19.79165938 -19.16480046 0.00000000
v -20.12780740 -19.22487786 0.00000000
v -20.46218018 -19.28110561 0.00000000
v -20.79479984 -19.33353169 0.00000000
v -21.12568852 -19.38220408 0.00000000
v -21.45486836 -19.42717076 0.00000000
v -21.78236147 -19.46847971 0.00000000
v -22.10819000 -19.50617892 0.00000000
v -22.43237607 -19.54031635 0.00000000
v -22.75494182 -19.57094000 0.00000000
v -23.07590938 -19.59809784 0.00000000
v -23.39530088 -19.62183786 0.00000000
v -23.71313844 -19.64220803 0.00000000
v -24.02944421 -19.65925633 0.00000000
v -24.34424030 -19.67303075 0.00000000
v -24.65754887 -19.68357927 0.00000000
v -24.96939203 -19.69094987 0.00000000
v -25.27979191 -19.69519052 0.00000000
v -25.58877065 -19.69634921 0.00000000
v -25.89635038 -19.69447392 0.00000000
v -26.20255323 -19.68961262 0.00000000
v -26.50740134 -19.68181331 0.00000000
v -26.81091682 -19.67112396 0.00000000
v -27.11312182 -19.65759255 0.00000000
v -27.41403847 -19.64126706 0.00000000
v -27.71368889 -19.62219547 0.00000000
v -28.01209523 -19.60042577 0.00000000
v -28.30927960 -19.57600593 0.00000000
v -28.60526414 -19.54898393 0.00000000
v -28.90007099 -19.51940776 0.00000000
v -29.19372226 -19.48732539 0.00000000
v -29.48624011 -19.45278481 0.00000000
v -29.77764665 -19.41583400 0.00000000
v -30.06796402 -19.37652093 0.00000000
v -30.35721434 -19.33489359 0.00000000
v -30.64541976 -19.29099995 0.00000000
v -30.93260240 -19.24488801 0.00000000
v -31.21878439 -19.19660574 0.00000000
v -31.50398786 -19.14620111 0.00000000
v -31.78823495 -19.09372212 0.00000000
v -32.07154779 -19.03921673 0.00000000
v -32.35394851 -18.98273294 0.00000000
v -32.63545923 -18.92431872 0.00000000
v -32.91610210 -18.86402206 0.00000000
v -33.19589924 -18.80189092 0.00000000
v -33.47487278 -18.73797330 0.00000000
v -33.75304485 -18.67231718 0.00000000
v -34.03043760 -18.60497053 0.00000000
v -34.30707314 -18.53598134 0.00000000
v -34.58297361 -18.46539758 0.00000000
v -34.85816113 -18.39326724 0.00000000
v -35.13265785 -18.31963830 0.00000000
v -35.40648590 -18.24455873 0.00000000
v -35.67966739 -18.16807653 0.00000000
v -35.95222448 -18.09023966 0.00000000
v -36.22417927 -18.01109611 0.00000000
v -36.49555392 -17.93069387 0.00000000
v -36.76637055 -17.84908090 0.00000000
v -37.03665128 -17.76630520 0.00000000
v -37.30641826 -17.68241474 0.00000000
v -37.57569361 -17.59745750 0.00000000
v -37.84449947 -17.51148146 0.00000000
v -38.11285796 -17.42453461 0.00000000
v -38.38079122 -17.33666493 0.00000000
v -38.64832138 -17.24792038 0.00000000
v -38.91547057 -17.15834897 0.00000000
v -39.18226092 -17.06799866 0.00000000
v -39.44871456 -16.97691744 0.00000000
v -39.71485362 -16.88515328 0.00000000
v -39.98070024 -16.79275418 0.00000000
v -40.24627655 -16.69976810 0.00000000
v -40.51160467 -16.60624303 0.00000000
v -40.77670675 -16.51222695 0.00000000
v -41.04160490 -16.41776784 0.00000000
v -41.30632127 -16.32291369 0.00000000
v -41.67962684 -16.16306963 0.00000000
v -42.04377037 -15.97543132 0.00000000
v -42.34592002 -15.78734381 0.00000000
v -42.58917700 -15.59882034 0.00000000
v -42.77664250 -15.40987418 0.00000000
v -42.91141770 -15.22051858 0.00000000
v -42.99660382 -15.03076678 0.00000000
v -43.02595933 -14.81792839 0.00000000
v -42.99131441 -14.58850332 0.00000000
v -42.90079139 -14.35872473 0.00000000
v -42.75983035 -14.12859947 0.00000000
v -42.57387134 -13.89813436 0.00000000
v -42.34835441 -13.66733626 0.00000000
v -42.08871962 -13.43621201 0.00000000
v -41.80040702 -13.20476846 0.00000000
v -41.48885668 -12.97301244 0.00000000
v -41.20084120 -12.80498140 0.00000000
v -40.92696002 -12.66533635 0.00000000
v -40.65238704 -12.52817972 0.00000000
v -40.37712383 -12.39350576 0.00000000
v -40.10117195 -12.26130874 0.00000000
v -39.82453296 -12.13158291 0.00000000
v -39.54720842 -12.00432253 0.00000000
v -39.26919989 -11.87952187 0.00000000
v -38.99050892 -11.75717517 0.00000000
v -38.71113708 -11.63727671 0.00000000
v -38.43108593 -11.51982074 0.00000000
v -38.15035703 -11.40480152 0.00000000
v -37.86895193 -11.29221331 0.00000000
v -37.58687220 -11.18205038 0.00000000
v -37.30411940 -11.07430697 0.00000000
v -37.02069508 -10.96897734 0.00000000
v -36.73660081 -10.86605577 0.00000000
v -36.45183814 -10.76553651 0.00000000
v -36.16640864 -10.66741381 0.00000000
v -35.88031386 -10.57168194 0.00000000
v -35.59355537 -10.47833515 0.00000000
v -35.30613472 -10.38736771 0.00000000
v -35.01805347 -10.29877388 0.00000000
v -34.72931319 -10.21254791 0.00000000
v -34.43991543 -10.12868406 0.00000000
v -34.14986175 -10.04717660 0.00000000
v -33.85915372 -9.96801978 0.00000000
v -33.56779288 -9.89120787 0.00000000
v -33.27578081 -9.81673512 0.00000000
v -32.98311906 -9.74459578 0.00000000
v -32.68980919 -9.67478413 0.00000000
v -32.39585276 -9.60729443 0.00000000
v -32.10125133 -9.54212092 0.00000000
v -31.80600646 -9.47925787 0.00000000
v -31.51011971 -9.41869954 0.00000000
v -31.21359264 -9.36044019 0.00000000
v -30.91642681 -9.30447408 0.00000000
v -30.61862378 -9.25079546 0.00000000
v -30.32018511 -9.19939861 0.00000000
v -30.02111235 -9.15027777 0.00000000
v -29.72140708 -9.10342720 0.00000000
v -29.42107084 -9.05884117 0.00000000
v -29.12010519 -9.01651394 0.00000000
v -28.81851171 -8.97643976 0.00000000
v -28.51629194 -8.93861290 0.00000000
v -28.21344744 -8.90302761 0.00000000
v -27.90997979 -8.86967816 0.00000000
v -27.60589052 -8.83855880 0.00000000
v -27.30118122 -8.80966379 0.00000000
v -26.99585343 -8.78298739 0.00000000
v -26.68990871 -8.75852386 0.00000000
v -26.38334863 -8.73626747 0.00000000
v -26.07617474 -8.71621246 0.00000000
v -25.76838860 -8.69835311 0.00000000
v -25.45999178 -8.68268366 0.00000000
v -25.15098583 -8.66919839 0.00000000
v -24.84137231 -8.65789154 0.00000000
v -24.53115279 -8.64875738 0.00000000
v -24.22032882 -8.64179017 0.00000000
v -23.90890196 -8.63698416 0.00000000
v -23.59687377 -8.63433362 0.00000000
v -23.28424581 -8.63383281 0.00000000
v -22.97101964 -8.63547599 0.00000000
v -22.65719683 -8.63925740 0.00000000
v -22.34277892 -8.64517133 0.00000000
v -22.02776749 -8.65321202 0.00000000
v -21.71216408 -8.66337373 0.00000000
v -21.39597026 -8.67565072 0.00000000
v -21.07918759 -8.69003726 0.00000000
v -20.76181763 -8.70652760 0.00000000
v -20.44386194 -8.72511600 0.00000000
v -20.12532207 -8.74579672 0.00000000
v -19.80619960 -8.76856402 0.00000000
v -19.48649607 -8.79341217 0.00000000
v -19.16621304 -8.82033541 0.00000000
v -18.84535209 -8.84932801 0.00000000
v -18.43714636 -8.83455689 0.00000000
v -17.99523760 -8.77291177 0.00000000
v -17.60072168 -8.69552022 0.00000000
v -17.25749206 -8.60109275 0.00000000
v -16.96944224 -8.48833989 0.00000000
v -16.74046568 -8.35597215 0.00000000
v -16.57445587 -8.20270006 0.00000000
v -16.47530630 -8.02723413 0.00000000
v -16.44691043 -7.82828488 0.00000000
v -16.47810897 -7.62615861 0.00000000
v -16.54644282 -7.43474622 0.00000000
v -16.66676103 -7.22610277 0.00000000
v -16.84107141 -6.99957150 0.00000000
v -17.07138179 -6.75449565 0.00000000
v -17.35969999 -6.49021846 0.00000000
v -17.69614682 -6.21559441 0.00000000
v -17.92190847 -6.04288606 0.00000000
v -18.14807714 -5.87000839 0.00000000
v -18.37462865 -5.69694129 0.00000000
v -18.60153884 -5.52366467 0.00000000
v -18.82878355 -5.35015842 0.00000000
v -19.05633862 -5.17640245 0.00000000
v -19.28417988 -5.00237665 0.00000000
v -19.51228319 -4.82806093 0.00000000
v -19.74062436 -4.65343519 0.00000000
v -19.96917925 -4.47847933 0.00000000
v -20.19792369 -4.30317324 0.00000000
v -20.42683352 -4.12749683 0.00000000
v -20.65588458 -3.95142999 0.00000000
v -20.88505271 -3.77495264 0.00000000
v -21.11431374 -3.59804467 0.00000000
v -21.34364351 -3.42068597 0.00000000
v -21.57301786 -3.24285645 0.00000000
v -21.80241264 -3.06453602 0.00000000
v -22.03180367 -2.88570456 0.00000000
v -22.26116679 -2.70634198 0.00000000
v -22.49047786 -2.52642819 0.00000000
v -22.71971269 -2.34594308 0.00000000
v -22.94884714 -2.16486654 0.00000000
v -23.17785704 -1.98317849 0.00000000
v -23.40671823 -1.80085883 0.00000000
v -23.63540654 -1.61788744 0.00000000
v -23.86389782 -1.43424424 0.00000000
v -24.09216790 -1.24990912 0.00000000
v -24.32019262 -1.06486199 0.00000000
v -24.54794783 -0.87908274 0.00000000
v -24.77540935 -0.69255127 0.00000000
v -25.00255303 -0.50524749 0.00000000
v -25.22935470 -0.31715130 0.00000000
v -25.45579021 -0.12824259 0.00000000
v -25.68183539 0.06149874 0.00000000
v -25.90746609 0.25209277 0.00000000
v -26.13265813 0.44355962 0.00000000
v -26.35738736 0.63591939 0.00000000
v -26.58162961 0.82919216 0.00000000
v -26.80536073 1.02339805 0.00000000
v -27.02855655 1.21855715 0.00000000
v -27.25119291 1.41468956 0.00000000
v -27.47324565 1.61181539 0.00000000
v -27.69469061 1.80995472 0.00000000
v -27.91550363 2.00912767 0.00000000
v -28.13566053 2.20935432 0.00000000
v -28.35513718 2.41065478 0.00000000
v -28.57390939 2.61304916 0.00000000
v -28.79195301 2.81655754 0.00000000
v -29.00924388 3.02120003 0.00000000
v -29.22575784 3.22699673 0.00000000
v -29.44147072 3.43396774 0.00000000
v -29.65635837 3.64213315 0.00000000
v -29.87039661 3.85151308 0.00000000
v -30.08356130 4.06212760 0.00000000
v -30.29582827 4.27399684 0.00000000
v -30.50717335 4.48714088 0.00000000
v -30.71757238 4.70157983 0.00000000
v -30.92700121 4.91733378 0.00000000
v -31.13543568 5.13442284 0.00000000
v -31.34285161 5.35286710 0.00000000
v -31.54922485 5.57268667 0.00000000
v -31.75453123 5.79390164 0.00000000
v -31.95874661 6.01653212 0.00000000
v -32.16184680 6.24059819 0.00000000
v -32.36380766 6.46611998 0.00000000
v -32.56460502 6.69311756 0.00000000
v -32.76421472 6.92161105 0.00000000
v -32.96261259 7.15162053 0.00000000
v -33.15977448 7.38316612 0.00000000
v -33.35567623 7.61626791 0.00000000
v -33.55029367 7.85094600 0.00000000
v -33.74360263 8.08722050 0.00000000
v -33.93557897 8.32511149 0.00000000
v -34.12619852 8.56463908 0.00000000
v -34.31543711 8.80582337 0.00000000
v -34.50327058 9.04868446 0.00000000
v -34.68967478 9.29324245 0.00000000
v -34.87462554 9.53951743 0.00000000
v -35.05809869 9.78752952 0.00000000
v -35.24007009 10.03729880 0.00000000
v -35.42051556 10.28884538 0.00000000
v -35.59941095 10.54218936 0.00000000
v -35.77673209 10.79735083 0.00000000
v -35.95245482 11.05434990 0.00000000
v -36.12655498 11.31320666 0.00000000
v -36.29900841 11.57394122 0.00000000
v -36.46979094 11.83657368 0.00000000
v -36.63887842 12.10112413 0.00000000
v -36.80624669 12.36761267 0.00000000
v -36.97187157 12.63605941 0.00000000
v -37.13572892 12.90648444 0.00000000
v -37.29779456 13.17890786 0.00000000
v -37.45804434 13.45334978 0.00000000
v -37.61645409 13.72983029 0.00000000
v -37.77299966 14.00836950 0.00000000
v -37.92765688 14.28898749 0.00000000
v -38.08040160 14.57170438 0.00000000
v -38.23120964 14.85654025 0.00000000
v -38.38005684 15.14351522 0.00000000
v -38.52691905 15.43264938 0.00000000
v -38.67177211 15.72396283 0.00000000
v -38.81459185 16.01747566 0.00000000
v -38.95535411 16.31320799 0.00000000
v -39.09403473 16.61117991 0.00000000
v -39.23060954 16.91141151 0.00000000
v -39.36505439 17.21392291 0.00000000
v -39.49734512 17.51873419 0.00000000
v -39.62745756 17.82586546 0.00000000
v -39.75536755 18.13533681 0.00000000
v -39.88105092 18.44716835 0.00000000
v -40.00448353 18.76138018 0.00000000
v -40.12564120 19.07799240 0.00000000
v -40.24449978 19.39702510 0.00000000
v -40.36103510 19.71849838 0.00000000
v -40.47522300 20.04243236 0.00000000
v -40.58703932 20.36884711 0.00000000
v -40.69645989 20.69776275 0.00000000
v -40.80346057 21.02919938 0.00000000
v -40.90801718 21.36317708 0.00000000
v -41.01010556 21.69971597 0.00000000
v -41.10970155 22.03883615 0.00000000
v -41.21160042 22.37250632 0.00000000
v -41.30579202 22.68510165 0.00000000
v -41.38372627 22.97991964 0.00000000
v -41.44566675 23.25687243 0.00000000
v -41.50037322 23.60569790 0.00000000
v -41.52591811 23.95867962 0.00000000
v -41.51655464 24.27405717 0.00000000
v -41.47357237 24.55321575 0.00000000
v -41.39826084 24.79754057 0.00000000
v -41.29190961 25.00841684 0.00000000
v -41.15580824 25.18722975 0.00000000
v -40.99124628 25.33536453 0.00000000
v -40.79951327 25.45420637 0.00000000
v -40.58189877 25.54514047 0.00000000
v -40.33969234 25.60955206 0.00000000
v -40.07418353 25.64882632 0.00000000
v -39.78666188 25.66434848 0.00000000
v -39.47841696 25.65750373 0.00000000
v -39.15073831 25.62967728 0.00000000
v -38.80491549 25.58225434 0.00000000
v -38.44223804 25.51662012 0.00000000
v -38.06399553 25.43415981 0.00000000
v -37.67147750 25.33625863 0.00000000
v -37.26597352 25.22430178 0.00000000
v -36.92886894 25.10950280 0.00000000
v -36.64152062 24.99744001 0.00000000
v -36.35512915 24.88389526 0.00000000
v -36.06969197 24.76887253 0.00000000
v -35.78520649 24.65237582 0.00000000
v -35.50167013 24.53440910 0.00000000
v -35.21908032 24.41497637 0.00000000
v -34.93743448 24.29408162 0.00000000
v -34.65673002 24.17172883 0.00000000
v -34.37696438 24.04792199 0.00000000
v -34.09813498 23.92266509 0.00000000
v -33.82023923 23.79596212 0.00000000
v -33.54327455 23.66781707 0.00000000
v -33.26723838 23.53823393 0.00000000
v -32.99212813 23.40721667 0.00000000
v -32.71794123 23.27476930 0.00000000
v -32.44467509 23.14089580 0.00000000
v -32.17232714 23.00560016 0.00000000
v -31.90089479 22.86888636 0.00000000
v -31.63037549 22.73075840 0.00000000
v -31.36076663 22.59122026 0.00000000
v -31.09206565 22.45027593 0.00000000
v -30.82426997 22.30792941 0.00000000
v -30.55737702 22.16418466 0.00000000
v -30.29138420 22.01904570 0.00000000
v -30.02628895 21.87251650 0.00000000
v -29.76208868 21.72460105 0.00000000
v -29.49878083 21.57530334 0.00000000
v -29.23636280 21.42462736 0.00000000
v -28.97483203 21.27257710 0.00000000
v -28.71418593 21.11915654 0.00000000
v -28.45442193 20.96436968 0.00000000
v -28.19553744 20.80822050 0.00000000
v -27.93752990 20.65071298 0.00000000
v -27.68039672 20.49185113 0.00000000
v -27.42413533 20.33163892 0.00000000
v -27.16874314 20.17008035 0.00000000
v -26.91421758 20.00717940 0.00000000
v -26.66055607 19.84294006 0.00000000
v -26.40775603 19.67736632 0.00000000
v -26.15581489 19.51046217 0.00000000
v -25.90473007 19.34223159 0.00000000
v -25.65449898 19.17267858 0.00000000
v -25.40511906 19.00180712 0.00000000
v -25.15658772 18.82962120 0.00000000
v -24.90890238 18.65612481 0.00000000
v -24.66206047 18.48132194 0.00000000
v -24.41605942 18.30521657 0.00000000
v -24.17089663 18.12781270 0.00000000
v -23.92656953 17.94911430 0.00000000
v -23.68307555 17.76912538 0.00000000
v -23.44041211 17.58784992 0.00000000
v -23.19857662 17.40529190 0.00000000
v -22.95756652 17.22145531 0.00000000
v -22.71737922 17.03634415 0.00000000
v -22.47801215 16.84996240 0.00000000
v -22.23946272 16.66231405 0.00000000
v -22.00172837 16.47340309 0.00000000
v -21.76480650 16.28323350 0.00000000
v -21.52869455 16.09180928 0.00000000
v -21.29338993 15.89913441 0.00000000
v -21.05889007 15.70521288 0.00000000
v -20.82519239 15.51004868 0.00000000
v -20.59229431 15.31364580 0.00000000
v -20.36019326 15.11600822 0.00000000
v -20.12888665 14.91713993 0.00000000
v -19.89837191 14.71704493 0.00000000
v -19.66864646 14.51572720 0.00000000
v -19.43970772 14.31319072 0.00000000
v -19.21155311 14.10943949 0.00000000
v -18.98418006 13.90447750 0.00000000
v -18.75758598 13.69830873 0.00000000
v -18.53176831 13.49093717 0.00000000
v -18.30672446 13.28236680 0.00000000
v -18.08245185 13.07260163 0.00000000
v -17.85894791 12.86164563 0.00000000
v -17.63621006 12.64950280 0.00000000
v -17.41423571 12.43617712 0.00000000
v -17.19302230 12.22167258 0.00000000
v -16.97256724 12.00599317 0.00000000
v -16.75286796 11.78914287 0.00000000
v -16.53392187 11.57112568 0.00000000
v -16.31572641 11.35194559 0.00000000
v -16.09827899 11.13160657 0.00000000
v -15.88157703 10.91011263 0.00000000
v -15.66561796 10.68746774 0.00000000
v -15.45039919 10.46367591 0.00000000
v -15.23591816 10.23874110 0.00000000
v -15.02217228 10.01266732 0.00000000
v -14.80915897 9.78545855 0.00000000
v -14.59687566 9.55711878 0.00000000
v -14.38531976 9.32765199 0.00000000
v -14.17448871 9.09706219 0.00000000
v -13.96437992 8.86535334 0.00000000
v -13.75499082 8.63252945 0.00000000
v -13.54631882 8.39859450 0.00000000
v -13.33836134 8.16355248 0.00000000
v -13.13111582 7.92740738 0.00000000
v -12.92457968 7.69016318 0.00000000
v -12.71875032 7.45182387 0.00000000
v -12.51362518 7.21239345 0.00000000
v -12.30920168 6.97187589 0.00000000
v -12.10547725 6.73027520 0.00000000
v -11.90244929 6.48759535 0.00000000
v -11.70011524 6.24384033 0.00000000
v -11.49847251 5.99901414 0.00000000
v -11.29751854 5.75312076 0.00000000
v -11.09725073 5.50616418 0.00000000
v -10.89766652 5.25814839 0.00000000
v -10.69876332 5.00907737 0.00000000
v -10.50053856 4.75895511 0.00000000
v -10.25190107 4.46861680 0.00000000
v -9.88957337 4.14989317 0.00000000
v -9.56712372 3.94629044 0.00000000
v -9.28845812 3.84912788 0.00000000
v -9.05748254 3.84972474 0.00000000
v -8.87810297 3.93940029 0.00000000
v -8.75422540 4.10947379 0.00000000
v -8.68975580 4.35126450 0.00000000
v -8.68860018 4.65609168 0.00000000
v -8.73986276 4.97216232 0.00000000
v -8.82128879 5.26792721 0.00000000
v -8.91020034 5.57657338 0.00000000
v -8.97997688 5.88028069 0.00000000
v -9.04872211 6.18360774 0.00000000
v -9.11643223 6.48655071 0.00000000
v -9.18310344 6.78910582 0.00000000
v -9.24873196 7.09126926 0.00000000
v -9.31331397 7.39303724 0.00000000
v -9.37684568 7.69440597 0.00000000
v -9.43932329 7.99537163 0.00000000
v -9.50074301 8.29593044 0.00000000
v -9.56110104 8.59607859 0.00000000
v -9.62039358 8.89581229 0.00000000
v -9.67861682 9.19512774 0.00000000
v -9.73576698 9.49402115 0.00000000
v -9.79184025 9.79248870 0.00000000
v -9.84683284 10.09052661 0.00000000
v -9.90074095 10.38813109 0.00000000
v -9.95299535 10.68817556 0.00000000
v -10.00499222 10.99046736 0.00000000
v -10.05740200 11.29944306 0.00000000
v -10.11291407 11.63490668 0.00000000
v -10.16699004 11.96981237 0.00000000
v -10.21962540 12.30415835 0.00000000
v -10.27081560 12.63794284 0.00000000
v -10.32055612 12.97116405 0.00000000
v -10.36884241 13.30382020 0.00000000
v -10.41566996 13.63590950 0.00000000
v -10.46103422 13.96743018 0.00000000
v -10.50493067 14.29838044 0.00000000
v -10.54735478 14.62875850 0.00000000
v -10.58830200 14.95856259 0.00000000
v -10.62776781 15.28779091 0.00000000
v -10.66574768 15.61644168 0.00000000
v -10.70223707 15.94451312 0.00000000
v -10.73723145 16.27200344 0.00000000
v -10.77072630 16.59891086 0.00000000
v -10.80271707 16.92523360 0.00000000
v -10.83319923 17.25096987 0.00000000
v -10.86216826 17.57611789 0.00000000
v -10.88961962 17.90067587 0.00000000
v -10.91554878 18.22464204 0.00000000
v -10.93995120 18.54801460 0.00000000
v -10.96282236 18.87079177 0.00000000
v -10.98415772 19.19297177 0.00000000
v -11.00395275 19.51455282 0.00000000
v -11.02220292 19.83553313 0.00000000
v -11.03890369 20.15591092 0.00000000
v -11.05405054 20.47568440 0.00000000
v -11.06763893 20.79485179 0.00000000
v -11.07966432 21.11341130 0.00000000
v -11.09012220 21.43136116 0.00000000
v -11.09900801 21.74869957 0.00000000
v -11.10631724 22.06542476 0.00000000
v -11.11204535 22.38153494 0.00000000
v -11.11618780 22.69702833 0.00000000
v -11.11874007 23.01190314 0.00000000
v -11.11969763 23.32615758 0.00000000
v -11.11905593 23.63978988 0.00000000
v -11.11681046 23.95279826 0.00000000
v -11.11295667 24.26518092 0.00000000
v -11.10749003 24.57693608 0.00000000
v -11.10040602 24.88806196 0.00000000
v -11.09170010 25.19855678 0.00000000
v -11.08136773 25.50841875 0.00000000
v -11.06940439 25.81764609 0.00000000
v -11.05580554 26.12623701 0.00000000
v -11.04056666 26.43418973 0.00000000
v -11.02368320 26.74150246 0.00000000
v -11.00515064 27.04817343 0.00000000
v -10.98496444 27.35420085 0.00000000
v -10.96312008 27.65958293 0.00000000
v -10.93961301 27.96431789 0.00000000
v -10.91443872 28.26840395 0.00000000
v -10.88759266 28.57183932 0.00000000
v -10.85907030 28.87462223 0.00000000
v -10.82886711 29.17675087 0.00000000
v -10.79697857 29.47822348 0.00000000
v -10.76340012 29.77903826 0.00000000
v -10.72812726 30.07919344 0.00000000
v -10.69115543 30.37868723 0.00000000
v -10.65248012 30.67751784 0.00000000
v -10.61209678 30.97568350 0.00000000
v -10.57000089 31.27318241 0.00000000
v -10.52618791 31.57001280 0.00000000
v -10.48065332 31.86617288 0.00000000
v -10.43339257 32.16166086 0.00000000
v -10.38440114 32.45647497 0.00000000
v -10.33367449 32.75061341 0.00000000
v -10.28120810 33.04407441 0.00000000
v -10.22699743 33.33685619 0.00000000
v -10.17103794 33.62895694 0.00000000
v -10.11332511 33.92037490 0.00000000
v -10.05385440 34.21110829 0.00000000
v -9.99262129 34.50115530 0.00000000
v -9.92962123 34.79051417 0.00000000
v -9.86484970 35.07918310 0.00000000
v -9.79830217 35.36716032 0.00000000
v -9.72997409 35.65444404 0.00000000
v -9.65986095 35.94103248 0.00000000
v -9.58795821 36.22692385 0.00000000
v -9.51426133 36.51211636 0.00000000
v -9.43876578 36.79660824 0.00000000
v -9.36146704 37.08039770 0.00000000
v -9.28236056 37.36348296 0.00000000
v -9.20144183 37.64586223 0.00000000
v -9.11870629 37.92753373 0.00000000
v -9.03414943 38.20849568 0.00000000
v -8.94776671 38.48874628 0.00000000
v -8.85955360 38.76828377 0.00000000
v -8.76950556 39.04710634 0.00000000
v -8.67761807 39.32521223 0.00000000
v -8.58388659 39.60259964 0.00000000
v -8.48830658 39.87926679 0.00000000
v -8.39087353 40.15521191 0.00000000
v -8.29158289 40.43043319 0.00000000
v -8.19043013 40.70492887 0.00000000
v -8.08741072 40.97869715 0.00000000
v -7.98252013 41.25173626 0.00000000
v -7.87575383 41.52404440 0.00000000
v -7.76710728 41.79561980 0.00000000
v -7.65657595 42.06646067 0.00000000
v -7.54415531 42.33656523 0.00000000
v -7.42984083 42.60593169 0.00000000
v -7.31362797 42.87455827 0.00000000
v -7.19551220 43.14244318 0.00000000
v -7.07548900 43.40958465 0.00000000
v -6.95355382 43.67598088 0.00000000
v -6.82970214 43.94163010 0.00000000
v -6.70392943 44.20653052 0.00000000
v -6.57623114 44.47068035 0.00000000
v -6.44660275 44.73407782 0.00000000
v -6.31503974 44.99672113 0.00000000
v -6.18153755 45.25860851 0.00000000
v -6.04609167 45.51973817 0.00000000
v -5.90869756 45.78010833 0.00000000
v -5.76935069 46.03971720 0.00000000
v -5.62804652 46.29856300 0.00000000
v -5.48478053 46.55664394 0.00000000
v -5.33954818 46.81395825 0.00000000
v -5.19234494 47.07050413 0.00000000
v -5.04316627 47.32627980 10.00000000
v -4.82730952 47.68846030 10.00000000
v -4.61131665 48.02798071 10.00000000
v -4.39518565 48.34390696 10.00000000
v -4.17891451 48.63530502 10.00000000
v -3.96250123 48.90124083 10.00000000
v -3.74594379 49.14078034 10.00000000
v -3.52924018 49.35298949 10.00000000
v -3.31238841 49.53693423 10.00000000
v -3.09538645 49.69168051 10.00000000
v -2.87823230 49.81629428 10.00000000
v -2.66092396 49.90984149 10.00000000
v -2.44345941 49.97138808 10.00000000
v -2.22583664 50.00000000 10.00000000
v -2.01039189 49.99512343 10.00000000
v -1.79608993 49.95671520 10.00000000
v -1.58165189 49.88390802 10.00000000
v -1.36706702 49.77582022 10.00000000
v -1.15232456 49.63157014 10.00000000
v -0.93741376 49.45027614 10.00000000
v -0.72232388 49.23105654 10.00000000
v -0.50704416 48.97302969 10.00000000
v -0.29156385 48.67531394 10.00000000
v -0.07587219 48.33702762 10.00000000
v 0.14004157 47.95728907 10.00000000
v 0.32620142 47.62368803 10.00000000
v 0.49321484 47.33277435 10.00000000
v 0.65761072 47.04206029 10.00000000
v 0.81940195 46.75154495 10.00000000
v 0.97860146 46.46122742 10.00000000
v 1.13522213 46.17110678 10.00000000
v 1.28927689 45.88118212 10.00000000
v 1.44077863 45.59145252 10.00000000
v 1.58974026 45.30191708 10.00000000
v 1.73617469 45.01257489 10.00000000
v 1.88009482 44.72342502 10.00000000
v 2.02151357 44.43446656 10.00000000
v 2.16044382 44.14569862 10.00000000
v 2.29689850 43.85712026 10.00000000
v 2.43089050 43.56873058 10.00000000
v 2.56243273 43.28052867 10.00000000
v 2.69153810 42.99251362 10.00000000
v 2.81821952 42.70468451 10.00000000
v 2.94248989 42.41704042 10.00000000
v 3.06436211 42.12958045 10.00000000
v 3.18384909 41.84230369 10.00000000
v 3.30096374 41.55520921 10.00000000
v 3.41571897 41.26829612 10.00000000
v 3.52812767 40.98156349 10.00000000
v 3.63820276 40.69501042 10.00000000
v 3.74595714 40.40863599 10.00000000
v 3.85140371 40.12243928 10.00000000
v 3.95455539 39.83641940 10.00000000
v 4.05542508 39.55057541 10.00000000
v 4.15402568 39.26490642 10.00000000
v 4.25037010 38.97941151 10.00000000
v 4.34447125 38.69408976 10.00000000
v 4.43634203 38.40894027 10.00000000
v 4.52599535 38.12396211 10.00000000
v 4.61344411 37.83915439 10.00000000
v 4.69870122 37.55451618 10.00000000
v 4.78177959 37.27004658 10.00000000
v 4.86269212 36.98574466 10.00000000
v 4.94145171 36.70160953 10.00000000
v 5.01807128 36.41764026 10.00000000
v 5.09256373 36.13383594 10.00000000
v 5.16494196 35.85019567 10.00000000
v 5.23521889 35.56671852 10.00000000
v 5.30340741 35.28340359 10.00000000
v 5.36952043 35.00024996 10.00000000
v 5.43357087 34.71725672 10.00000000
v 5.49557161 34.43442296 10.00000000
v 5.55553558 34.15174777 10.00000000
v 5.61347567 33.86923023 10.00000000
v 5.66940480 33.58686943 10.00000000
v 5.72333586 33.30466445 10.00000000
v 5.77528177 33.02261440 10.00000000
v 5.82525542 32.74071834 10.00000000
v 5.87681310 32.43449718 10.00000000
v 5.92647874 32.12549559 10.00000000
v 5.97381921 31.81667369 10.00000000
v 6.01885131 31.50803014 10.00000000
v 6.06159184 31.19956363 10.00000000
v 6.10205760 30.89127282 10.00000000
v 6.14026539 30.58315638 10.00000000
v 6.17623200 30.27521298 10.00000000
v 6.20997424 29.96744130 10.00000000
v 6.24150890 29.65984000 10.00000000
v 6.27085278 29.35240776 10.00000000
v 6.29802268 29.04514325 10.00000000
v 6.32303540 28.73804514 10.00000000
v 6.34590774 28.43111210 10.00000000
v 6.36665650 28.12434281 10.00000000
v 6.38529847 27.81773592 10.00000000
v 6.40185045 27.51129012 10.00000000
v 6.41632925 27.20500408 10.00000000
v 6.42875166 26.89887646 10.00000000
v 6.43913447 26.59290594 10.00000000
v 6.44749450 26.28709120 10.00000000
v 6.45384853 25.98143089 10.00000000
v 6.45821337 25.67592369 10.00000000
v 6.46060581 25.37056828 10.00000000
v 6.46104266 25.06536332 10.00000000
v 6.45954070 24.76030748 10.00000000
v 6.45611675 24.45539944 10.00000000
v 6.45078759 24.15063787 10.00000000
v 6.44357004 23.84602144 10.00000000
v 6.43448088 23.54154882 10.00000000
v 6.42353691 23.23721868 10.00000000
v 6.41075494 22.93302969 10.00000000
v 6.39615176 22.62898053 10.00000000
v 6.37974417 22.32506986 10.00000000
v 6.36154897 22.02129636 10.00000000
v 6.34158296 21.71765870 10.00000000
v 6.31986293 21.41415554 10.00000000
v 6.29640569 21.11078557 10.00000000
v 6.27122804 20.80754744 10.00000000
v 6.24434677 20.50443984 10.00000000
v 6.21577867 20.20146143 10.00000000
v 6.18554056 19.89861088 10.00000000
v 6.15364923 19.59588688 10.00000000
v 6.12012148 19.29328807 10.00000000
v 6.08497410 18.99081315 10.00000000
v 6.04822389 18.68846078 10.00000000
v 6.00988766 18.38622963 10.00000000
v 5.96998220 18.08411837 10.00000000
v 5.92852431 17.78212567 10.00000000
v 5.88553079 17.48025020 10.00000000
v 5.84101844 17.17849065 10.00000000
v 5.79500406 16.87684567 10.00000000
v 5.74750444 16.57531393 10.00000000
v 5.69853638 16.27389412 10.00000000
v 5.64811669 15.97258490 10.00000000
v 5.59626216 15.67138493 10.00000000
v 5.54298958 15.37029290 10.00000000
v 5.48831577 15.06930748 10.00000000
v 5.43225751 14.76842733 10.00000000
v 5.37483161 14.46765113 10.00000000
v 5.31605487 14.16697754 10.00000000
v 5.25594408 13.86640524 10.00000000
v 5.19451603 13.56593291 10.00000000
v 5.13178754 13.26555920 10.00000000
v 5.06777540 12.96528280 10.00000000
v 5.00249641 12.66510237 10.00000000
v 4.93596736 12.36501658 10.00000000
v 4.86820506 12.06502412 10.00000000
v 4.79922630 11.76512363 10.00000000
v 4.72904788 11.46531381 10.00000000
v 4.65768661 11.16559332 10.00000000
v 4.58515927 10.86596083 10.00000000
v 4.51148267 10.56641501 10.00000000
v 4.43667361 10.26695453 10.00000000
v 4.36074889 9.96757807 10.00000000
v 4.28372530 9.66828429 10.00000000
v 4.20561964 9.36907187 10.00000000
v 4.12644871 9.06993948 10.00000000
v 4.04622932 8.77088579 10.00000000
v 3.96497825 8.47190947 10.00000000
v 3.88271231 8.17300919 10.00000000
v 3.79944830 7.87418362 10.00000000
v 3.71520301 7.57543144 10.00000000
v 3.62999325 7.27675132 10.00000000
v 3.54383580 6.97814192 10.00000000
v 3.45623864 6.67623383 10.00000000
v 3.33544136 6.08273393 10.00000000
v 3.24730750 5.55999839 10.00000000
v 3.19089505 5.10599241 10.00000000
v 3.16526196 4.71868120 10.00000000
v 3.16946621 4.39602997 10.00000000
v 3.20256576 4.13600394 10.00000000
v 3.26361858 3.93656829 10.00000000
v 3.35168263 3.79568826 10.00000000
v 3.46581588 3.71132903 10.00000000
v 3.60507630 3.68145583 10.00000000
v 3.76852186 3.70403386 10.00000000
v 3.79611838 3.68285043 10.00000000
v 3.86008021 3.75215500 10.00000000
v 4.14996964 4.06434873 10.00000000
v 4.44096110 4.37581208 10.00000000
v 4.73304661 4.68652212 10.00000000
v 5.02621815 4.99645591 10.00000000
v 5.32046776 5.30559051 10.00000000
v 5.61578742 5.61390299 10.00000000
v 5.91216915 5.92137040 10.00000000
v 6.20960496 6.22796982 10.00000000
v 6.50808686 6.53367830 10.00000000
v 6.80760685 6.83847290 10.00000000
v 7.10815693 7.14233070 10.00000000
v 7.40972913 7.44522875 10.00000000
v 7.71231543 7.74714412 10.00000000
v 8.01590786 8.04805387 10.00000000
v 8.32049842 8.34793506 10.00000000
v 8.62607912 8.64676476 10.00000000
v 8.93264196 8.94452003 10.00000000
v 9.24017895 9.24117793 10.00000000
v 9.54868210 9.53671553 10.00000000
v 9.85814342 9.83110989 10.00000000
v 10.16855492 10.12433807 10.00000000
v 10.47990859 10.41637714 10.00000000
v 10.79219646 10.70720415 10.00000000
v 11.10541052 10.99679618 10.00000000
v 11.41954278 11.28513029 10.00000000
v 11.73458526 11.57218353 10.00000000
v 12.05052996 11.85793297 10.00000000
v 12.36736888 12.14235568 10.00000000
v 12.68509404 12.42542872 10.00000000
v 13.00369744 12.70712915 10.00000000
v 13.32317110 12.98743403 10.00000000
v 13.64350700 13.26632043 10.00000000
v 13.96469718 13.54376541 10.00000000
v 14.28673362 13.81974604 10.00000000
v 14.60960834 14.09423937 10.00000000
v 14.93331335 14.36722248 10.00000000
v 15.25784066 14.63867241 10.00000000
v 15.58318227 14.90856625 10.00000000
v 15.90933018 15.17688104 10.00000000
v 16.23627642 15.44359386 10.00000000
v 16.56401298 15.70868177 10.00000000
v 16.89253187 15.97212182 10.00000000
v 17.22182510 16.23389109 10.00000000
v 17.55188468 16.49396663 10.00000000
v 17.88270261 16.75232551 10.00000000
v 18.21427090 17.00894480 10.00000000
v 18.54658157 17.26380155 10.00000000
v 18.87962661 17.51687283 10.00000000
v 19.21339803 17.76813570 10.00000000
v 19.54788785 18.01756722 10.00000000
v 19.88308807 18.26514447 10.00000000
v 20.21899069 18.51084449 10.00000000
v 20.55558773 18.75464436 10.00000000
v 20.89287119 18.99652114 10.00000000
v 21.23083308 19.23645189 10.00000000
v 21.56946541 19.47441368 10.00000000
v 21.90876018 19.71038356 10.00000000
v 22.24870941 19.94433860 10.00000000
v 22.58930509 20.17625587 10.00000000
v 22.93053924 20.40611242 10.00000000
v 23.27240387 20.63388532 10.00000000
v 23.61489098 20.85955164 10.00000000
v 23.95799258 21.08308843 10.00000000
v 24.30170067 21.30447276 10.00000000
v 24.64600727 21.52368170 10.00000000
v 24.99090438 21.74069230 10.00000000
v 25.33638401 21.95548163 10.00000000
v 25.68243817 22.16802676 10.00000000
v 26.02905887 22.37830474 10.00000000
v 26.37623810 22.58629264 10.00000000
v 26.72396789 22.79196752 10.00000000
v 27.07224023 22.99530644 10.00000000
v 27.42104714 23.19628648 10.00000000
v 27.77038062 23.39488468 10.00000000
v 28.12023268 23.59107813 10.00000000
v 28.47059533 23.78484386 10.00000000
v 28.82146057 23.97615897 10.00000000
v 29.17282041 24.16500049 10.00000000
v 29.52466687 24.35134550 10.00000000
v 29.87699194 24.53517107 10.00000000
v 30.22978764 24.71645424 10.00000000
v 30.57996443 24.90846002 10.00000000
v 30.91995345 25.08501585 10.00000000
v 31.24960748 25.24608495 10.00000000
v 31.56877931 25.39163049 10.00000000
v 31.87732172 25.52161568 10.00000000
v 32.17508750 25.63600372 10.00000000
v 32.46192943 25.73475780 10.00000000
v 32.73770030 25.81784112 10.00000000
v 33.00225289 25.88521687 10.00000000
v 33.25543999 25.93684825 10.00000000
v 33.49711438 25.97269845 10.00000000
v 33.72712885 25.99273068 10.00000000
v 33.95557200 25.99670702 10.00000000
v 34.20169600 25.97970078 10.00000000
v 34.43021301 25.93956030 10.00000000
v 34.64086451 25.87622003 10.00000000
v 34.83339202 25.78961437 10.00000000
v 35.00753703 25.67967775 10.00000000
v 35.16304103 25.54634461 10.00000000
v 35.29964553 25.38954935 10.00000000
v 35.41709201 25.20922641 10.00000000
v 35.51512200 25.00531021 10.00000000
v 35.59347696 24.77773517 10.00000000
v 35.65189842 24.52643572 10.00000000
v 35.69012786 24.25134628 10.00000000
v 35.70790679 23.95240128 10.00000000
v 35.70497669 23.62953514 10.00000000
v 35.68107908 23.28268228 10.00000000
v 35.63595544 22.91177713 10.00000000
v 35.56934727 22.51675412 10.00000000
v 35.48099608 22.09754766 10.00000000
v 35.37064336 21.65409218 10.00000000
v 35.23803061 21.18632211 10.00000000
v 35.08289933 20.69417187 10.00000000
v 34.91881994 20.16979723 10.00000000
v 34.75814562 19.64146052 10.00000000
v 34.59733558 19.11871714 10.00000000
v 34.43639182 18.60154293 10.00000000
v 34.27531637 18.08991373 10.00000000
v 34.11411125 17.58380537 10.00000000
v 33.95277847 17.08319371 10.00000000
v 33.79132006 16.58805457 10.00000000
v 33.62973803 16.09836381 10.00000000
v 33.46803442 15.61409726 10.00000000
v 33.30621123 15.13523077 10.00000000
v 33.14427049 14.66174018 10.00000000
v 32.98221421 14.19360132 10.00000000
v 32.82004443 13.73079003 10.00000000
v 32.65776315 13.27328217 10.00000000
v 32.49537240 12.82105357 10.00000000
v 32.33287420 12.37408006 10.00000000
v 32.17027056 11.93233750 10.00000000
v 32.00756352 11.49580173 10.00000000
v 31.84475508 11.06444857 10.00000000
v 31.68184727 10.63825389 10.00000000
v 31.51884211 10.21719351 10.00000000
v 31.35574162 9.80124327 10.00000000
v 31.19254782 9.39037902 10.00000000
v 31.02926273 8.98457661 10.00000000
v 30.86588836 8.58381186 10.00000000
v 30.70242675 8.18806063 10.00000000
v 30.53887990 7.79729874 10.00000000
v 30.37524985 7.41150206 10.00000000
v 30.21153860 7.03064640 10.00000000
v 30.04774819 6.65470762 10.00000000
v 29.88388062 6.28366156 10.00000000
v 29.71993792 5.91748406 10.00000000
v 29.55592212 5.55615095 10.00000000
v 29.39183522 5.19963809 10.00000000
v 29.22767926 4.84792130 10.00000000
v 29.06345624 4.50097644 10.00000000
v 28.89916820 4.15877934 10.00000000
v 28.73481714 3.82130584 10.00000000
v 28.57040510 3.48853179 10.00000000
v 28.40593409 3.16043303 10.00000000
v 28.24140613 2.83698539 10.00000000
v 28.07682324 2.51816472 10.00000000
v 27.91218744 2.20394686 10.00000000
v 27.74750076 1.89430765 10.00000000
v 27.58276520 1.58922294 10.00000000
v 27.41798280 1.28866855 10.00000000
v 27.25315557 0.99262034 10.00000000
v 27.08828553 0.70105414 10.00000000
v 26.92337470 0.41394580 10.00000000
v 26.75842511 0.13127115 10.00000000
v 26.59343877 -0.14699395 10.00000000
v 26.42841770 -0.42087368 10.00000000
v 26.26336392 -0.69039219 10.00000000
v 26.09827945 -0.95557364 10.00000000
v 25.93316632 -1.21644219 10.00000000
v 25.76802654 -1.47302199 10.00000000
v 25.60286214 -1.72533721 10.00000000
v 25.43767512 -1.97341201 10.00000000
v 25.27246753 -2.21727053 10.00000000
v 25.10724136 -2.45693696 10.00000000
v 24.94199865 -2.69243543 10.00000000
v 24.77674141 -2.92379011 10.00000000
v 24.61147166 -3.15102517 10.00000000
v 24.44619143 -3.37416475 10.00000000
v 24.28090274 -3.59323302 10.00000000
v 24.11560759 -3.80825414 10.00000000
v 23.95030802 -4.01925226 10.00000000
v 23.78500605 -4.22625155 10.00000000
v 23.61970369 -4.42927616 10.00000000
v 23.45440297 -4.62835025 10.00000000
v 23.28910590 -4.82349799 10.00000000
v 23.12381450 -5.01474352 10.00000000
v 22.95853080 -5.20211101 10.00000000
v 22.79325681 -5.38562463 10.00000000
v 22.62799457 -5.56530852 10.00000000
v 22.46274607 -5.74118684 10.00000000
v 22.29751335 -5.91328376 10.00000000
v 22.13229843 -6.08162344 10.00000000
v 21.96710332 -6.24623002 10.00000000
v 21.80193005 -6.40712768 10.00000000
v 21.63678063 -6.56434057 10.00000000
v 21.47165709 -6.71789286 10.00000000
v 21.30656145 -6.86780868 10.00000000
v 21.14149572 -7.01411222 10.00000000
v 20.97646193 -7.15682762 10.00000000
v 20.81146210 -7.29597905 10.00000000
v 20.64649824 -7.43159067 10.00000000
v 20.48157238 -7.56368663 10.00000000
v 20.31668654 -7.69229109 10.00000000
v 20.15184273 -7.81742821 10.00000000
v 19.98704298 -7.93912215 10.00000000
v 19.82228931 -8.05739707 10.00000000
v 19.65758373 -8.17227713 10.00000000
v 19.49292827 -8.28378649 10.00000000
v 19.32832496 -8.39194930 10.00000000
v 19.16377579 -8.49678973 10.00000000
v 18.99928281 -8.59833193 10.00000000
v 18.83484802 -8.69660006 10.00000000
v 18.67047346 -8.79161829 10.00000000
v 18.50616113 -8.88341077 10.00000000
v 18.34191306 -8.97200166 10.00000000
v 18.17773126 -9.05741511 10.00000000
v 18.01361777 -9.13967530 10.00000000
v 17.84957459 -9.21880637 10.00000000
v 17.68560376 -9.29483249 10.00000000
v 17.52170728 -9.36777781 10.00000000
v 17.35788718 -9.43766650 10.00000000
v 17.19414548 -9.50452271 10.00000000
v 17.03048421 -9.56837060 10.00000000
v 16.86690537 -9.62923433 10.00000000
v 16.70341098 -9.68713806 10.00000000
v 16.54000308 -9.74210594 10.00000000
v 16.37668368 -9.79416215 10.00000000
v 16.21345480 -9.84333083 10.00000000
v 16.05031846 -9.88963615 10.00000000
v 15.88727668 -9.93310226 10.00000000
v 15.72433148 -9.97375332 10.00000000
v 15.56148488 -10.01161350 10.00000000
v 15.39873890 -10.04670695 10.00000000
v 15.23609556 -10.07905783 10.00000000
v 15.07355689 -10.10869029 10.00000000
v 14.91112489 -10.13562851 10.00000000
v 14.74880159 -10.15989663 10.00000000
v 14.58658902 -10.18151882 10.00000000
v 14.42448919 -10.20051923 10.00000000
v 14.28549863 -10.19718827 10.00000000
v 14.57196078 -9.82700307 10.00000000
v 14.85292780 -9.46048402 10.00000000
v 15.12845614 -9.09759348 10.00000000
v 15.39860224 -8.73829380 10.00000000
v 15.66342255 -8.38254736 10.00000000
v 15.92297351 -8.03031651 10.00000000
v 16.17731156 -7.68156362 10.00000000
v 16.42649315 -7.33625106 10.00000000
v 16.67057472 -6.99434117 10.00000000
v 16.90961271 -6.65579633 10.00000000
v 17.14366357 -6.32057890 10.00000000
v 17.37278375 -5.98865123 10.00000000
v 17.59702968 -5.65997570 10.00000000
v 17.81645780 -5.33451467 10.00000000
v 18.03112457 -5.01223049 10.00000000
v 18.24108643 -4.69308553 10.00000000
v 18.44639982 -4.37704216 10.00000000
v 18.64712118 -4.06406273 10.00000000
v 18.84330695 -3.75410961 10.00000000
v 19.03501359 -3.44714516 10.00000000
v 19.22229753 -3.14313174 10.00000000
v 19.40521522 -2.84203172 10.00000000
v 19.58382310 -2.54380745 10.00000000
v 19.75817762 -2.24842131 10.00000000
v 19.92833521 -1.95583565 10.00000000
v 20.09435233 -1.66601283 10.00000000
v 20.25628541 -1.37891523 10.00000000
v 20.41419090 -1.09450519 10.00000000
v 20.56812525 -0.81274509 10.00000000
v 20.71814489 -0.53359728 10.00000000
v 20.86430627 -0.25702413 10.00000000
v 21.00666584 0.01701200 10.00000000
v 21.14528003 0.28854875 10.00000000
v 21.28020530 0.55762375 10.00000000
v 21.41149808 0.82427464 10.00000000
v 21.53921482 1.08853906 10.00000000
v 21.66341196 1.35045465 10.00000000
v 21.78414594 1.61005905 10.00000000
v 21.90147322 1.86738988 10.00000000
v 22.01545023 2.12248480 10.00000000
v 22.12613341 2.37538143 10.00000000
v 22.23357922 2.62611741 10.00000000
v 22.33784409 2.87473039 10.00000000
v 22.43898446 3.12125800 10.00000000
v 22.53705679 3.36573787 10.00000000
v 22.63211752 3.60820764 10.00000000
v 22.72422308 3.84870496 10.00000000
v 22.81342992 4.08726746 10.00000000
v 22.89979449 4.32393278 10.00000000
v 22.98337323 4.55873854 10.00000000
v 23.06422258 4.79172240 10.00000000
v 23.14239898 5.02292199 10.00000000
v 23.21795889 5.25237495 10.00000000
v 23.29095874 5.48011891 10.00000000
v 23.36145498 5.70619151 10.00000000
v 23.42950405 5.93063039 10.00000000
v 23.49516239 6.15347319 10.00000000
v 23.55848645 6.37475754 10.00000000
v 23.61953267 6.59452108 10.00000000
v 23.67835750 6.81280145 10.00000000
v 23.73501738 7.02963629 10.00000000
v 23.78956875 7.24506323 10.00000000
v 23.84206806 7.45911991 10.00000000
v 23.89257174 7.67184397 10.00000000
v 23.94113625 7.88327305 10.00000000
v 23.98781803 8.09344478 10.00000000
v 24.03267351 8.30239681 10.00000000
v 24.07575916 8.51016676 10.00000000
v 24.11713140 8.71679228 10.00000000
v 24.15684668 8.92231100 10.00000000
v 24.19496144 9.12676056 10.00000000
v 24.23153214 9.33017860 10.00000000
v 24.02722247 9.24350469 10.00000000
v 23.69920439 9.00520457 10.00000000
v 23.37349952 8.76683714 10.00000000
v 23.05010743 8.52839992 10.00000000
v 22.72902774 8.28989042 10.00000000
v 22.41026003 8.05130617 10.00000000
v 22.09380390 7.81264467 10.00000000
v 21.77965894 7.57390345 10.00000000
v 21.46782475 7.33508002 10.00000000
v 21.15830092 7.09617190 10.00000000
v 20.85108704 6.85717660 10.00000000
v 20.54618271 6.61809164 10.00000000
v 20.24358753 6.37891454 10.00000000
v 19.94330109 6.13964281 10.00000000
v 19.64532297 5.90027397 10.00000000
v 19.34965279 5.66080554 10.00000000
v 19.05629012 5.42123503 10.00000000
v 18.76523457 5.18155996 10.00000000
v 18.47648573 4.94177784 10.00000000
v 18.19004319 4.70188620 10.00000000
v 17.90590656 4.46188254 10.00000000
v 17.62407541 4.22176439 10.00000000
v 17.34454935 3.98152926 10.00000000
v 17.06732797 3.74117467 10.00000000
v 16.79241087 3.50069814 10.00000000
v 16.51979764 3.26009717 10.00000000
v 16.24948787 3.01936929 10.00000000
v 15.98148116 2.77851202 10.00000000
v 15.71577710 2.53752286 10.00000000
v 15.45237529 2.29639935 10.00000000
v 15.19127532 2.05513898 10.00000000
v 14.93247678 1.81373929 10.00000000
v 14.67597928 1.57219778 10.00000000
v 14.42178240 1.33051197 10.00000000
v 14.16988573 1.08867939 10.00000000
v 13.92028888 0.84669753 10.00000000
v 13.67299144 0.60456393 10.00000000
v 13.42799300 0.36227610 10.00000000
v 13.18529315 0.11983156 10.00000000
v 12.94489149 -0.12277219 10.00000000
v 12.70678762 -0.36553762 10.00000000
v 12.47098113 -0.60846721 10.00000000
v 12.23747160 -0.85156346 10.00000000
v 12.00625865 -1.09482883 10.00000000
v 11.77734186 -1.33826582 10.00000000
v 11.55072082 -1.58187692 10.00000000
v 11.32639513 -1.82566459 10.00000000
v 11.10436439 -2.06963134 10.00000000
v 10.88462818 -2.31377963 10.00000000
v 10.66718611 -2.55811196 10.00000000
v 10.45203777 -2.80263080 10.00000000
v 10.23918274 -3.04733865 10.00000000
v 10.02862063 -3.29223798 10.00000000
v 9.82035104 -3.53733128 10.00000000
v 9.61437354 -3.78262103 10.00000000
v 9.41068775 -4.02810972 10.00000000
v 9.20929324 -4.27379983 10.00000000
v 9.01018963 -4.51969383 10.00000000
v 8.81337650 -4.76579423 10.00000000
v 8.61885344 -5.01210349 10.00000000
v 8.42662005 -5.25862411 10.00000000
v 8.23667593 -5.50535856 10.00000000
v 8.04902066 -5.75230934 10.00000000
v 7.86365385 -5.99947891 10.00000000
v 7.68057509 -6.24686978 10.00000000
v 7.49978396 -6.49448441 10.00000000
v 7.32128008 -6.74232530 10.00000000
v 7.14506302 -6.99039493 10.00000000
v 6.97113239 -7.23869578 10.00000000
v 6.79948778 -7.48723034 10.00000000
v 6.63012878 -7.73600108 10.00000000
v 6.46305498 -7.98501049 10.00000000
v 6.29826599 -8.23426106 10.00000000
v 6.13576140 -8.48375527 10.00000000
v 5.97554079 -8.73349561 10.00000000
v 5.81760377 -8.98348454 10.00000000
v 5.66194993 -9.23372457 10.00000000
v 5.50857886 -9.48421817 10.00000000
v 5.35749016 -9.73496783 10.00000000
v 5.20868342 -9.98597603 10.00000000
v 5.06215824 -10.23724525 10.00000000
v 4.91791421 -10.48877798 10.00000000
v 4.77595092 -10.74057670 10.00000000
v 4.63626797 -10.99264390 10.00000000
v 4.49886495 -11.24498205 10.00000000
v 4.36374146 -11.49759364 10.00000000
v 4.23089710 -11.75048116 10.00000000
v 4.10033145 -12.00364709 10.00000000
v 3.97204411 -12.25709391 10.00000000
v 3.84603467 -12.51082411 10.00000000
v 3.72230274 -12.76484017 10.00000000
v 3.60084789 -13.01914457 10.00000000
v 3.48166974 -13.27373979 10.00000000
v 3.36476787 -13.52862833 10.00000000
v 3.25014187 -13.78381265 10.00000000
v 3.13779134 -14.03929526 10.00000000
v 3.02771588 -14.29507863 10.00000000
v 2.91991508 -14.55116524 10.00000000
v 2.81438853 -14.80755757 10.00000000
v 2.71113583 -15.06425812 10.00000000
v 2.61015657 -15.32126937 10.00000000
v 2.51145035 -15.57859379 10.00000000
v 2.41501676 -15.83623387 10.00000000
v 2.32085539 -16.09419210 10.00000000
v 2.22896584 -16.35247096 10.00000000
v 2.13934771 -16.61107293 10.00000000
v 2.05200058 -16.87000049 10.00000000
v 1.96692406 -17.12925614 10.00000000
v 1.88411773 -17.38884235 10.00000000
v 1.80358119 -17.64876160 10.00000000
v 1.72531404 -17.90901639 10.00000000
v 1.64931587 -18.16960919 10.00000000
v 1.57558627 -18.43054248 10.00000000
v 1.50412484 -18.69181876 10.00000000
v 1.43493117 -18.95344050 10.00000000
v 1.36800485 -19.21541019 10.00000000
v 1.30334549 -19.47773031 10.00000000
v 1.24095268 -19.74040334 10.00000000
v 1.18082600 -20.00343178 10.00000000
v 1.12296505 -20.26681809 10.00000000
v 1.06736944 -20.53056477 10.00000000
v 1.01403875 -20.79467430 10.00000000
v 0.96297257 -21.05914917 10.00000000
v 0.91417050 -21.32399185 10.00000000
v 0.86763214 -21.58920482 10.00000000
v 0.82335708 -21.85479058 10.00000000
v 0.78134491 -22.12075161 10.00000000
v 0.74159524 -22.38709039 10.00000000
v 0.70410764 -22.65380940 10.00000000
v 0.66888172 -22.92091113 10.00000000
v 0.63591707 -23.18839806 10.00000000
v 0.60521329 -23.45627268 10.00000000
v 0.57676996 -23.72453746 10.00000000
v 0.55058669 -23.99319490 10.00000000
v 0.52666307 -24.26224747 10.00000000
v 0.50499869 -24.53169765 10.00000000
v 0.48559315 -24.80154794 10.00000000
v 0.46844604 -25.07180082 10.00000000
v 0.45355695 -25.34245877 10.00000000
v 0.44092548 -25.61352426 10.00000000
v 0.43055123 -25.88499980 10.00000000
v 0.42243379 -26.15688785 10.00000000
v 0.41657274 -26.42919091 10.00000000
v 0.41296770 -26.70191145 10.00000000
v 0.41161825 -26.97505197 10.00000000
v 0.41252398 -27.24861494 10.00000000
v 0.41568449 -27.52260284 10.00000000
v 0.42109938 -27.79701817 10.00000000
v 0.42876823 -28.07186340 10.00000000
v 0.43869065 -28.34714102 10.00000000
v 0.45086622 -28.62285352 10.00000000
v 0.46529454 -28.89900336 10.00000000
v 0.48197522 -29.17559305 10.00000000
v 0.50090783 -29.45262506 10.00000000
v 0.52209197 -29.73010187 10.00000000
v 0.54552724 -30.00802598 10.00000000
v 0.57121324 -30.28639985 10.00000000
v 0.59914955 -30.56522598 10.00000000
v 0.62933578 -30.84450686 10.00000000
v 0.66177151 -31.12424495 10.00000000
v 0.69645634 -31.40444276 10.00000000
v 0.73338986 -31.68510275 10.00000000
v 0.77257167 -31.96622742 10.00000000
v 0.81400137 -32.24781925 10.00000000
v 0.85767854 -32.52988071 10.00000000
v 0.90360279 -32.81241431 10.00000000
v 0.95177369 -33.09542251 10.00000000
v 1.00219086 -33.37890780 10.00000000
v 1.05485389 -33.66287267 10.00000000
v 1.10976236 -33.94731960 10.00000000
v 1.16691588 -34.23225106 10.00000000
v 1.22631403 -34.51766956 10.00000000
v 1.28795642 -34.80357757 10.00000000
v 1.35184263 -35.08997756 10.00000000
v 1.41797226 -35.37687204 10.00000000
v 1.48634490 -35.66426347 10.00000000
v 1.55696016 -35.95215435 10.00000000
v 1.62981761 -36.24054716 10.00000000
v 1.70491687 -36.52944438 10.00000000
v 1.78225751 -36.81884849 10.00000000
v 1.86183914 -37.10876198 10.00000000
v 1.94366136 -37.39918733 10.00000000
v 2.02772374 -37.69012702 10.00000000
v 2.11402590 -37.98158355 10.00000000
v 2.20256742 -38.27355938 10.00000000
v 2.29334789 -38.56605702 10.00000000
v 2.38552118 -38.86659733 10.00000000
v 2.46644823 -39.25654654 10.00000000
v 2.54322207 -39.64259846 10.00000000
v 2.61530574 -40.02425077 10.00000000
v 2.68216226 -40.40100117 10.00000000
v 2.74325466 -40.77234735 10.00000000
v 2.79804598 -41.13778700 10.00000000
v 2.84599924 -41.49681780 10.00000000
v 2.88657746 -41.84893744 10.00000000
v 2.91924369 -42.19364362 10.00000000
v 2.94346093 -42.53043402 10.00000000
v 2.95869223 -42.85880633 10.00000000
v 2.96440062 -43.17825824 10.00000000
v 2.96004911 -43.48828744 10.00000000
v 2.94510074 -43.78839163 10.00000000
v 2.91901854 -44.07806848 10.00000000
v 2.88126554 -44.35681568 10.00000000
v 2.83130475 -44.62413094 10.00000000
v 2.76859923 -44.87951193 10.00000000
v 2.69261198 -45.12245634 10.00000000
v 2.60280604 -45.35246188 10.00000000
v 2.49864444 -45.56902621 10.00000000
v 2.37959020 -45.77164704 10.00000000
v 2.24510636 -45.95982205 10.00000000
v 2.09465594 -46.13304893 10.00000000
v 1.92770198 -46.29082537 10.00000000
v 1.74367649 -46.43623822 10.00000000
v 1.55036423 -46.67490004 10.00000000
v 1.35702776 -46.91356187 10.00000000
v 1.16367514 -47.15222370 10.00000000
v 0.97031441 -47.39088553 10.00000000
v 0.77695362 -47.62954735 10.00000000
v 0.58360083 -47.86820918 10.00000000
v 0.39026408 -48.10687101 10.00000000
v 0.19695144 -48.34553283 10.00000000
v 0.00367095 -48.58419466 10.00000000
v -0.18956933 -48.82285649 10.00000000
v -0.38276136 -49.06151831 10.00000000
v -0.57589707 -49.30018014 10.00000000
v -0.84661975 -49.54341367 10.00000000
v -1.10911373 -49.73675473 10.00000000
v -1.35502810 -49.87734442 10.00000000
v -1.58433860 -49.96511532 10.00000000
v -1.79702095 -50.00000000 10.00000000
v -1.99305088 -49.98193105 10.00000000
v -2.17240411 -49.91084104 10.00000000
v -2.33505639 -49.78666255 10.00000000
v -2.48098343 -49.60932816 10.00000000
v -2.61016096 -49.37877045 10.00000000
v -2.72256472 -49.09492200 10.00000000
v -2.81817043 -48.75771538 10.00000000
v -2.89695381 -48.36708318 10.00000000
v -2.95889060 -47.92295798 10.00000000
v -3.00395653 -47.42527234 10.00000000
v -3.05356953 -47.04605591 10.00000000
v -3.10958013 -46.74572465 10.00000000
v -3.16352006 -46.44496145 10.00000000
v -3.21542160 -46.14377839 10.00000000
v -3.26531703 -45.84218757 10.00000000
v -3.31323865 -45.54020107 10.00000000
v -3.35921871 -45.23783100 10.00000000
v -3.40328952 -44.93508943 10.00000000
v -3.44548335 -44.63198848 10.00000000
v -3.48583248 -44.32854021 10.00000000
v -3.52436919 -44.02475674 10.00000000
v -3.56112577 -43.72065015 10.00000000
v -3.59613450 -43.41623253 10.00000000
v -3.62942765 -43.11151597 10.00000000
v -3.66103751 -42.80651257 10.00000000
v -3.69099636 -42.50123442 10.00000000
v -3.71933648 -42.19569361 10.00000000
v -3.74609016 -41.88990223 10.00000000
v -3.77128967 -41.58387238 10.00000000
v -3.79496729 -41.27761614 10.00000000
v -3.81715532 -40.97114561 10.00000000
v -3.83788602 -40.66447288 10.00000000
v -3.85719169 -40.35761005 10.00000000
v -3.87510459 -40.05056920 10.00000000
v -3.89165702 -39.74336243 10.00000000
v -3.90688126 -39.43600182 10.00000000
v -3.92080958 -39.12849948 10.00000000
v -3.93347427 -38.82086749 10.00000000
v -3.94490760 -38.51311794 10.00000000
v -3.95514187 -38.20526294 10.00000000
v -3.96420935 -37.89731456 10.00000000
v -3.97214233 -37.58928490 10.00000000
v -3.97897307 -37.28118606 10.00000000
v -3.98473388 -36.97303012 10.00000000
v -3.98945702 -36.66482918 10.00000000
v -3.99317478 -36.35659533 10.00000000
v -3.99591944 -36.04834066 10.00000000
v -3.99772329 -35.74007726 10.00000000
v -3.99861860 -35.43181723 10.00000000
v -3.99863765 -35.12357265 10.00000000
v -3.99781273 -34.81535563 10.00000000
v -3.99617612 -34.50717825 10.00000000
v -3.99376009 -34.19905260 10.00000000
v -3.99059694 -33.89099078 10.00000000
v -3.98671894 -33.58300487 10.00000000
v -3.98215837 -33.27510697 10.00000000
v -3.97694752 -32.96730918 10.00000000
v -3.97111867 -32.65962358 10.00000000
v -3.96470409 -32.35206227 10.00000000
v -3.95773607 -32.04463733 10.00000000
v -3.95024689 -31.73736087 10.00000000
v -3.94226884 -31.43024496 10.00000000
v -3.93383419 -31.12330172 10.00000000
v -3.92497522 -30.81654321 10.00000000
v -3.91572422 -30.50998155 10.00000000
v -3.90611347 -30.20362881 10.00000000
v -3.89617525 -29.89749710 10.00000000
v -3.88594184 -29.59159850 10.00000000
v -3.87544552 -29.28594511 10.00000000
v -3.86471857 -28.98054902 10.00000000
v -3.86833434 -28.66494611 10.00000000
v -3.96239709 -28.33688298 10.00000000
v -4.07982081 -28.08905107 10.00000000
v -4.22262476 -27.92847534 10.00000000
v -4.39282824 -27.86218071 10.00000000
v -4.59245053 -27.89719213 10.00000000
v -4.82351091 -28.04053455 10.00000000
v -5.08802866 -28.29923291 10.00000000
v -5.38802308 -28.68031215 10.00000000
v -5.71151109 -29.08422297 10.00000000
v -6.03130355 -29.44722751 10.00000000
v -6.34778805 -29.80463186 10.00000000
v -6.66097258 -30.15645896 10.00000000
v -6.97086514 -30.50273176 10.00000000
v -7.27747371 -30.84347318 10.00000000
v -7.58080629 -31.17870617 10.00000000
v -7.88087088 -31.50845366 10.00000000
v -8.17767545 -31.83273859 10.00000000
v -8.47122802 -32.15158390 10.00000000
v -8.76153657 -32.46501252 10.00000000
v -9.04860908 -32.77304738 10.00000000
v -9.33245357 -33.07571144 10.00000000
v -9.61307800 -33.37302761 10.00000000
v -9.89049039 -33.66501885 10.00000000
v -10.16469872 -33.95170808 10.00000000
v -10.43571099 -34.23311825 10.00000000
v -10.70353518 -34.50927228 10.00000000
v -10.96817930 -34.78019313 10.00000000
v -11.22965132 -35.04590371 10.00000000
v -11.48795925 -35.30642698 10.00000000
v -11.74311107 -35.56178586 10.00000000
v -11.99511479 -35.81200330 10.00000000
v -12.24397839 -36.05710223 10.00000000
v -12.48970986 -36.29710559 10.00000000
v -12.73231720 -36.53203631 10.00000000
v -12.97180840 -36.76191733 10.00000000
v -13.20819145 -36.98677159 10.00000000
v -13.44147434 -37.20662203 10.00000000
v -13.67166507 -37.42149157 10.00000000
v -13.89877164 -37.63140317 10.00000000
v -14.12280202 -37.83637975 10.00000000
v -14.34376422 -38.03644425 10.00000000
v -14.56166622 -38.23161962 10.00000000
v -14.77651603 -38.42192878 10.00000000
v -14.98832162 -38.60739467 10.00000000
v -15.19709100 -38.78804023 10.00000000
v -15.40283216 -38.96388839 10.00000000
v -15.60555309 -39.13496210 10.00000000
v -15.80526178 -39.30128429 10.00000000
v -16.00196622 -39.46287790 10.00000000
v -16.19567441 -39.61976586 10.00000000
v -16.38639434 -39.77197111 10.00000000
v -16.57413401 -39.91951659 10.00000000
v -16.75890139 -40.06242523 10.00000000
v -16.94070450 -40.20071997 10.00000000
v -17.11955131 -40.33442375 10.00000000
v -17.29544982 -40.46355951 10.00000000
v -17.46840803 -40.58815017 10.00000000
v -17.63843393 -40.70821869 10.00000000
v -17.80553550 -40.82378799 10.00000000
v -17.96972075 -40.93488101 10.00000000
v -18.13099766 -41.04152068 10.00000000
v -18.28937423 -41.14372996 10.00000000
v -18.44485845 -41.24153176 10.00000000
v -18.59745831 -41.33494904 10.00000000
v -18.74718180 -41.42400472 10.00000000
v -18.89403692 -41.50872174 10.00000000
v -19.03803166 -41.58912305 10.00000000
v -19.17917402 -41.66523156 10.00000000
v -19.31747197 -41.73707024 10.00000000
v -19.45293353 -41.80466200 10.00000000
v -19.58556667 -41.86802978 10.00000000
v -19.71537939 -41.92719654 10.00000000
v -19.84237969 -41.98218519 10.00000000
v -19.96657556 -42.03301868 10.00000000
v -20.08797498 -42.07971994 10.00000000
v -20.20658596 -42.12231191 10.00000000
v -20.32241648 -42.16081753 10.00000000
v -20.43547454 -42.19525974 10.00000000
v -20.54576812 -42.22566146 10.00000000
v -20.65330523 -42.25204564 10.00000000
v -20.75809386 -42.27443522 10.00000000
v -20.86014199 -42.29285313 10.00000000
v -20.95945761 -42.30732231 10.00000000
v -21.05604874 -42.31786569 10.00000000
v -21.14992334 -42.32450622 10.00000000
v -21.24108942 -42.32726682 10.00000000
v -21.32955497 -42.32617044 10.00000000
v -21.41532799 -42.32124001 10.00000000
v -21.49841645 -42.31249847 10.00000000
v -21.57882837 -42.29996876 10.00000000
v -21.65657172 -42.28367381 10.00000000
v -21.73165450 -42.26363656 10.00000000
v -21.80408471 -42.23987995 10.00000000
v -21.87387034 -42.21242690 10.00000000
v -21.94101937 -42.18130037 10.00000000
v -22.00553981 -42.14652329 10.00000000
v -22.06743964 -42.10811859 10.00000000
v -22.12672686 -42.06610921 10.00000000
v -22.18340945 -42.02051809 10.00000000
v -22.23749542 -41.97136816 10.00000000
v -22.28899275 -41.91868236 10.00000000
v -22.33790944 -41.86248363 10.00000000
v -22.38425348 -41.80279491 10.00000000
v -22.42803286 -41.73963912 10.00000000
v -22.46925557 -41.67303922 10.00000000
v -22.50792961 -41.60301812 10.00000000
v -22.54406297 -41.52959879 10.00000000
v -22.57766365 -41.45280414 10.00000000
v -22.60873962 -41.37265711 10.00000000
v -22.63729889 -41.28918065 10.00000000
v -22.66334945 -41.20239768 10.00000000
v -22.68689930 -41.11233116 10.00000000
v -22.70795641 -41.01900400 10.00000000
v -22.72652880 -40.92243916 10.00000000
v -22.74262444 -40.82265956 10.00000000
v -22.75625133 -40.71968814 10.00000000
v -22.76741747 -40.61354784 10.00000000
v -22.77613084 -40.50426160 10.00000000
v -22.78239945 -40.39185236 10.00000000
v -22.78623127 -40.27634304 10.00000000
v -22.78763431 -40.15775659 10.00000000
v -22.78661656 -40.03611595 10.00000000
v -22.78318600 -39.91144404 10.00000000
v -22.77735064 -39.78376382 10.00000000
v -22.76911846 -39.65309821 10.00000000
v -22.75849746 -39.51947014 10.00000000
v -22.74549562 -39.38290257 10.00000000
v -22.73012095 -39.24341842 10.00000000
v -22.71238143 -39.10104064 10.00000000
v -22.69228506 -38.95579215 10.00000000
v -22.66983983 -38.80769590 10.00000000
v -22.64505373 -38.65677482 10.00000000
v -22.61793475 -38.50305185 10.00000000
v -22.58849089 -38.34654992 10.00000000
v -22.55673013 -38.18729198 10.00000000
v -22.52266048 -38.02530095 10.00000000
v -22.48628993 -37.86059978 10.00000000
v -22.44762646 -37.69321141 10.00000000
v -22.40667807 -37.52315876 10.00000000
v -22.36345275 -37.35046479 10.00000000
v -22.31795849 -37.17515241 10.00000000
v -22.27020329 -36.99724458 10.00000000
v -22.22019514 -36.81676422 10.00000000
v -22.16794203 -36.63373427 10.00000000
v -22.11345196 -36.44817768 10.00000000
v -22.05673291 -36.26011737 10.00000000
v -21.99779288 -36.06957629 10.00000000
v -21.93663986 -35.87657737 10.00000000
v -21.87328184 -35.68114355 10.00000000
v -21.80772683 -35.48329776 10.00000000
v -21.73998280 -35.28306294 10.00000000
v -21.67005775 -35.08046204 10.00000000
v -21.59795967 -34.87551797 10.00000000
v -21.52369657 -34.66825369 10.00000000
v -21.44727642 -34.45869213 10.00000000
v -21.36870722 -34.24685622 10.00000000
v -21.28799697 -34.03276891 10.00000000
v -21.20515365 -33.81645312 10.00000000
v -21.12018526 -33.59793180 10.00000000
v -21.03309979 -33.37722789 10.00000000
v -20.94390524 -33.15436431 10.00000000
v -20.85260959 -32.92936401 10.00000000
v -20.75922084 -32.70224992 10.00000000
v -20.66374699 -32.47304498 10.00000000
v -20.56619602 -32.24177213 10.00000000
v -20.46657592 -32.00845431 10.00000000
v -20.36489469 -31.77311444 10.00000000
v -20.26116032 -31.53577547 10.00000000
v -20.15538081 -31.29646034 10.00000000
v -20.04756414 -31.05519197 10.00000000
v -19.93771832 -30.81199332 10.00000000
v -19.82585132 -30.56688731 10.00000000
v -19.71197115 -30.31989687 10.00000000
v -19.59608579 -30.07104496 10.00000000
v -19.47820324 -29.82035451 10.00000000
v -19.35833150 -29.56784844 10.00000000
v -19.23647854 -29.31354970 10.00000000
v -19.11265238 -29.05748123 10.00000000
v -18.98686099 -28.79966596 10.00000000
v -18.85911237 -28.54012683 10.00000000
v -18.72941452 -28.27888678 10.00000000
v -18.59777542 -28.01596874 10.00000000
v -18.46420308 -27.75139565 10.00000000
v -18.32870547 -27.48519044 10.00000000
v -18.19129060 -27.21737606 10.00000000
v -18.05196645 -26.94797543 10.00000000
v -17.91074102 -26.67701151 10.00000000
v -17.76762230 -26.40450722 10.00000000
v -17.62261829 -26.13048549 10.00000000
v -17.47573697 -25.85496928 10.00000000
v -17.32698635 -25.57798151 10.00000000
v -17.17637440 -25.29954512 10.00000000
v -17.02390912 -25.01968305 10.00000000
v -16.86959852 -24.73841823 10.00000000
v -16.71345057 -24.45577360 10.00000000
v -16.55547327 -24.17177210 10.00000000
v -16.39567462 -23.88643667 10.00000000
v -16.23406260 -23.59979024 10.00000000
v -16.07064521 -23.31185574 10.00000000
v -15.90543044 -23.02265612 10.00000000
v -15.73842629 -22.73221432 10.00000000
v -15.56964074 -22.44055326 10.00000000
v -15.39908179 -22.14769589 10.00000000
v -15.22675743 -21.85366514 10.00000000
v -15.05267565 -21.55848395 10.00000000
v -14.87684446 -21.26217525 10.00000000
v -14.69927182 -20.96476199 10.00000000
v -14.51996576 -20.66626710 10.00000000
v -14.33893424 -20.36671352 10.00000000
v -14.15618527 -20.06612417 10.00000000
v -13.97172684 -19.76452201 10.00000000
v -13.78556694 -19.46192997 10.00000000
v -13.69689026 -19.31863414 10.00000000
v -13.69811337 -19.32005762 10.00000000
v -13.89822193 -19.55294573 10.00000000
v -14.09833049 -19.78583384 10.00000000
v -13.95455546 -19.53764710 10.00000000
v -13.81108889 -19.23569904 10.00000000
v -13.73357069 -18.95872361 10.00000000
v -13.73128073 -18.71005576 10.00000000
v -13.78564161 -18.49802133 10.00000000
v -13.91296871 -18.31614490 10.00000000
v -14.12519949 -18.16564426 10.00000000
v -14.42971802 -18.04931691 10.00000000
v -14.83390833 -17.96996033 10.00000000
v -15.25011824 -18.01164478 10.00000000
v -15.61135838 -18.12613389 10.00000000
v -15.97053556 -18.23614959 10.00000000
v -16.32767192 -18.34173988 10.00000000
v -16.68278959 -18.44295273 10.00000000
v -17.03591071 -18.53983612 10.00000000
v -17.38705741 -18.63243803 10.00000000
v -17.73625181 -18.72080645 10.00000000
v -18.08351604 -18.80498935 10.00000000
v -18.42887225 -18.88503472 10.00000000
v -18.77234255 -18.96099054 10.00000000
v -19.11394909 -19.03290478 10.00000000
v -19.45371399 -19.10082542 10.00000000
v -19.79165938 -19.16480046 10.00000000
v -20.12780740 -19.22487786 10.00000000
v -20.46218018 -19.28110561 10.00000000
v -20.79479984 -19.33353169 10.00000000
v -21.12568852 -19.38220408 10.00000000
v -21.45486836 -19.42717076 10.00000000
v -21.78236147 -19.46847971 10.00000000
v -22.10819000 -19.50617892 10.00000000
v -22.43237607 -19.54031635 10.00000000
v -22.75494182 -19.57094000 10.00000000
v -23.07590938 -19.59809784 10.00000000
v -23.39530088 -19.62183786 10.00000000
v -23.71313844 -19.64220803 10.00000000
v -24.02944421 -19.65925633 10.00000000
v -24.34424030 -19.67303075 10.00000000
v -24.65754887 -19.68357927 10.00000000
v -24.96939203 -19.69094987 10.00000000
v -25.27979191 -19.69519052 10.00000000
v -25.58877065 -19.69634921 10.00000000
v -25.89635038 -19.69447392 10.00000000
v -26.20255323 -19.68961262 10.00000000
v -26.50740134 -19.68181331 10.00000000
v -26.81091682 -19.67112396 10.00000000
v -27.11312182 -19.65759255 10.00000000
v -27.41403847 -19.64126706 10.00000000
v -27.71368889 -19.62219547 10.00000000
v -28.01209523 -19.60042577 10.00000000
v -28.30927960 -19.57600593 10.00000000
v -28.60526414 -19.54898393 10.00000000
v -28.90007099 -19.51940776 10.00000000
v -29.19372226 -19.48732539 10.00000000
v -29.48624011 -19.45278481 10.00000000
v -29.77764665 -19.41583400 10.00000000
v -30.06796402 -19.37652093 10.00000000
v -30.35721434 -19.33489359 10.00000000
v -30.64541976 -19.29099995 10.00000000
v -30.93260240 -19.24488801 10.00000000
v -31.21878439 -19.19660574 10.00000000
v -31.50398786 -19.14620111 10.00000000
v -31.78823495 -19.09372212 10.00000000
v -32.07154779 -19.03921673 10.00000000
v -32.35394851 -18.98273294 10.00000000
v -32.63545923 -18.92431872 10.00000000
v -32.91610210 -18.86402206 10.00000000
v -33.19589924 -18.80189092 10.00000000
v -33.47487278 -18.73797330 10.00000000
v -33.75304485 -18.67231718 10.00000000
v -34.03043760 -18.60497053 10.00000000
v -34.30707314 -18.53598134 10.00000000
v -34.58297361 -18.46539758 10.00000000
v -34.85816113 -18.39326724 10.00000000
v -35.13265785 -18.31963830 10.00000000
v -35.40648590 -18.24455873 10.00000000
v -35.67966739 -18.16807653 10.00000000
v -35.95222448 -18.09023966 10.00000000
v -36.22417927 -18.01109611 10.00000000
v -36.49555392 -17.93069387 10.00000000
v -36.76637055 -17.84908090 10.00000000
v -37.03665128 -17.76630520 10.00000000
v -37.30641826 -17.68241474 10.00000000
v -37.57569361 -17.59745750 10.00000000
v -37.84449947 -17.51148146 10.00000000
v -38.11285796 -17.42453461 10.00000000
v -38.38079122 -17.33666493 10.00000000
v -38.64832138 -17.24792038 10.00000000
v -38.91547057 -17.15834897 10.00000000
v -39.18226092 -17.06799866 10.00000000
v -39.44871456 -16.97691744 10.00000000
v -39.71485362 -16.88515328 10.00000000
v -39.98070024 -16.79275418 10.00000000
v -40.24627655 -16.69976810 10.00000000
v -40.51160467 -16.60624303 10.00000000
v -40.77670675 -16.51222695 10.00000000
v -41.04160490 -16.41776784 10.00000000
v -41.30632127 -16.32291369 10.00000000
v -41.67962684 -16.16306963 10.00000000
v -42.04377037 -15.97543132 10.00000000
v -42.34592002 -15.78734381 10.00000000
v -42.58917700 -15.59882034 10.00000000
v -42.77664250 -15.40987418 10.00000000
v -42.91141770 -15.22051858 10.00000000
v -42.99660382 -15.03076678 10.00000000
v -43.02595933 -14.81792839 10.00000000
v -42.99131441 -14.58850332 10.00000000
v -42.90079139 -14.35872473 10.00000000
v -42.75983035 -14.12859947 10.00000000
v -42.57387134 -13.89813436 10.00000000
v -42.34835441 -13.66733626 10.00000000
v -42.08871962 -13.43621201 10.00000000
v -41.80040702 -13.20476846 10.00000000
v -41.48885668 -12.97301244 10.00000000
v -41.20084120 -12.80498140 10.00000000
v -40.92696002 -12.66533635 10.00000000
v -40.65238704 -12.52817972 10.00000000
v -40.37712383 -12.39350576 10.00000000
v -40.10117195 -12.26130874 10.00000000
v -39.82453296 -12.13158291 10.00000000
v -39.54720842 -12.00432253 10.00000000
v -39.26919989 -11.87952187 10.00000000
v -38.99050892 -11.75717517 10.00000000
v -38.71113708 -11.63727671 10.00000000
v -38.43108593 -11.51982074 10.00000000
v -38.15035703 -11.40480152 10.00000000
v -37.86895193 -11.29221331 10.00000000
v -37.58687220 -11.18205038 10.00000000
v -37.30411940 -11.07430697 10.00000000
v -37.02069508 -10.96897734 10.00000000
v -36.73660081 -10.86605577 10.00000000
v -36.45183814 -10.76553651 10.00000000
v -36.16640864 -10.66741381 10.00000000
v -35.88031386 -10.57168194 10.00000000
v -35.59355537 -10.47833515 10.00000000
v -35.30613472 -10.38736771 10.00000000
v -35.01805347 -10.29877388 10.00000000
v -34.72931319 -10.21254791 10.00000000
v -34.43991543 -10.12868406 10.00000000
v -34.14986175 -10.04717660 10.00000000
v -33.85915372 -9.96801978 10.00000000
v -33.56779288 -9.89120787 10.00000000
v -33.27578081 -9.81673512 10.00000000
v -32.98311906 -9.74459578 10.00000000
v -32.68980919 -9.67478413 10.00000000
v -32.39585276 -9.60729443 10.00000000
v -32.10125133 -9.54212092 10.00000000
v -31.80600646 -9.47925787 10.00000000
v -31.51011971 -9.41869954 10.00000000
v -31.21359264 -9.36044019 10.00000000
v -30.91642681 -9.30447408 10.00000000
v -30.61862378 -9.25079546 10.00000000
v -30.32018511 -9.19939861 10.00000000
v -30.02111235 -9.15027777 10.00000000
v -29.72140708 -9.10342720 10.00000000
v -29.42107084 -9.05884117 10.00000000
v -29.12010519 -9.01651394 10.00000000
v -28.81851171 -8.97643976 10.00000000
v -28.51629194 -8.93861290 10.00000000
v -28.21344744 -8.90302761 10.00000000
v -27.90997979 -8.86967816 10.00000000
v -27.60589052 -8.83855880 10.00000000
v -27.30118122 -8.80966379 10.00000000
v -26.99585343 -8.78298739 10.00000000
v -26.68990871 -8.75852386 10.00000000
v -26.38334863 -8.73626747 10.00000000
v -26.07617474 -8.71621246 10.00000000
v -25.76838860 -8.69835311 10.00000000
v -25.45999178 -8.68268366 10.00000000
v -25.15098583 -8.66919839 10.00000000
v -24.84137231 -8.65789154 10.00000000
v -24.53115279 -8.64875738 10.00000000
v -24.22032882 -8.64179017 10.00000000
v -23.90890196 -8.63698416 10.00000000
v -23.59687377 -8.63433362 10.00000000
v -23.28424581 -8.63383281 10.00000000
v -22.97101964 -8.63547599 10.00000000
v -22.65719683 -8.63925740 10.00000000
v -22.34277892 -8.64517133 10.00000000
v -22.02776749 -8.65321202 10.00000000
v -21.71216408 -8.66337373 10.00000000
v -21.39597026 -8.67565072 10.00000000
v -21.07918759 -8.69003726 10.00000000
v -20.76181763 -8.70652760 10.00000000
v -20.44386194 -8.72511600 10.00000000
v -20.12532207 -8.74579672 10.00000000
v -19.80619960 -8.76856402 10.00000000
v -19.48649607 -8.79341217 10.00000000
v -19.16621304 -8.82033541 10.00000000
v -18.84535209 -8.84932801 10.00000000
v -18.43714636 -8.83455689 10.00000000
v -17.99523760 -8.77291177 10.00000000
v -17.60072168 -8.69552022 10.00000000
v -17.25749206 -8.60109275 10.00000000
v -16.96944224 -8.48833989 10.00000000
v -16.74046568 -8.35597215 10.00000000
v -16.57445587 -8.20270006 10.00000000
v -16.47530630 -8.02723413 10.00000000
v -16.44691043 -7.82828488 10.00000000
v -16.47810897 -7.62615861 10.00000000
v -16.54644282 -7.43474622 10.00000000
v -16.66676103 -7.22610277 10.00000000
v -16.84107141 -6.99957150 10.00000000
v -17.07138179 -6.75449565 10.00000000
v -17.35969999 -6.49021846 10.00000000
v -17.69614682 -6.21559441 10.00000000
v -17.92190847 -6.04288606 10.00000000
v -18.14807714 -5.87000839 10.00000000
v -18.37462865 -5.69694129 10.00000000
v -18.60153884 -5.52366467 10.00000000
v -18.82878355 -5.35015842 10.00000000
v -19.05633862 -5.17640245 10.00000000
v -19.28417988 -5.00237665 10.00000000
v -19.51228319 -4.82806093 10.00000000
v -19.74062436 -4.65343519 10.00000000
v -19.96917925 -4.47847933 10.00000000
v -20.19792369 -4.30317324 10.00000000
v -20.42683352 -4.12749683 10.00000000
v -20.65588458 -3.95142999 10.00000000
v -20.88505271 -3.77495264 10.00000000
v -21.11431374 -3.59804467 10.00000000
v -21.34364351 -3.42068597 10.00000000
v -21.57301786 -3.24285645 10.00000000
v -21.80241264 -3.06453602 10.00000000
v -22.03180367 -2.88570456 10.00000000
v -22.26116679 -2.70634198 10.00000000
v -22.49047786 -2.52642819 10.00000000
v -22.71971269 -2.34594308 10.00000000
v -22.94884714 -2.16486654 10.00000000
v -23.17785704 -1.98317849 10.00000000
v -23.40671823 -1.80085883 10.00000000
v -23.63540654 -1.61788744 10.00000000
v -23.86389782 -1.43424424 10.00000000
v -24.09216790 -1.24990912 10.00000000
v -24.32019262 -1.06486199 10.00000000
v -24.54794783 -0.87908274 10.00000000
v -24.77540935 -0.69255127 10.00000000
v -25.00255303 -0.50524749 10.00000000
v -25.22935470 -0.31715130 10.00000000
v -25.45579021 -0.12824259 10.00000000
v -25.68183539 0.06149874 10.00000000
v -25.90746609 0.25209277 10.00000000
v -26.13265813 0.44355962 10.00000000
v -26.35738736 0.63591939 10.00000000
v -26.58162961 0.82919216 10.00000000
v -26.80536073 1.02339805 10.00000000
v -27.02855655 1.21855715 10.00000000
v -27.25119291 1.41468956 10.00000000
v -27.47324565 1.61181539 10.00000000
v -27.69469061 1.80995472 10.00000000
v -27.91550363 2.00912767 10.00000000
v -28.13566053 2.20935432 10.00000000
v -28.35513718 2.41065478 10.00000000
v -28.57390939 2.61304916 10.00000000
v -28.79195301 2.81655754 10.00000000
v -29.00924388 3.02120003 10.00000000
v -29.22575784 3.22699673 10.00000000
v -29.44147072 3.43396774 10.00000000
v -29.65635837 3.64213315 10.00000000
v -29.87039661 3.85151308 10.00000000
v -30.08356130 4.06212760 10.00000000
v -30.29582827 4.27399684 10.00000000
v -30.50717335 4.48714088 10.00000000
v -30.71757238 4.70157983 10.00000000
v -30.92700121 4.91733378 10.00000000
v -31.13543568 5.13442284 10.00000000
v -31.34285161 5.35286710 10.00000000
v -31.54922485 5.57268667 10.00000000
v -31.75453123 5.79390164 10.00000000
v -31.95874661 6.01653212 10.00000000
v -32.16184680 6.24059819 10.00000000
v -32.36380766 6.46611998 10.00000000
v -32.56460502 6.69311756 10.00000000
v -32.76421472 6.92161105 10.00000000
v -32.96261259 7.15162053 10.00000000
v -33.15977448 7.38316612 10.00000000
v -33.35567623 7.61626791 10.00000000
v -33.55029367 7.85094600 10.00000000
v -33.74360263 8.08722050 10.00000000
v -33.93557897 8.32511149 10.00000000
v -34.12619852 8.56463908 10.00000000
v -34.31543711 8.80582337 10.00000000
v -34.50327058 9.04868446 10.00000000
v -34.68967478 9.29324245 10.00000000
v -34.87462554 9.53951743 10.00000000
v -35.05809869 9.78752952 10.00000000
v -35.24007009 10.03729880 10.00000000
v -35.42051556 10.28884538 10.00000000
v -35.59941095 10.54218936 10.00000000
v -35.77673209 10.79735083 10.00000000
v -35.95245482 11.05434990 10.00000000
v -36.12655498 11.31320666 10.00000000
v -36.29900841 11.57394122 10.00000000
v -36.46979094 11.83657368 10.00000000
v -36.63887842 12.10112413 10.00000000
v -36.80624669 12.36761267 10.00000000
v -36.97187157 12.63605941 10.00000000
v -37.13572892 12.90648444 10.00000000
v -37.29779456 13.17890786 10.00000000
v -37.45804434 13.45334978 10.00000000
v -37.61645409 13.72983029 10.00000000
v -37.77299966 14.00836950 10.00000000
v -37.92765688 14.28898749 10.00000000
v -38.08040160 14.57170438 10.00000000
v -38.23120964 14.85654025 10.00000000
v -38.38005684 15.14351522 10.00000000
v -38.52691905 15.43264938 10.00000000
v -38.67177211 15.72396283 10.00000000
v -38.81459185 16.01747566 10.00000000
v -38.95535411 16.31320799 10.00000000
v -39.09403473 16.61117991 10.00000000
v -39.23060954 16.91141151 10.00000000
v -39.36505439 17.21392291 10.00000000
v -39.49734512 17.51873419 10.00000000
v -39.62745756 17.82586546 10.00000000
v -39.75536755 18.13533681 10.00000000
v -39.88105092 18.44716835 10.00000000
v -40.00448353 18.76138018 10.00000000
v -40.12564120 19.07799240 10.00000000
v -40.24449978 19.39702510 10.00000000
v -40.36103510 19.71849838 10.00000000
v -40.47522300 20.04243236 10.00000000
v -40.58703932 20.36884711 10.00000000
v -40.69645989 20.69776275 10.00000000
v -40.80346057 21.02919938 10.00000000
v -40.90801718 21.36317708 10.00000000
v -41.01010556 21.69971597 10.00000000
v -41.10970155 22.03883615 10.00000000
v -41.21160042 22.37250632 10.00000000
v -41.30579202 22.68510165 10.00000000
v -41.38372627 22.97991964 10.00000000
v -41.44566675 23.25687243 10.00000000
v -41.50037322 23.60569790 10.00000000
v -41.52591811 23.95867962 10.00000000
v -41.51655464 24.27405717 10.00000000
v -41.47357237 24.55321575 10.00000000
v -41.39826084 24.79754057 10.00000000
v -41.29190961 25.00841684 10.00000000
v -41.15580824 25.18722975 10.00000000
v -40.99124628 25.33536453 10.00000000
v -40.79951327 25.45420637 10.00000000
v -40.58189877 25.54514047 10.00000000
v -40.33969234 25.60955206 10.00000000
v -40.07418353 25.64882632 10.00000000
v -39.78666188 25.66434848 10.00000000
v -39.47841696 25.65750373 10.00000000
v -39.15073831 25.62967728 10.00000000
v -38.80491549 25.58225434 10.00000000
v -38.44223804 25.51662012 10.00000000
v -38.06399553 25.43415981 10.00000000
v -37.67147750 25.33625863 10.00000000
v -37.26597352 25.22430178 10.00000000
v -36.92886894 25.10950280 10.00000000
v -36.64152062 24.99744001 10.00000000
v -36.35512915 24.88389526 10.00000000
v -36.06969197 24.76887253 10.00000000
v -35.78520649 24.65237582 10.00000000
v -35.50167013 24.53440910 10.00000000
v -35.21908032 24.41497637 10.00000000
v -34.93743448 24.29408162 10.00000000
v -34.65673002 24.17172883 10.00000000
v -34.37696438 24.04792199 10.00000000
v -34.09813498 23.92266509 10.00000000
v -33.82023923 23.79596212 10.00000000
v -33.54327455 23.66781707 10.00000000
v -33.26723838 23.53823393 10.00000000
v -32.99212813 23.40721667 10.00000000
v -32.71794123 23.27476930 10.00000000
v -32.44467509 23.14089580 10.00000000
v -32.17232714 23.00560016 10.00000000
v -31.90089479 22.86888636 10.00000000
v -31.63037549 22.73075840 10.00000000
v -31.36076663 22.59122026 10.00000000
v -31.09206565 22.45027593 10.00000000
v -30.82426997 22.30792941 10.00000000
v -30.55737702 22.16418466 10.00000000
v -30.29138420 22.01904570 10.00000000
v -30.02628895 21.87251650 10.00000000
v -29.76208868 21.72460105 10.00000000
v -29.49878083 21.57530334 10.00000000
v -29.23636280 21.42462736 10.00000000
v -28.97483203 21.27257710 10.00000000
v -28.71418593 21.11915654 10.00000000
v -28.45442193 20.96436968 10.00000000
v -28.19553744 20.80822050 10.00000000
v -27.93752990 20.65071298 10.00000000
v -27.68039672 20.49185113 10.00000000
v -27.42413533 20.33163892 10.00000000
v -27.16874314 20.17008035 10.00000000
v -26.91421758 20.00717940 10.00000000
v -26.66055607 19.84294006 10.00000000
v -26.40775603 19.67736632 10.00000000
v -26.15581489 19.51046217 10.00000000
v -25.90473007 19.34223159 10.00000000
v -25.65449898 19.17267858 10.00000000
v -25.40511906 19.00180712 10.00000000
v -25.15658772 18.82962120 10.00000000
v -24.90890238 18.65612481 10.00000000
v -24.66206047 18.48132194 10.00000000
v -24.41605942 18.30521657 10.00000000
v -24.17089663 18.12781270 10.00000000
v -23.92656953 17.94911430 10.00000000
v -23.68307555 17.76912538 10.00000000
v -23.44041211 17.58784992 10.00000000
v -23.19857662 17.40529190 10.00000000
v -22.95756652 17.22145531 10.00000000
v -22.71737922 17.03634415 10.00000000
v -22.47801215 16.84996240 10.00000000
v -22.23946272 16.66231405 10.00000000
v -22.00172837 16.47340309 10.00000000
v -21.76480650 16.28323350 10.00000000
v -21.52869455 16.09180928 10.00000000
v -21.29338993 15.89913441 10.00000000
v -21.05889007 15.70521288 10.00000000
v -20.82519239 15.51004868 10.00000000
v -20.59229431 15.31364580 10.00000000
v -20.36019326 15.11600822 10.00000000
v -20.12888665 14.91713993 10.00000000
v -19.89837191 14.71704493 10.00000000
v -19.66864646 14.51572720 10.00000000
v -19.43970772 14.31319072 10.00000000
v -19.21155311 14.10943949 10.00000000
v -18.98418006 13.90447750 10.00000000
v -18.75758598 13.69830873 10.00000000
v -18.53176831 13.49093717 10.00000000
v -18.30672446 13.28236680 10.00000000
v -18.08245185 13.07260163 10.00000000
v -17.85894791 12.86164563 10.00000000
v -17.63621006 12.64950280 10.00000000
v -17.41423571 12.43617712 10.00000000
v -17.19302230 12.22167258 10.00000000
v -16.97256724 12.00599317 10.00000000
v -16.75286796 11.78914287 10.00000000
v -16.53392187 11.57112568 10.00000000
v -16.31572641 11.35194559 10.00000000
v -16.09827899 11.13160657 10.00000000
v -15.88157703 10.91011263 10.00000000
v -15.66561796 10.68746774 10.00000000
v -15.45039919 10.46367591 10.00000000
v -15.23591816 10.23874110 10.00000000
v -15.02217228 10.01266732 10.00000000
v -14.80915897 9.78545855 10.00000000
v -14.59687566 9.55711878 10.00000000
v -14.38531976 9.32765199 10.00000000
v -14.17448871 9.09706219 10.00000000
v -13.96437992 8.86535334 10.00000000
v -13.75499082 8.63252945 10.00000000
v -13.54631882 8.39859450 10.00000000
v -13.33836134 8.16355248 10.00000000
v -13.13111582 7.92740738 10.00000000
v -12.92457968 7.69016318 10.00000000
v -12.71875032 7.45182387 10.00000000
v -12.51362518 7.21239345 10.00000000
v -12.30920168 6.97187589 10.00000000
v -12.10547725 6.73027520 10.00000000
v -11.90244929 6.48759535 10.00000000
v -11.70011524 6.24384033 10.00000000
v -11.49847251 5.99901414 10.00000000
v -11.29751854 5.75312076 10.00000000
v -11.09725073 5.50616418 10.00000000
v -10.89766652 5.25814839 10.00000000
v -10.69876332 5.00907737 10.00000000
v -10.50053856 4.75895511 10.00000000
v -10.25190107 4.46861680 10.00000000
v -9.88957337 4.14989317 10.00000000
v -9.56712372 3.94629044 10.00000000
v -9.28845812 3.84912788 10.00000000
v -9.05748254 3.84972474 10.00000000
v -8.87810297 3.93940029 10.00000000
v -8.75422540 4.10947379 10.00000000
v -8.68975580 4.35126450 10.00000000
v -8.68860018 4.65609168 10.00000000
v -8.73986276 4.97216232 10.00000000
v -8.82128879 5.26792721 10.00000000
v -8.91020034 5.57657338 10.00000000
v -8.97997688 5.88028069 10.00000000
v -9.04872211 6.18360774 10.00000000
v -9.11643223 6.48655071 10.00000000
v -9.18310344 6.78910582 10.00000000
v -9.24873196 7.09126926 10.00000000
v -9.31331397 7.39303724 10.00000000
v -9.37684568 7.69440597 10.00000000
v -9.43932329 7.99537163 10.00000000
v -9.50074301 8.29593044 10.00000000
v -9.56110104 8.59607859 10.00000000
v -9.62039358 8.89581229 10.00000000
v -9.67861682 9.19512774 10.00000000
v -9.73576698 9.49402115 10.00000000
v -9.79184025 9.79248870 10.00000000
v -9.84683284 10.09052661 10.00000000
v -9.90074095 10.38813109 10.00000000
v -9.95299535 10.68817556 10.00000000
v -10.00499222 10.99046736 10.00000000
v -10.05740200 11.29944306 10.00000000
v -10.11291407 11.63490668 10.00000000
v -10.16699004 11.96981237 10.00000000
v -10.21962540 12.30415835 10.00000000
v -10.27081560 12.63794284 10.00000000
v -10.32055612 12.97116405 10.00000000
v -10.36884241 13.30382020 10.00000000
v -10.41566996 13.63590950 10.00000000
v -10.46103422 13.96743018 10.00000000
v -10.50493067 14.29838044 10.00000000
v -10.54735478 14.62875850 10.00000000
v -10.58830200 14.95856259 10.00000000
v -10.62776781 15.28779091 10.00000000
v -10.66574768 15.61644168 10.00000000
v -10.70223707 15.94451312 10.00000000
v -10.73723145 16.27200344 10.00000000
v -10.77072630 16.59891086 10.00000000
v -10.80271707 16.92523360 10.00000000
v -10.83319923 17.25096987 10.00000000
v -10.86216826 17.57611789 10.00000000
v -10.88961962 17.90067587 10.00000000
v -10.91554878 18.22464204 10.00000000
v -10.93995120 18.54801460 10.00000000
v -10.96282236 18.87079177 10.00000000
v -10.98415772 19.19297177 10.00000000
v -11.00395275 19.51455282 10.00000000
v -11.02220292 19.83553313 10.00000000
v -11.03890369 20.15591092 10.00000000
v -11.05405054 20.47568440 10.00000000
v -11.06763893 20.79485179 10.00000000
v -11.07966432 21.11341130 10.00000000
v -11.09012220 21.43136116 10.00000000
v -11.09900801 21.74869957 10.00000000
v -11.10631724 22.06542476 10.00000000
v -11.11204535 22.38153494 10.00000000
v -11.11618780 22.69702833 10.00000000
v -11.11874007 23.01190314 10.00000000
v -11.11969763 23.32615758 10.00000000
v -11.11905593 23.63978988 10.00000000
v -11.11681046 23.95279826 10.00000000
v -11.11295667 24.26518092 10.00000000
v -11.10749003 24.57693608 10.00000000
v -11.10040602 24.88806196 10.00000000
v -11.09170010 25.19855678 10.00000000
v -11.08136773 25.50841875 10.00000000
v -11.06940439 25.81764609 10.00000000
v -11.05580554 26.12623701 10.00000000
v -11.04056666 26.43418973 10.00000000
v -11.02368320 26.74150246 10.00000000
v -11.00515064 27.04817343 10.00000000
v -10.98496444 27.35420085 10.00000000
v -10.96312008 27.65958293 10.00000000
v -10.93961301 27.96431789 10.00000000
v -10.91443872 28.26840395 10.00000000
v -10.88759266 28.57183932 10.00000000
v -10.85907030 28.87462223 10.00000000
v -10.82886711 29.17675087 10.00000000
v -10.79697857 29.47822348 10.00000000
v -10.76340012 29.77903826 10.00000000
v -10.72812726 30.07919344 10.00000000
v -10.69115543 30.37868723 10.00000000
v -10.65248012 30.67751784 10.00000000
v -10.61209678 30.97568350 10.00000000
v -10.57000089 31.27318241 10.00000000
v -10.52618791 31.57001280 10.00000000
v -10.48065332 31.86617288 10.00000000
v -10.43339257 32.16166086 10.00000000
v -10.38440114 32.45647497 10.00000000
v -10.33367449 32.75061341 10.00000000
v -10.28120810 33.04407441 10.00000000
v -10.22699743 33.33685619 10.00000000
v -10.17103794 33.62895694 10.00000000
v -10.11332511 33.92037490 10.00000000
v -10.05385440 34.21110829 10.00000000
v -9.99262129 34.50115530 10.00000000
v -9.92962123 34.79051417 10.00000000
v -9.86484970 35.07918310 10.00000000
v -9.79830217 35.36716032 10.00000000
v -9.72997409 35.65444404 10.00000000
v -9.65986095 35.94103248 10.00000000
v -9.58795821 36.22692385 10.00000000
v -9.51426133 36.51211636 10.00000000
v -9.43876578 36.79660824 10.00000000
v -9.36146704 37.08039770 10.00000000
v -9.28236056 37.36348296 10.00000000
v -9.20144183 37.64586223 10.00000000
v -9.11870629 37.92753373 10.00000000
v -9.03414943 38.20849568 10.00000000
v -8.94776671 38.48874628 10.00000000
v -8.85955360 38.76828377 10.00000000
v -8.76950556 39.04710634 10.00000000
v -8.67761807 39.32521223 10.00000000
v -8.58388659 39.60259964 10.00000000
v -8.48830658 39.87926679 10.00000000
v -8.39087353 40.15521191 10.00000000
v -8.29158289 40.43043319 10.00000000
v -8.19043013 40.70492887 10.00000000
v -8.08741072 40.97869715 10.00000000
v -7.98252013 41.25173626 10.00000000
v -7.87575383 41.52404440 10.00000000
v -7.76710728 41.79561980 10.00000000
v -7.65657595 42.06646067 10.00000000
v -7.54415531 42.33656523 10.00000000
v -7.42984083 42.60593169 10.00000000
v -7.31362797 42.87455827 10.00000000
v -7.19551220 43.14244318 10.00000000
v -7.07548900 43.40958465 10.00000000
v -6.95355382 43.67598088 10.00000000
v -6.82970214 43.94163010 10.00000000
v -6.70392943 44.20653052 10.00000000
v -6.57623114 44.47068035 10.00000000
v -6.44660275 44.73407782 10.00000000
v -6.31503974 44.99672113 10.00000000
v -6.18153755 45.25860851 10.00000000
v -6.04609167 45.51973817 10.00000000
v -5.90869756 45.78010833 10.00000000
v -5.76935069 46.03971720 10.00000000
v -5.62804652 46.29856300 10.00000000
v -5.48478053 46.55664394 10.00000000
v -5.33954818 46.81395825 10.00000000
v -5.19234494 47.07050413 10.00000000
f 899 900 1
f 897 898 899
f 895 896 897
f 893 894 895
f 891 892 893
f 889 890 891
f 887 888 889
f 885 886 887
f 883 884 885
f 881 882 883
f 879 880 881
f 877 878 879
f 875 876 877
f 873 874 875
f 871 872 873
f 869 870 871
f 867 868 869
f 865 866 867
f 863 864 865
f 861 862 863
f 859 860 861
f 857 858 859
f 855 856 857
f 853 854 855
f 851 852 853
f 849 850 851
f 847 848 849
f 845 846 847
f 843 844 845
f 841 842 843
f 839 840 841
f 837 838 839
f 835 836 837
f 833 834 835
f 831 832 833
f 829 830 831
f 827 828 829
f 825 826 827
f 823 824 825
f 821 822 823
f 819 820 821
f 817 818 819
f 815 816 817
f 813 814 815
f 811 812 813
f 809 810 811
f 807 808 809
f 805 806 807
f 803 804 805
f 801 802 803
f 799 800 801
f 797 798 799
f 795 796 797
f 793 794 795
f 791 792 793
f 789 790 791
f 787 788 789
f 785 786 787
f 783 784 785
f 781 782 783
f 779 780 781
f 777 778 779
f 775 776 777
f 773 774 775
f 771 772 773
f 769 770 771
f 767 768 769
f 765 766 767
f 763 764 765
f 761 762 763
f 759 760 761
f 757 758 759
f 755 756 757
f 753 754 755
f 751 752 753
f 749 750 751
f 747 748 749
f 745 746 747
f 743 744 745
f 741 742 743
f 739 740 741
f 737 738 739
f 735 736 737
f 733 734 735
f 731 732 733
f 729 730 731
f 727 728 729
f 725 726 727
f 723 724 725
f 721 722 723
f 719 720 721
f 717 718 719
f 715 716 717
f 713 714 715
f 711 712 713
f 709 710 711
f 707 708 709
f 705 706 707
f 703 704 705
f 701 702 703
f 699 700 701
f 697 698 699
f 695 696 697
f 693 694 695
f 691 692 693
f 689 690 691
f 687 688 689
f 685 686 687
f 683 684 685
f 681 682 683
f 679 680 681
f 677 678 679
f 675 676 677
f 673 674 675
f 671 672 673
f 669 670 671
f 667 668 669
f 665 666 667
f 663 664 665
f 661 662 663
f 659 660 661
f 657 658 659
f 655 656 657
f 653 654 655
f 651 652 653
f 649 650 651
f 647 648 649
f 645 646 647
f 643 644 645
f 641 642 643
f 639 640 641
f 637 638 639
f 635 636 637
f 633 634 635
f 631 632 633
f 629 630 631
f 627 628 629
f 625 626 627
f 623 624 625
f 621 622 623
f 619 620 621
f 617 618 619
f 615 616 617
f 613 614 615
f 611 612 613
f 609 610 611
f 607 608 609
f 605 606 607
f 603 604 605
f 601 602 603
f 599 600 601
f 597 598 599
f 595 596 597
f 593 594 595
f 591 592 593
f 589 590 591
f 587 588 589
f 585 586 587
f 583 584 585
f 581 582 583
f 579 580 581
f 577 578 579
f 575 576 577
f 573 574 575
f 571 572 573
f 569 570 571
f 567 568 569
f 565 566 567
f 563 564 565
f 561 562 563
f 559 560 561
f 557 558 559
f 555 556 557
f 553 554 555
f 551 552 553
f 549 550 551
f 547 548 549
f 545 546 547
f 543 544 545
f 541 542 543
f 539 540 541
f 537 538 539
f 535 536 537
f 533 534 535
f 531 532 533
f 529 530 531
f 527 528 529
f 525 526 527
f 523 524 525
f 521 522 523
f 519 520 521
f 517 518 519
f 515 516 517
f 513 514 515
f 511 512 513
f 509 510 511
f 507 508 509
f 505 506 507
f 503 504 505
f 501 502 503
f 499 500 501
f 497 498 499
f 495 496 497
f 493 494 495
f 491 492 493
f 489 490 491
f 487 488 489
f 485 486 487
f 483 484 485
f 481 482 483
f 479 480 481
f 477 478 479
f 475 476 477
f 473 474 475
f 471 472 473
f 440 441 442
f 438 439 440
f 436 437 438
f 434 435 436
f 432 433 434
f 430 431 432
f 428 429 430
f 426 427 428
f 424 425 426
f 422 423 424
f 420 421 422
f 418 419 420
f 416 417 418
f 414 415 416
f 412 413 414
f 410 411 412
f 408 409 410
f 406 407 408
f 404 405 406
f 402 403 404
f 400 401 402
f 398 399 400
f 396 397 398
f 394 395 396
f 392 393 394
f 390 391 392
f 388 389 390
f 386 387 388
f 384 385 386
f 382 383 384
f 380 381 382
f 378 379 380
f 376 377 378
f 374 375 376
f 372 373 374
f 370 371 372
f 368 369 370
f 366 367 368
f 364 365 366
f 362 363 364
f 360 361 362
f 358 359 360
f 356 357 358
f 354 355 356
f 352 353 354
f 350 351 352
f 348 349 350
f 346 347 348
f 344 345 346
f 342 343 344
f 340 341 342
f 338 339 340
f 336 337 338
f 334 335 336
f 332 333 334
f 330 331 332
f 328 329 330
f 326 327 328
f 324 325 326
f 322 323 324
f 320 321 322
f 318 319 320
f 316 317 318
f 314 315 316
f 312 313 314
f 310 311 312
f 308 309 310
f 306 307 308
f 304 305 306
f 302 303 304
f 300 301 302
f 298 299 300
f 296 297 298
f 294 295 296
f 292 293 294
f 290 291 292
f 288 289 290
f 286 287 288
f 284 285 286
f 282 283 284
f 280 281 282
f 278 279 280
f 276 277 278
f 274 275 276
f 272 273 274
f 270 271 272
f 268 269 270
f 266 267 268
f 264 265 266
f 262 263 264
f 260 261 262
f 258 259 260
f 256 257 258
f 254 255 256
f 252 253 254
f 250 251 252
f 248 249 250
f 246 247 248
f 244 245 246
f 242 243 244
f 240 241 242
f 238 239 240
f 236 237 238
f 234 235 236
f 232 233 234
f 230 231 232
f 228 229 230
f 226 227 228
f 224 225 226
f 222 223 224
f 220 221 222
f 218 219 220
f 216 217 218
f 214 215 216
f 212 213 214
f 210 211 212
f 208 209 210
f 206 207 208
f 204 205 206
f 202 203 204
f 200 201 202
f 198 199 200
f 196 197 198
f 194 195 196
f 192 193 194
f 190 191 192
f 188 189 190
f 186 187 188
f 184 185 186
f 182 183 184
f 180 181 182
f 178 179 180
f 176 177 178
f 174 175 176
f 172 173 174
f 170 171 172
f 168 169 170
f 166 167 168
f 164 165 166
f 162 163 164
f 160 161 162
f 158 159 160
f 156 157 158
f 154 155 156
f 152 153 154
f 150 151 152
f 148 149 150
f 146 147 148
f 144 145 146
f 142 143 144
f 140 141 142
f 138 139 140
f 136 137 138
f 134 135 136
f 132 133 134
f 130 131 132
f 128 129 130
f 126 127 128
f 124 125 126
f 122 123 124
f 120 121 122
f 118 119 120
f 116 117 118
f 114 115 116
f 112 113 114
f 110 111 112
f 108 109 110
f 106 107 108
f 104 105 106
f 102 103 104
f 100 101 102
f 98 99 100
f 96 97 98
f 94 95 96
f 92 93 94
f 90 91 92
f 88 89 90
f 86 87 88
f 84 85 86
f 82 83 84
f 80 81 82
f 78 79 80
f 76 77 78
f 74 75 76
f 72 73 74
f 70 71 72
f 68 69 70
f 66 67 68
f 64 65 66
f 62 63 64
f 60 61 62
f 58 59 60
f 56 57 58
f 54 55 56
f 52 53 54
f 50 51 52
f 48 49 50
f 46 47 48
f 44 45 46
f 42 43 44
f 40 41 42
f 38 39 40
f 36 37 38
f 34 35 36
f 32 33 34
f 30 31 32
f 28 29 30
f 26 27 28
f 24 25 26
f 22 23 24
f 20 21 22
f 18 19 20
f 16 17 18
f 14 15 16
f 12 13 14
f 10 11 12
f 8 9 10
f 6 7 8
f 4 5 6
f 2 3 4
f 899 1 2
f 895 897 899
f 891 893 895
f 887 889 891
f 883 885 887
f 879 881 883
f 875 877 879
f 871 873 875
f 867 869 871
f 863 865 867
f 859 861 863
f 855 857 859
f 851 853 855
f 847 849 851
f 843 845 847
f 839 841 843
f 835 837 839
f 831 833 835
f 827 829 831
f 823 825 827
f 819 821 823
f 815 817 819
f 811 813 815
f 807 809 811
f 803 805 807
f 799 801 803
f 795 797 799
f 791 793 795
f 787 789 791
f 783 785 787
f 779 781 783
f 775 777 779
f 771 773 775
f 767 769 771
f 763 765 767
f 759 761 763
f 755 757 759
f 751 753 755
f 747 749 751
f 743 745 747
f 739 741 743
f 735 737 739
f 731 733 735
f 727 729 731
f 723 725 727
f 719 721 723
f 715 717 719
f 711 713 715
f 707 709 711
f 703 705 707
f 699 701 703
f 695 697 699
f 691 693 695
f 687 689 691
f 683 685 687
f 679 681 683
f 675 677 679
f 671 673 675
f 667 669 671
f 663 665 667
f 659 661 663
f 655 657 659
f 651 653 655
f 647 649 651
f 643 645 647
f 639 641 643
f 635 637 639
f 631 633 635
f 627 629 631
f 623 625 627
f 619 621 623
f 615 617 619
f 611 613 615
f 607 609 611
f 603 605 607
f 599 601 603
f 595 597 599
f 591 593 595
f 587 589 591
f 583 585 587
f 579 581 583
f 575 577 579
f 571 573 575
f 567 569 571
f 563 565 567
f 559 561 563
f 555 557 559
f 551 553 555
f 547 549 551
f 543 545 547
f 539 541 543
f 535 537 539
f 531 533 535
f 527 529 531
f 523 525 527
f 519 521 523
f 515 517 519
f 511 513 515
f 507 509 511
f 503 505 507
f 499 501 503
f 495 497 499
f 491 493 495
f 487 489 491
f 483 485 487
f 479 481 483
f 475 477 479
f 471 473 475
f 438 440 442
f 434 436 438
f 430 432 434
f 426 428 430
f 422 424 426
f 418 420 422
f 414 416 418
f 410 412 414
f 406 408 410
f 402 404 406
f 398 400 402
f 394 396 398
f 390 392 394
f 386 388 390
f 382 384 386
f 378 380 382
f 374 376 378
f 370 372 374
f 366 368 370
f 362 364 366
f 358 360 362
f 354 356 358
f 350 352 354
f 346 348 350
f 342 344 346
f 338 340 342
f 334 336 338
f 330 332 334
f 326 328 330
f 322 324 326
f 318 320 322
f 314 316 318
f 310 312 314
f 306 308 310
f 302 304 306
f 298 300 302
f 294 296 298
f 290 292 294
f 286 288 290
f 282 284 286
f 278 280 282
f 274 276 278
f 270 272 274
f 266 268 270
f 262 264 266
f 258 260 262
f 254 256 258
f 250 252 254
f 246 248 250
f 242 244 246
f 238 240 242
f 234 236 238
f 230 232 234
f 226 228 230
f 222 224 226
f 218 220 222
f 214 216 218
f 210 212 214
f 206 208 210
f 202 204 206
f 198 200 202
f 194 196 198
f 190 192 194
f 186 188 190
f 182 184 186
f 178 180 182
f 174 176 178
f 170 172 174
f 166 168 170
f 162 164 166
f 158 160 162
f 154 156 158
f 150 152 154
f 146 148 150
f 142 144 146
f 138 140 142
f 134 136 138
f 130 132 134
f 126 128 130
f 122 124 126
f 118 120 122
f 114 116 118
f 110 112 114
f 106 108 110
f 102 104 106
f 98 100 102
f 94 96 98
f 90 92 94
f 86 88 90
f 82 84 86
f 78 80 82
f 74 76 78
f 70 72 74
f 66 68 70
f 62 64 66
f 58 60 62
f 54 56 58
f 50 52 54
f 46 48 50
f 42 44 46
f 38 40 42
f 34 36 38
f 30 32 34
f 26 28 30
f 22 24 26
f 18 20 22
f 14 16 18
f 10 12 14
f 6 8 10
f 2 4 6
f 895 899 2
f 887 891 895
f 879 883 887
f 871 875 879
f 863 867 871
f 855 859 863
f 847 851 855
f 839 843 847
f 831 835 839
f 823 827 831
f 815 819 823
f 807 811 815
f 799 803 807
f 791 795 799
f 783 787 791
f 775 779 783
f 767 771 775
f 759 763 767
f 751 755 759
f 743 747 751
f 735 739 743
f 727 731 735
f 719 723 727
f 711 715 719
f 703 707 711
f 695 699 703
f 687 691 695
f 679 683 687
f 671 675 679
f 663 667 671
f 655 659 663
f 647 651 655
f 639 643 647
f 631 635 639
f 623 627 631
f 615 619 623
f 607 611 615
f 599 603 607
f 591 595 599
f 583 587 591
f 575 579 583
f 567 571 575
f 559 563 567
f 551 555 559
f 543 547 551
f 535 539 543
f 527 531 535
f 519 523 527
f 511 515 519
f 503 507 511
f 495 499 503
f 487 491 495
f 479 483 487
f 471 475 479
f 434 438 442
f 426 430 434
f 418 422 426
f 410 414 418
f 402 406 410
f 394 398 402
f 386 390 394
f 378 382 386
f 370 374 378
f 362 366 370
f 354 358 362
f 346 350 354
f 338 342 346
f 330 334 338
f 322 326 330
f 314 318 322
f 306 310 314
f 298 302 306
f 290 294 298
f 282 286 290
f 274 278 282
f 266 270 274
f 258 262 266
f 250 254 258
f 242 246 250
f 234 238 242
f 226 230 234
f 218 222 226
f 210 214 218
f 202 206 210
f 194 198 202
f 186 190 194
f 178 182 186
f 170 174 178
f 162 166 170
f 154 158 162
f 146 150 154
f 138 142 146
f 130 134 138
f 122 126 130
f 114 118 122
f 106 110 114
f 98 102 106
f 90 94 98
f 82 86 90
f 74 78 82
f 66 70 74
f 58 62 66
f 50 54 58
f 42 46 50
f 34 38 42
f 26 30 34
f 18 22 26
f 10 14 18
f 2 6 10
f 887 895 2
f 871 879 887
f 855 863 871
f 839 847 855
f 823 831 839
f 807 815 823
f 791 799 807
f 775 783 791
f 759 767 775
f 743 751 759
f 727 735 743
f 711 719 727
f 695 703 711
f 679 687 695
f 663 671 679
f 647 655 663
f 631 639 647
f 615 623 631
f 599 607 615
f 583 591 599
f 567 575 583
f 551 559 567
f 535 543 551
f 519 527 535
f 503 511 519
f 487 495 503
f 471 479 487
f 426 434 442
f 410 418 426
f 394 402 410
f 378 386 394
f 362 370 378
f 346 354 362
f 330 338 346
f 314 322 330
f 298 306 314
f 282 290 298
f 266 274 282
f 250 258 266
f 234 242 250
f 218 226 234
f 202 210 218
f 186 194 202
f 170 178 186
f 154 162 170
f 138 146 154
f 122 130 138
f 106 114 122
f 90 98 106
f 74 82 90
f 58 66 74
f 42 50 58
f 26 34 42
f 10 18 26
f 887 2 10
f 855 871 887
f 823 839 855
f 791 807 823
f 759 775 791
f 727 743 759
f 695 711 727
f 663 679 695
f 631 647 663
f 599 615 631
f 567 583 599
f 535 551 567
f 503 519 535
f 471 487 503
f 426 442 443
f 394 410 426
f 362 378 394
f 330 346 362
f 298 314 330
f 266 282 298
f 234 250 266
f 202 218 234
f 170 186 202
f 138 154 170
f 106 122 138
f 74 90 106
f 42 58 74
f 10 26 42
f 855 887 10
f 791 823 855
f 727 759 791
f 663 695 727
f 599 631 663
f 535 567 599
f 471 503 535
f 394 426 443
f 330 362 394
f 266 298 330
f 202 234 266
f 138 170 202
f 74 106 138
f 10 42 74
f 791 855 10
f 663 727 791
f 535 599 663
f 470 471 535
f 330 394 443
f 202 266 330
f 74 138 202
f 791 10 74
f 535 663 791
f 469 470 535
f 330 443 444
f 74 202 330
f 469 535 791
f 330 444 445
f 468 469 791
f 74 330 445
f 467 468 791
f 74 445 446
f 466 467 791
f 74 446 447
f 465 466 791
f 74 447 448
f 464 465 791
f 74 448 449
f 463 464 791
f 74 449 450
f 462 463 791
f 74 450 451
f 461 462 791
f 74 451 452
f 460 461 791
f 791 74 452
f 459 460 791
f 791 452 453
f 458 459 791
f 791 453 454
f 457 458 791
f 791 454 455
f 456 457 791
f 791 455 456
f 901 1800 1799
f 1799 1798 1797
f 1797 1796 1795
f 1795 1794 1793
f 1793 1792 1791
f 1791 1790 1789
f 1789 1788 1787
f 1787 1786 1785
f 1785 1784 1783
f 1783 1782 1781
f 1781 1780 1779
f 1779 1778 1777
f 1777 1776 1775
f 1775 1774 1773
f 1773 1772 1771
f 1771 1770 1769
f 1769 1768 1767
f 1767 1766 1765
f 1765 1764 1763
f 1763 1762 1761
f 1761 1760 1759
f 1759 1758 1757
f 1757 1756 1755
f 1755 1754 1753
f 1753 1752 1751
f 1751 1750 1749
f 1749 1748 1747
f 1747 1746 1745
f 1745 1744 1743
f 1743 1742 1741
f 1741 1740 1739
f 1739 1738 1737
f 1737 1736 1735
f 1735 1734 1733
f 1733 1732 1731
f 1731 1730 1729
f 1729 1728 1727
f 1727 1726 1725
f 1725 1724 1723
f 1723 1722 1721
f 1721 1720 1719
f 1719 1718 1717
f 1717 1716 1715
f 1715 1714 1713
f 1713 1712 1711
f 1711 1710 1709
f 1709 1708 1707
f 1707 1706 1705
f 1705 1704 1703
f 1703 1702 1701
f 1701 1700 1699
f 1699 1698 1697
f 1697 1696 1695
f 1695 1694 1693
f 1693 1692 1691
f 1691 1690 1689
f 1689 1688 1687
f 1687 1686 1685
f 1685 1684 1683
f 1683 1682 1681
f 1681 1680 1679
f 1679 1678 1677
f 1677 1676 1675
f 1675 1674 1673
f 1673 1672 1671
f 1671 1670 1669
f 1669 1668 1667
f 1667 1666 1665
f 1665 1664 1663
f 1663 1662 1661
f 1661 1660 1659
f 1659 1658 1657
f 1657 1656 1655
f 1655 1654 1653
f 1653 1652 1651
f 1651 1650 1649
f 1649 1648 1647
f 1647 1646 1645
f 1645 1644 1643
f 1643 1642 1641
f 1641 1640 1639
f 1639 1638 1637
f 1637 1636 1635
f 1635 1634 1633
f 1633 1632 1631
f 1631 1630 1629
f 1629 1628 1627
f 1627 1626 1625
f 1625 1624 1623
f 1623 1622 1621
f 1621 1620 1619
f 1619 1618 1617
f 1617 1616 1615
f 1615 1614 1613
f 1613 1612 1611
f 1611 1610 1609
f 1609 1608 1607
f 1607 1606 1605
f 1605 1604 1603
f 1603 1602 1601
f 1601 1600 1599
f 1599 1598 1597
f 1597 1596 1595
f 1595 1594 1593
f 1593 1592 1591
f 1591 1590 1589
f 1589 1588 1587
f 1587 1586 1585
f 1585 1584 1583
f 1583 1582 1581
f 1581 1580 1579
f 1579 1578 1577
f 1577 1576 1575
f 1575 1574 1573
f 1573 1572 1571
f 1571 1570 1569
f 1569 1568 1567
f 1567 1566 1565
f 1565 1564 1563
f 1563 1562 1561
f 1561 1560 1559
f 1559 1558 1557
f 1557 1556 1555
f 1555 1554 1553
f 1553 1552 1551
f 1551 1550 1549
f 1549 1548 1547
f 1547 1546 1545
f 1545 1544 1543
f 1543 1542 1541
f 1541 1540 1539
f 1539 1538 1537
f 1537 1536 1535
f 1535 1534 1533
f 1533 1532 1531
f 1531 1530 1529
f 1529 1528 1527
f 1527 1526 1525
f 1525 1524 1523
f 1523 1522 1521
f 1521 1520 1519
f 1519 1518 1517
f 1517 1516 1515
f 1515 1514 1513
f 1513 1512 1511
f 1511 1510 1509
f 1509 1508 1507
f 1507 1506 1505
f 1505 1504 1503
f 1503 1502 1501
f 1501 1500 1499
f 1499 1498 1497
f 1497 1496 1495
f 1495 1494 1493
f 1493 1492 1491
f 1491 1490 1489
f 1489 1488 1487
f 1487 1486 1485
f 1485 1484 1483
f 1483 1482 1481
f 1481 1480 1479
f 1479 1478 1477
f 1477 1476 1475
f 1475 1474 1473
f 1473 1472 1471
f 1471 1470 1469
f 1469 1468 1467
f 1467 1466 1465
f 1465 1464 1463
f 1463 1462 1461
f 1461 1460 1459
f 1459 1458 1457
f 1457 1456 1455
f 1455 1454 1453
f 1453 1452 1451
f 1451 1450 1449
f 1449 1448 1447
f 1447 1446 1445
f 1445 1444 1443
f 1443 1442 1441
f 1441 1440 1439
f 1439 1438 1437
f 1437 1436 1435
f 1435 1434 1433
f 1433 1432 1431
f 1431 1430 1429
f 1429 1428 1427
f 1427 1426 1425
f 1425 1424 1423
f 1423 1422 1421
f 1421 1420 1419
f 1419 1418 1417
f 1417 1416 1415
f 1415 1414 1413
f 1413 1412 1411
f 1411 1410 1409
f 1409 1408 1407
f 1407 1406 1405
f 1405 1404 1403
f 1403 1402 1401
f 1401 1400 1399
f 1399 1398 1397
f 1397 1396 1395
f 1395 1394 1393
f 1393 1392 1391
f 1391 1390 1389
f 1389 1388 1387
f 1387 1386 1385
f 1385 1384 1383
f 1383 1382 1381
f 1381 1380 1379
f 1379 1378 1377
f 1377 1376 1375
f 1375 1374 1373
f 1373 1372 1371
f 1342 1341 1340
f 1340 1339 1338
f 1338 1337 1336
f 1336 1335 1334
f 1334 1333 1332
f 1332 1331 1330
f 1330 1329 1328
f 1328 1327 1326
f 1326 1325 1324
f 1324 1323 1322
f 1322 1321 1320
f 1320 1319 1318
f 1318 1317 1316
f 1316 1315 1314
f 1314 1313 1312
f 1312 1311 1310
f 1310 1309 1308
f 1308 1307 1306
f 1306 1305 1304
f 1304 1303 1302
f 1302 1301 1300
f 1300 1299 1298
f 1298 1297 1296
f 1296 1295 1294
f 1294 1293 1292
f 1292 1291 1290
f 1290 1289 1288
f 1288 1287 1286
f 1286 1285 1284
f 1284 1283 1282
f 1282 1281 1280
f 1280 1279 1278
f 1278 1277 1276
f 1276 1275 1274
f 1274 1273 1272
f 1272 1271 1270
f 1270 1269 1268
f 1268 1267 1266
f 1266 1265 1264
f 1264 1263 1262
f 1262 1261 1260
f 1260 1259 1258
f 1258 1257 1256
f 1256 1255 1254
f 1254 1253 1252
f 1252 1251 1250
f 1250 1249 1248
f 1248 1247 1246
f 1246 1245 1244
f 1244 1243 1242
f 1242 1241 1240
f 1240 1239 1238
f 1238 1237 1236
f 1236 1235 1234
f 1234 1233 1232
f 1232 1231 1230
f 1230 1229 1228
f 1228 1227 1226
f 1226 1225 1224
f 1224 1223 1222
f 1222 1221 1220
f 1220 1219 1218
f 1218 1217 1216
f 1216 1215 1214
f 1214 1213 1212
f 1212 1211 1210
f 1210 1209 1208
f 1208 1207 1206
f 1206 1205 1204
f 1204 1203 1202
f 1202 1201 1200
f 1200 1199 1198
f 1198 1197 1196
f 1196 1195 1194
f 1194 1193 1192
f 1192 1191 1190
f 1190 1189 1188
f 1188 1187 1186
f 1186 1185 1184
f 1184 1183 1182
f 1182 1181 1180
f 1180 1179 1178
f 1178 1177 1176
f 1176 1175 1174
f 1174 1173 1172
f 1172 1171 1170
f 1170 1169 1168
f 1168 1167 1166
f 1166 1165 1164
f 1164 1163 1162
f 1162 1161 1160
f 1160 1159 1158
f 1158 1157 1156
f 1156 1155 1154
f 1154 1153 1152
f 1152 1151 1150
f 1150 1149 1148
f 1148 1147 1146
f 1146 1145 1144
f 1144 1143 1142
f 1142 1141 1140
f 1140 1139 1138
f 1138 1137 1136
f 1136 1135 1134
f 1134 1133 1132
f 1132 1131 1130
f 1130 1129 1128
f 1128 1127 1126
f 1126 1125 1124
f 1124 1123 1122
f 1122 1121 1120
f 1120 1119 1118
f 1118 1117 1116
f 1116 1115 1114
f 1114 1113 1112
f 1112 1111 1110
f 1110 1109 1108
f 1108 1107 1106
f 1106 1105 1104
f 1104 1103 1102
f 1102 1101 1100
f 1100 1099 1098
f 1098 1097 1096
f 1096 1095 1094
f 1094 1093 1092
f 1092 1091 1090
f 1090 1089 1088
f 1088 1087 1086
f 1086 1085 1084
f 1084 1083 1082
f 1082 1081 1080
f 1080 1079 1078
f 1078 1077 1076
f 1076 1075 1074
f 1074 1073 1072
f 1072 1071 1070
f 1070 1069 1068
f 1068 1067 1066
f 1066 1065 1064
f 1064 1063 1062
f 1062 1061 1060
f 1060 1059 1058
f 1058 1057 1056
f 1056 1055 1054
f 1054 1053 1052
f 1052 1051 1050
f 1050 1049 1048
f 1048 1047 1046
f 1046 1045 1044
f 1044 1043 1042
f 1042 1041 1040
f 1040 1039 1038
f 1038 1037 1036
f 1036 1035 1034
f 1034 1033 1032
f 1032 1031 1030
f 1030 1029 1028
f 1028 1027 1026
f 1026 1025 1024
f 1024 1023 1022
f 1022 1021 1020
f 1020 1019 1018
f 1018 1017 1016
f 1016 1015 1014
f 1014 1013 1012
f 1012 1011 1010
f 1010 1009 1008
f 1008 1007 1006
f 1006 1005 1004
f 1004 1003 1002
f 1002 1001 1000
f 1000 999 998
f 998 997 996
f 996 995 994
f 994 993 992
f 992 991 990
f 990 989 988
f 988 987 986
f 986 985 984
f 984 983 982
f 982 981 980
f 980 979 978
f 978 977 976
f 976 975 974
f 974 973 972
f 972 971 970
f 970 969 968
f 968 967 966
f 966 965 964
f 964 963 962
f 962 961 960
f 960 959 958
f 958 957 956
f 956 955 954
f 954 953 952
f 952 951 950
f 950 949 948
f 948 947 946
f 946 945 944
f 944 943 942
f 942 941 940
f 940 939 938
f 938 937 936
f 936 935 934
f 934 933 932
f 932 931 930
f 930 929 928
f 928 927 926
f 926 925 924
f 924 923 922
f 922 921 920
f 920 919 918
f 918 917 916
f 916 915 914
f 914 913 912
f 912 911 910
f 910 909 908
f 908 907 906
f 906 905 904
f 904 903 902
f 902 901 1799
f 1799 1797 1795
f 1795 1793 1791
f 1791 1789 1787
f 1787 1785 1783
f 1783 1781 1779
f 1779 1777 1775
f 1775 1773 1771
f 1771 1769 1767
f 1767 1765 1763
f 1763 1761 1759
f 1759 1757 1755
f 1755 1753 1751
f 1751 1749 1747
f 1747 1745 1743
f 1743 1741 1739
f 1739 1737 1735
f 1735 1733 1731
f 1731 1729 1727
f 1727 1725 1723
f 1723 1721 1719
f 1719 1717 1715
f 1715 1713 1711
f 1711 1709 1707
f 1707 1705 1703
f 1703 1701 1699
f 1699 1697 1695
f 1695 1693 1691
f 1691 1689 1687
f 1687 1685 1683
f 1683 1681 1679
f 1679 1677 1675
f 1675 1673 1671
f 1671 1669 1667
f 1667 1665 1663
f 1663 1661 1659
f 1659 1657 1655
f 1655 1653 1651
f 1651 1649 1647
f 1647 1645 1643
f 1643 1641 1639
f 1639 1637 1635
f 1635 1633 1631
f 1631 1629 1627
f 1627 1625 1623
f 1623 1621 1619
f 1619 1617 1615
f 1615 1613 1611
f 1611 1609 1607
f 1607 1605 1603
f 1603 1601 1599
f 1599 1597 1595
f 1595 1593 1591
f 1591 1589 1587
f 1587 1585 1583
f 1583 1581 1579
f 1579 1577 1575
f 1575 1573 1571
f 1571 1569 1567
f 1567 1565 1563
f 1563 1561 1559
f 1559 1557 1555
f 1555 1553 1551
f 1551 1549 1547
f 1547 1545 1543
f 1543 1541 1539
f 1539 1537 1535
f 1535 1533 1531
f 1531 1529 1527
f 1527 1525 1523
f 1523 1521 1519
f 1519 1517 1515
f 1515 1513 1511
f 1511 1509 1507
f 1507 1505 1503
f 1503 1501 1499
f 1499 1497 1495
f 1495 1493 1491
f 1491 1489 1487
f 1487 1485 1483
f 1483 1481 1479
f 1479 1477 1475
f 1475 1473 1471
f 1471 1469 1467
f 1467 1465 1463
f 1463 1461 1459
f 1459 1457 1455
f 1455 1453 1451
f 1451 1449 1447
f 1447 1445 1443
f 1443 1441 1439
f 1439 1437 1435
f 1435 1433 1431
f 1431 1429 1427
f 1427 1425 1423
f 1423 1421 1419
f 1419 1417 1415
f 1415 1413 1411
f 1411 1409 1407
f 1407 1405 1403
f 1403 1401 1399
f 1399 1397 1395
f 1395 1393 1391
f 1391 1389 1387
f 1387 1385 1383
f 1383 1381 1379
f 1379 1377 1375
f 1375 1373 1371
f 1342 1340 1338
f 1338 1336 1334
f 1334 1332 1330
f 1330 1328 1326
f 1326 1324 1322
f 1322 1320 1318
f 1318 1316 1314
f 1314 1312 1310
f 1310 1308 1306
f 1306 1304 1302
f 1302 1300 1298
f 1298 1296 1294
f 1294 1292 1290
f 1290 1288 1286
f 1286 1284 1282
f 1282 1280 1278
f 1278 1276 1274
f 1274 1272 1270
f 1270 1268 1266
f 1266 1264 1262
f 1262 1260 1258
f 1258 1256 1254
f 1254 1252 1250
f 1250 1248 1246
f 1246 1244 1242
f 1242 1240 1238
f 1238 1236 1234
f 1234 1232 1230
f 1230 1228 1226
f 1226 1224 1222
f 1222 1220 1218
f 1218 1216 1214
f 1214 1212 1210
f 1210 1208 1206
f 1206 1204 1202
f 1202 1200 1198
f 1198 1196 1194
f 1194 1192 1190
f 1190 1188 1186
f 1186 1184 1182
f 1182 1180 1178
f 1178 1176 1174
f 1174 1172 1170
f 1170 1168 1166
f 1166 1164 1162
f 1162 1160 1158
f 1158 1156 1154
f 1154 1152 1150
f 1150 1148 1146
f 1146 1144 1142
f 1142 1140 1138
f 1138 1136 1134
f 1134 1132 1130
f 1130 1128 1126
f 1126 1124 1122
f 1122 1120 1118
f 1118 1116 1114
f 1114 1112 1110
f 1110 1108 1106
f 1106 1104 1102
f 1102 1100 1098
f 1098 1096 1094
f 1094 1092 1090
f 1090 1088 1086
f 1086 1084 1082
f 1082 1080 1078
f 1078 1076 1074
f 1074 1072 1070
f 1070 1068 1066
f 1066 1064 1062
f 1062 1060 1058
f 1058 1056 1054
f 1054 1052 1050
f 1050 1048 1046
f 1046 1044 1042
f 1042 1040 1038
f 1038 1036 1034
f 1034 1032 1030
f 1030 1028 1026
f 1026 1024 1022
f 1022 1020 1018
f 1018 1016 1014
f 1014 1012 1010
f 1010 1008 1006
f 1006 1004 1002
f 1002 1000 998
f 998 996 994
f 994 992 990
f 990 988 986
f 986 984 982
f 982 980 978
f 978 976 974
f 974 972 970
f 970 968 966
f 966 964 962
f 962 960 958
f 958 956 954
f 954 952 950
f 950 948 946
f 946 944 942
f 942 940 938
f 938 936 934
f 934 932 930
f 930 928 926
f 926 924 922
f 922 920 918
f 918 916 914
f 914 912 910
f 910 908 906
f 906 904 902
f 902 1799 1795
f 1795 1791 1787
f 1787 1783 1779
f 1779 1775 1771
f 1771 1767 1763
f 1763 1759 1755
f 1755 1751 1747
f 1747 1743 1739
f 1739 1735 1731
f 1731 1727 1723
f 1723 1719 1715
f 1715 1711 1707
f 1707 1703 1699
f 1699 1695 1691
f 1691 1687 1683
f 1683 1679 1675
f 1675 1671 1667
f 1667 1663 1659
f 1659 1655 1651
f 1651 1647 1643
f 1643 1639 1635
f 1635 1631 1627
f 1627 1623 1619
f 1619 1615 1611
f 1611 1607 1603
f 1603 1599 1595
f 1595 1591 1587
f 1587 1583 1579
f 1579 1575 1571
f 1571 1567 1563
f 1563 1559 1555
f 1555 1551 1547
f 1547 1543 1539
f 1539 1535 1531
f 1531 1527 1523
f 1523 1519 1515
f 1515 1511 1507
f 1507 1503 1499
f 1499 1495 1491
f 1491 1487 1483
f 1483 1479 1475
f 1475 1471 1467
f 1467 1463 1459
f 1459 1455 1451
f 1451 1447 1443
f 1443 1439 1435
f 1435 1431 1427
f 1427 1423 1419
f 1419 1415 1411
f 1411 1407 1403
f 1403 1399 1395
f 1395 1391 1387
f 1387 1383 1379
f 1379 1375 1371
f 1342 1338 1334
f 1334 1330 1326
f 1326 1322 1318
f 1318 1314 1310
f 1310 1306 1302
f 1302 1298 1294
f 1294 1290 1286
f 1286 1282 1278
f 1278 1274 1270
f 1270 1266 1262
f 1262 1258 1254
f 1254 1250 1246
f 1246 1242 1238
f 1238 1234 1230
f 1230 1226 1222
f 1222 1218 1214
f 1214 1210 1206
f 1206 1202 1198
f 1198 1194 1190
f 1190 1186 1182
f 1182 1178 1174
f 1174 1170 1166
f 1166 1162 1158
f 1158 1154 1150
f 1150 1146 1142
f 1142 1138 1134
f 1134 1130 1126
f 1126 1122 1118
f 1118 1114 1110
f 1110 1106 1102
f 1102 1098 1094
f 1094 1090 1086
f 1086 1082 1078
f 1078 1074 1070
f 1070 1066 1062
f 1062 1058 1054
f 1054 1050 1046
f 1046 1042 1038
f 1038 1034 1030
f 1030 1026 1022
f 1022 1018 1014
f 1014 1010 1006
f 1006 1002 998
f 998 994 990
f 990 986 982
f 982 978 974
f 974 970 966
f 966 962 958
f 958 954 950
f 950 946 942
f 942 938 934
f 934 930 926
f 926 922 918
f 918 914 910
f 910 906 902
f 902 1795 1787
f 1787 1779 1771
f 1771 1763 1755
f 1755 1747 1739
f 1739 1731 1723
f 1723 1715 1707
f 1707 1699 1691
f 1691 1683 1675
f 1675 1667 1659
f 1659 1651 1643
f 1643 1635 1627
f 1627 1619 1611
f 1611 1603 1595
f 1595 1587 1579
f 1579 1571 1563
f 1563 1555 1547
f 1547 1539 1531
f 1531 1523 1515
f 1515 1507 1499
f 1499 1491 1483
f 1483 1475 1467
f 1467 1459 1451
f 1451 1443 1435
f 1435 1427 1419
f 1419 1411 1403
f 1403 1395 1387
f 1387 1379 1371
f 1342 1334 1326
f 1326 1318 1310
f 1310 1302 1294
f 1294 1286 1278
f 1278 1270 1262
f 1262 1254 1246
f 1246 1238 1230
f 1230 1222 1214
f 1214 1206 1198
f 1198 1190 1182
f 1182 1174 1166
f 1166 1158 1150
f 1150 1142 1134
f 1134 1126 1118
f 1118 1110 1102
f 1102 1094 1086
f 1086 1078 1070
f 1070 1062 1054
f 1054 1046 1038
f 1038 1030 1022
f 1022 1014 1006
f 1006 998 990
f 990 982 974
f 974 966 958
f 958 950 942
f 942 934 926
f 926 918 910
f 910 902 1787
f 1787 1771 1755
f 1755 1739 1723
f 1723 1707 1691
f 1691 1675 1659
f 1659 1643 1627
f 1627 1611 1595
f 1595 1579 1563
f 1563 1547 1531
f 1531 1515 1499
f 1499 1483 1467
f 1467 1451 1435
f 1435 1419 1403
f 1403 1387 1371
f 1343 1342 1326
f 1326 1310 1294
f 1294 1278 1262
f 1262 1246 1230
f 1230 1214 1198
f 1198 1182 1166
f 1166 1150 1134
f 1134 1118 1102
f 1102 1086 1070
f 1070 1054 1038
f 1038 1022 1006
f 1006 990 974
f 974 958 942
f 942 926 910
f 910 1787 1755
f 1755 1723 1691
f 1691 1659 1627
f 1627 1595 1563
f 1563 1531 1499
f 1499 1467 1435
f 1435 1403 1371
f 1343 1326 1294
f 1294 1262 1230
f 1230 1198 1166
f 1166 1134 1102
f 1102 1070 1038
f 1038 1006 974
f 974 942 910
f 910 1755 1691
f 1691 1627 1563
f 1563 1499 1435
f 1435 1371 1370
f 1343 1294 1230
f 1230 1166 1102
f 1102 1038 974
f 974 910 1691
f 1691 1563 1435
f 1435 1370 1369
f 1344 1343 1230
f 1230 1102 974
f 1691 1435 1369
f 1345 1344 1230
f 1691 1369 1368
f 1345 1230 974
f 1691 1368 1367
f 1346 1345 974
f 1691 1367 1366
f 1347 1346 974
f 1691 1366 1365
f 1348 1347 974
f 1691 1365 1364
f 1349 1348 974
f 1691 1364 1363
f 1350 1349 974
f 1691 1363 1362
f 1351 1350 974
f 1691 1362 1361
f 1352 1351 974
f 1691 1361 1360
f 1352 974 1691
f 1691 1360 1359
f 1353 1352 1691
f 1691 1359 1358
f 1354 1353 1691
f 1691 1358 1357
f 1355 1354 1691
f 1691 1357 1356
f 1356 1355 1691
f 901 902 1
f 1 902 2
f 902 903 2
f 2 903 3
f 903 904 3
f 3 904 4
f 904 905 4
f 4 905 5
f 905 906 5
f 5 906 6
f 906 907 6
f 6 907 7
f 907 908 7
f 7 908 8
f 908 909 8
f 8 909 9
f 909 910 9
f 9 910 10
f 910 911 10
f 10 911 11
f 911 912 11
f 11 912 12
f 912 913 12
f 12 913 13
f 913 914 13
f 13 914 14
f 914 915 14
f 14 915 15
f 915 916 15
f 15 916 16
f 916 917 16
f 16 917 17
f 917 918 17
f 17 918 18
f 918 919 18
f 18 919 19
f 919 920 19
f 19 920 20
f 920 921 20
f 20 921 21
f 921 922 21
f 21 922 22
f 922 923 22
f 22 923 23
f 923 924 23
f 23 924 24
f 924 925 24
f 24 925 25
f 925 926 25
f 25 926 26
f 926 927 26
f 26 927 27
f 927 928 27
f 27 928 28
f 928 929 28
f 28 929 29
f 929 930 29
f 29 930 30
f 930 931 30
f 30 931 31
f 931 932 31
f 31 932 32
f 932 933 32
f 32 933 33
f 933 934 33
f 33 934 34
f 934 935 34
f 34 935 35
f 935 936 35
f 35 936 36
f 936 937 36
f 36 937 37
f 937 938 37
f 37 938 38
f 938 939 38
f 38 939 39
f 939 940 39
f 39 940 40
f 940 941 40
f 40 941 41
f 941 942 41
f 41 942 42
f 942 943 42
f 42 943 43
f 943 944 43
f 43 944 44
f 944 945 44
f 44 945 45
f 945 946 45
f 45 946 46
f 946 947 46
f 46 947 47
f 947 948 47
f 47 948 48
f 948 949 48
f 48 949 49
f 949 950 49
f 49 950 50
f 950 951 50
f 50 951 51
f 951 952 51
f 51 952 52
f 952 953 52
f 52 953 53
f 953 954 53
f 53 954 54
f 954 955 54
f 54 955 55
f 955 956 55
f 55 956 56
f 956 957 56
f 56 957 57
f 957 958 57
f 57 958 58
f 958 959 58
f 58 959 59
f 959 960 59
f 59 960 60
f 960 961 60
f 60 961 61
f 961 962 61
f 61 962 62
f 962 963 62
f 62 963 63
f 963 964 63
f 63 964 64
f 964 965 64
f 64 965 65
f 965 966 65
f 65 966 66
f 966 967 66
f 66 967 67
f 967 968 67
f 67 968 68
f 968 969 68
f 68 969 69
f 969 970 69
f 69 970 70
f 970 971 70
f 70 971 71
f 971 972 71
f 71 972 72
f 972 973 72
f 72 973 73
f 973 974 73
f 73 974 74
f 974 975 74
f 74 975 75
f 975 976 75
f 75 976 76
f 976 977 76
f 76 977 77
f 977 978 77
f 77 978 78
f 978 979 78
f 78 979 79
f 979 980 79
f 79 980 80
f 980 981 80
f 80 981 81
f 981 982 81
f 81 982 82
f 982 983 82
f 82 983 83
f 983 984 83
f 83 984 84
f 984 985 84
f 84 985 85
f 985 986 85
f 85 986 86
f 986 987 86
f 86 987 87
f 987 988 87
f 87 988 88
f 988 989 88
f 88 989 89
f 989 990 89
f 89 990 90
f 990 991 90
f 90 991 91
f 991 992 91
f 91 992 92
f 992 993 92
f 92 993 93
f 993 994 93
f 93 994 94
f 994 995 94
f 94 995 95
f 995 996 95
f 95 996 96
f 996 997 96
f 96 997 97
f 997 998 97
f 97 998 98
f 998 999 98
f 98 999 99
f 999 1000 99
f 99 1000 100
f 1000 1001 100
f 100 1001 101
f 1001 1002 101
f 101 1002 102
f 1002 1003 102
f 102 1003 103
f 1003 1004 103
f 103 1004 104
f 1004 1005 104
f 104 1005 105
f 1005 1006 105
f 105 1006 106
f 1006 1007 106
f 106 1007 107
f 1007 1008 107
f 107 1008 108
f 1008 1009 108
f 108 1009 109
f 1009 1010 109
f 109 1010 110
f 1010 1011 110
f 110 1011 111
f 1011 1012 111
f 111 1012 112
f 1012 1013 112
f 112 1013 113
f 1013 1014 113
f 113 1014 114
f 1014 1015 114
f 114 1015 115
f 1015 1016 115
f 115 1016 116
f 1016 1017 116
f 116 1017 117
f 1017 1018 117
f 117 1018 118
f 1018 1019 118
f 118 1019 119
f 1019 1020 119
f 119 1020 120
f 1020 1021 120
f 120 1021 121
f 1021 1022 121
f 121 1022 122
f 1022 1023 122
f 122 1023 123
f 1023 1024 123
f 123 1024 124
f 1024 1025 124
f 124 1025 125
f 1025 1026 125
f 125 1026 126
f 1026 1027 126
f 126 1027 127
f 1027 1028 127
f 127 1028 128
f 1028 1029 128
f 128 1029 129
f 1029 1030 129
f 129 1030 130
f 1030 1031 130
f 130 1031 131
f 1031 1032 131
f 131 1032 132
f 1032 1033 132
f 132 1033 133
f 1033 1034 133
f 133 1034 134
f 1034 1035 134
f 134 1035 135
f 1035 1036 135
f 135 1036 136
f 1036 1037 136
f 136 1037 137
f 1037 1038 137
f 137 1038 138
f 1038 1039 138
f 138 1039 139
f 1039 1040 139
f 139 1040 140
f 1040 1041 140
f 140 1041 141
f 1041 1042 141
f 141 1042 142
f 1042 1043 142
f 142 1043 143
f 1043 1044 143
f 143 1044 144
f 1044 1045 144
f 144 1045 145
f 1045 1046 145
f 145 1046 146
f 1046 1047 146
f 146 1047 147
f 1047 1048 147
f 147 1048 148
f 1048 1049 148
f 148 1049 149
f 1049 1050 149
f 149 1050 150
f 1050 1051 150
f 150 1051 151
f 1051 1052 151
f 151 1052 152
f 1052 1053 152
f 152 1053 153
f 1053 1054 153
f 153 1054 154
f 1054 1055 154
f 154 1055 155
f 1055 1056 155
f 155 1056 156
f 1056 1057 156
f 156 1057 157
f 1057 1058 157
f 157 1058 158
f 1058 1059 158
f 158 1059 159
f 1059 1060 159
f 159 1060 160
f 1060 1061 160
f 160 1061 161
f 1061 1062 161
f 161 1062 162
f 1062 1063 162
f 162 1063 163
f 1063 1064 163
f 163 1064 164
f 1064 1065 164
f 164 1065 165
f 1065 1066 165
f 165 1066 166
f 1066 1067 166
f 166 1067 167
f 1067 1068 167
f 167 1068 168
f 1068 1069 168
f 168 1069 169
f 1069 1070 169
f 169 1070 170
f 1070 1071 170
f 170 1071 171
f 1071 1072 171
f 171 1072 172
f 1072 1073 172
f 172 1073 173
f 1073 1074 173
f 173 1074 174
f 1074 1075 174
f 174 1075 175
f 1075 1076 175
f 175 1076 176
f 1076 1077 176
f 176 1077 177
f 1077 1078 177
f 177 1078 178
f 1078 1079 178
f 178 1079 179
f 1079 1080 179
f 179 1080 180
f 1080 1081 180
f 180 1081 181
f 1081 1082 181
f 181 1082 182
f 1082 1083 182
f 182 1083 183
f 1083 1084 183
f 183 1084 184
f 1084 1085 184
f 184 1085 185
f 1085 1086 185
f 185 1086 186
f 1086 1087 186
f 186 1087 187
f 1087 1088 187
f 187 1088 188
f 1088 1089 188
f 188 1089 189
f 1089 1090 189
f 189 1090 190
f 1090 1091 190
f 190 1091 191
f 1091 1092 191
f 191 1092 192
f 1092 1093 192
f 192 1093 193
f 1093 1094 193
f 193 1094 194
f 1094 1095 194
f 194 1095 195
f 1095 1096 195
f 195 1096 196
f 1096 1097 196
f 196 1097 197
f 1097 1098 197
f 197 1098 198
f 1098 1099 198
f 198 1099 199
f 1099 1100 199
f 199 1100 200
f 1100 1101 200
f 200 1101 201
f 1101 1102 201
f 201 1102 202
f 1102 1103 202
f 202 1103 203
f 1103 1104 203
f 203 1104 204
f 1104 1105 204
f 204 1105 205
f 1105 1106 205
f 205 1106 206
f 1106 1107 206
f 206 1107 207
f 1107 1108 207
f 207 1108 208
f 1108 1109 208
f 208 1109 209
f 1109 1110 209
f 209 1110 210
f 1110 1111 210
f 210 1111 211
f 1111 1112 211
f 211 1112 212
f 1112 1113 212
f 212 1113 213
f 1113 1114 213
f 213 1114 214
f 1114 1115 214
f 214 1115 215
f 1115 1116 215
f 215 1116 216
f 1116 1117 216
f 216 1117 217
f 1117 1118 217
f 217 1118 218
f 1118 1119 218
f 218 1119 219
f 1119 1120 219
f 219 1120 220
f 1120 1121 220
f 220 1121 221
f 1121 1122 221
f 221 1122 222
f 1122 1123 222
f 222 1123 223
f 1123 1124 223
f 223 1124 224
f 1124 1125 224
f 224 1125 225
f 1125 1126 225
f 225 1126 226
f 1126 1127 226
f 226 1127 227
f 1127 1128 227
f 227 1128 228
f 1128 1129 228
f 228 1129 229
f 1129 1130 229
f 229 1130 230
f 1130 1131 230
f 230 1131 231
f 1131 1132 231
f 231 1132 232
f 1132 1133 232
f 232 1133 233
f 1133 1134 233
f 233 1134 234
f 1134 1135 234
f 234 1135 235
f 1135 1136 235
f 235 1136 236
f 1136 1137 236
f 236 1137 237
f 1137 1138 237
f 237 1138 238
f 1138 1139 238
f 238 1139 239
f 1139 1140 239
f 239 1140 240
f 1140 1141 240
f 240 1141 241
f 1141 1142 241
f 241 1142 242
f 1142 1143 242
f 242 1143 243
f 1143 1144 243
f 243 1144 244
f 1144 1145 244
f 244 1145 245
f 1145 1146 245
f 245 1146 246
f 1146 1147 246
f 246 1147 247
f 1147 1148 247
f 247 1148 248
f 1148 1149 248
f 248 1149 249
f 1149 1150 249
f 249 1150 250
f 1150 1151 250
f 250 1151 251
f 1151 1152 251
f 251 1152 252
f 1152 1153 252
f 252 1153 253
f 1153 1154 253
f 253 1154 254
f 1154 1155 254
f 254 1155 255
f 1155 1156 255
f 255 1156 256
f 1156 1157 256
f 256 1157 257
f 1157 1158 257
f 257 1158 258
f 1158 1159 258
f 258 1159 259
f 1159 1160 259
f 259 1160 260
f 1160 1161 260
f 260 1161 261
f 1161 1162 261
f 261 1162 262
f 1162 1163 262
f 262 1163 263
f 1163 1164 263
f 263 1164 264
f 1164 1165 264
f 264 1165 265
f 1165 1166 265
f 265 1166 266
f 1166 1167 266
f 266 1167 267
f 1167 1168 267
f 267 1168 268
f 1168 1169 268
f 268 1169 269
f 1169 1170 269
f 269 1170 270
f 1170 1171 270
f 270 1171 271
f 1171 1172 271
f 271 1172 272
f 1172 1173 272
f 272 1173 273
f 1173 1174 273
f 273 1174 274
f 1174 1175 274
f 274 1175 275
f 1175 1176 275
f 275 1176 276
f 1176 1177 276
f 276 1177 277
f 1177 1178 277
f 277 1178 278
f 1178 1179 278
f 278 1179 279
f 1179 1180 279
f 279 1180 280
f 1180 1181 280
f 280 1181 281
f 1181 1182 281
f 281 1182 282
f 1182 1183 282
f 282 1183 283
f 1183 1184 283
f 283 1184 284
f 1184 1185 284
f 284 1185 285
f 1185 1186 285
f 285 1186 286
f 1186 1187 286
f 286 1187 287
f 1187 1188 287
f 287 1188 288
f 1188 1189 288
f 288 1189 289
f 1189 1190 289
f 289 1190 290
f 1190 1191 290
f 290 1191 291
f 1191 1192 291
f 291 1192 292
f 1192 1193 292
f 292 1193 293
f 1193 1194 293
f 293 1194 294
f 1194 1195 294
f 294 1195 295
f 1195 1196 295
f 295 1196 296
f 1196 1197 296
f 296 1197 297
f 1197 1198 297
f 297 1198 298
f 1198 1199 298
f 298 1199 299
f 1199 1200 299
f 299 1200 300
f 1200 1201 300
f 300 1201 301
f 1201 1202 301
f 301 1202 302
f 1202 1203 302
f 302 1203 303
f 1203 1204 303
f 303 1204 304
f 1204 1205 304
f 304 1205 305
f 1205 1206 305
f 305 1206 306
f 1206 1207 306
f 306 1207 307
f 1207 1208 307
f 307 1208 308
f 1208 1209 308
f 308 1209 309
f 1209 1210 309
f 309 1210 310
f 1210 1211 310
f 310 1211 311
f 1211 1212 311
f 311 1212 312
f 1212 1213 312
f 312 1213 313
f 1213 1214 313
f 313 1214 314
f 1214 1215 314
f 314 1215 315
f 1215 1216 315
f 315 1216 316
f 1216 1217 316
f 316 1217 317
f 1217 1218 317
f 317 1218 318
f 1218 1219 318
f 318 1219 319
f 1219 1220 319
f 319 1220 320
f 1220 1221 320
f 320 1221 321
f 1221 1222 321
f 321 1222 322
f 1222 1223 322
f 322 1223 323
f 1223 1224 323
f 323 1224 324
f 1224 1225 324
f 324 1225 325
f 1225 1226 325
f 325 1226 326
f 1226 1227 326
f 326 1227 327
f 1227 1228 327
f 327 1228 328
f 1228 1229 328
f 328 1229 329
f 1229 1230 329
f 329 1230 330
f 1230 1231 330
f 330 1231 331
f 1231 1232 331
f 331 1232 332
f 1232 1233 332
f 332 1233 333
f 1233 1234 333
f 333 1234 334
f 1234 1235 334
f 334 1235 335
f 1235 1236 335
f 335 1236 336
f 1236 1237 336
f 336 1237 337
f 1237 1238 337
f 337 1238 338
f 1238 1239 338
f 338 1239 339
f 1239 1240 339
f 339 1240 340
f 1240 1241 340
f 340 1241 341
f 1241 1242 341
f 341 1242 342
f 1242 1243 342
f 342 1243 343
f 1243 1244 343
f 343 1244 344
f 1244 1245 344
f 344 1245 345
f 1245 1246 345
f 345 1246 346
f 1246 1247 346
f 346 1247 347
f 1247 1248 347
f 347 1248 348
f 1248 1249 348
f 348 1249 349
f 1249 1250 349
f 349 1250 350
f 1250 1251 350
f 350 1251 351
f 1251 1252 351
f 351 1252 352
f 1252 1253 352
f 352 1253 353
f 1253 1254 353
f 353 1254 354
f 1254 1255 354
f 354 1255 355
f 1255 1256 355
f 355 1256 356
f 1256 1257 356
f 356 1257 357
f 1257 1258 357
f 357 1258 358
f 1258 1259 358
f 358 1259 359
f 1259 1260 359
f 359 1260 360
f 1260 1261 360
f 360 1261 361
f 1261 1262 361
f 361 1262 362
f 1262 1263 362
f 362 1263 363
f 1263 1264 363
f 363 1264 364
f 1264 1265 364
f 364 1265 365
f 1265 1266 365
f 365 1266 366
f 1266 1267 366
f 366 1267 367
f 1267 1268 367
f 367 1268 368
f 1268 1269 368
f 368 1269 369
f 1269 1270 369
f 369 1270 370
f 1270 1271 370
f 370 1271 371
f 1271 1272 371
f 371 1272 372
f 1272 1273 372
f 372 1273 373
f 1273 1274 373
f 373 1274 374
f 1274 1275 374
f 374 1275 375
f 1275 1276 375
f 375 1276 376
f 1276 1277 376
f 376 1277 377
f 1277 1278 377
f 377 1278 378
f 1278 1279 378
f 378 1279 379
f 1279 1280 379
f 379 1280 380
f 1280 1281 380
f 380 1281 381
f 1281 1282 381
f 381 1282 382
f 1282 1283 382
f 382 1283 383
f 1283 1284 383
f 383 1284 384
f 1284 1285 384
f 384 1285 385
f 1285 1286 385
f 385 1286 386
f 1286 1287 386
f 386 1287 387
f 1287 1288 387
f 387 1288 388
f 1288 1289 388
f 388 1289 389
f 1289 1290 389
f 389 1290 390
f 1290 1291 390
f 390 1291 391
f 1291 1292 391
f 391 1292 392
f 1292 1293 392
f 392 1293 393
f 1293 1294 393
f 393 1294 394
f 1294 1295 394
f 394 1295 395
f 1295 1296 395
f 395 1296 396
f 1296 1297 396
f 396 1297 397
f 1297 1298 397
f 397 1298 398
f 1298 1299 398
f 398 1299 399
f 1299 1300 399
f 399 1300 400
f 1300 1301 400
f 400 1301 401
f 1301 1302 401
f 401 1302 402
f 1302 1303 402
f 402 1303 403
f 1303 1304 403
f 403 1304 404
f 1304 1305 404
f 404 1305 405
f 1305 1306 405
f 405 1306 406
f 1306 1307 406
f 406 1307 407
f 1307 1308 407
f 407 1308 408
f 1308 1309 408
f 408 1309 409
f 1309 1310 409
f 409 1310 410
f 1310 1311 410
f 410 1311 411
f 1311 1312 411
f 411 1312 412
f 1312 1313 412
f 412 1313 413
f 1313 1314 413
f 413 1314 414
f 1314 1315 414
f 414 1315 415
f 1315 1316 415
f 415 1316 416
f 1316 1317 416
f 416 1317 417
f 1317 1318 417
f 417 1318 418
f 1318 1319 418
f 418 1319 419
f 1319 1320 419
f 419 1320 420
f 1320 1321 420
f 420 1321 421
f 1321 1322 421
f 421 1322 422
f 1322 1323 422
f 422 1323 423
f 1323 1324 423
f 423 1324 424
f 1324 1325 424
f 424 1325 425
f 1325 1326 425
f 425 1326 426
f 1326 1327 426
f 426 1327 427
f 1327 1328 427
f 427 1328 428
f 1328 1329 428
f 428 1329 429
f 1329 1330 429
f 429 1330 430
f 1330 1331 430
f 430 1331 431
f 1331 1332 431
f 431 1332 432
f 1332 1333 432
f 432 1333 433
f 1333 1334 433
f 433 1334 434
f 1334 1335 434
f 434 1335 435
f 1335 1336 435
f 435 1336 436
f 1336 1337 436
f 436 1337 437
f 1337 1338 437
f 437 1338 438
f 1338 1339 438
f 438 1339 439
f 1339 1340 439
f 439 1340 440
f 1340 1341 440
f 440 1341 441
f 1341 1342 441
f 441 1342 442
f 1342 1343 442
f 442 1343 443
f 1343 1344 443
f 443 1344 444
f 1344 1345 444
f 444 1345 445
f 1345 1346 445
f 445 1346 446
f 1346 1347 446
f 446 1347 447
f 1347 1348 447
f 447 1348 448
f 1348 1349 448
f 448 1349 449
f 1349 1350 449
f 449 1350 450
f 1350 1351 450
f 450 1351 451
f 1351 1352 451
f 451 1352 452
f 1352 1353 452
f 452 1353 453
f 1353 1354 453
f 453 1354 454
f 1354 1355 454
f 454 1355 455
f 1355 1356 455
f 455 1356 456
f 1356 1357 456
f 456 1357 457
f 1357 1358 457
f 457 1358 458
f 1358 1359 458
f 458 1359 459
f 1359 1360 459
f 459 1360 460
f 1360 1361 460
f 460 1361 461
f 1361 1362 461
f 461 1362 462
f 1362 1363 462
f 462 1363 463
f 1363 1364 463
f 463 1364 464
f 1364 1365 464
f 464 1365 465
f 1365 1366 465
f 465 1366 466
f 1366 1367 466
f 466 1367 467
f 1367 1368 467
f 467 1368 468
f 1368 1369 468
f 468 1369 469
f 1369 1370 469
f 469 1370 470
f 1370 1371 470
f 470 1371 471
f 1371 1372 471
f 471 1372 472
f 1372 1373 472
f 472 1373 473
f 1373 1374 473
f 473 1374 474
f 1374 1375 474
f 474 1375 475
f 1375 1376 475
f 475 1376 476
f 1376 1377 476
f 476 1377 477
f 1377 1378 477
f 477 1378 478
f 1378 1379 478
f 478 1379 479
f 1379 1380 479
f 479 1380 480
f 1380 1381 480
f 480 1381 481
f 1381 1382 481
f 481 1382 482
f 1382 1383 482
f 482 1383 483
f 1383 1384 483
f 483 1384 484
f 1384 1385 484
f 484 1385 485
f 1385 1386 485
f 485 1386 486
f 1386 1387 486
f 486 1387 487
f 1387 1388 487
f 487 1388 488
f 1388 1389 488
f 488 1389 489
f 1389 1390 489
f 489 1390 490
f 1390 1391 490
f 490 1391 491
f 1391 1392 491
f 491 1392 492
f 1392 1393 492
f 492 1393 493
f 1393 1394 493
f 493 1394 494
f 1394 1395 494
f 494 1395 495
f 1395 1396 495
f 495 1396 496
f 1396 1397 496
f 496 1397 497
f 1397 1398 497
f 497 1398 498
f 1398 1399 498
f 498 1399 499
f 1399 1400 499
f 499 1400 500
f 1400 1401 500
f 500 1401 501
f 1401 1402 501
f 501 1402 502
f 1402 1403 502
f 502 1403 503
f 1403 1404 503
f 503 1404 504
f 1404 1405 504
f 504 1405 505
f 1405 1406 505
f 505 1406 506
f 1406 1407 506
f 506 1407 507
f 1407 1408 507
f 507 1408 508
f 1408 1409 508
f 508 1409 509
f 1409 1410 509
f 509 1410 510
f 1410 1411 510
f 510 1411 511
f 1411 1412 511
f 511 1412 512
f 1412 1413 512
f 512 1413 513
f 1413 1414 513
f 513 1414 514
f 1414 1415 514
f 514 1415 515
f 1415 1416 515
f 515 1416 516
f 1416 1417 516
f 516 1417 517
f 1417 1418 517
f 517 1418 518
f 1418 1419 518
f 518 1419 519
f 1419 1420 519
f 519 1420 520
f 1420 1421 520
f 520 1421 521
f 1421 1422 521
f 521 1422 522
f 1422 1423 522
f 522 1423 523
f 1423 1424 523
f 523 1424 524
f 1424 1425 524
f 524 1425 525
f 1425 1426 525
f 525 1426 526
f 1426 1427 526
f 526 1427 527
f 1427 1428 527
f 527 1428 528
f 1428 1429 528
f 528 1429 529
f 1429 1430 529
f 529 1430 530
f 1430 1431 530
f 530 1431 531
f 1431 1432 531
f 531 1432 532
f 1432 1433 532
f 532 1433 533
f 1433 1434 533
f 533 1434 534
f 1434 1435 534
f 534 1435 535
f 1435 1436 535
f 535 1436 536
f 1436 1437 536
f 536 1437 537
f 1437 1438 537
f 537 1438 538
f 1438 1439 538
f 538 1439 539
f 1439 1440 539
f 539 1440 540
f 1440 1441 540
f 540 1441 541
f 1441 1442 541
f 541 1442 542
f 1442 1443 542
f 542 1443 543
f 1443 1444 543
f 543 1444 544
f 1444 1445 544
f 544 1445 545
f 1445 1446 545
f 545 1446 546
f 1446 1447 546
f 546 1447 547
f 1447 1448 547
f 547 1448 548
f 1448 1449 548
f 548 1449 549
f 1449 1450 549
f 549 1450 550
f 1450 1451 550
f 550 1451 551
f 1451 1452 551
f 551 1452 552
f 1452 1453 552
f 552 1453 553
f 1453 1454 553
f 553 1454 554
f 1454 1455 554
f 554 1455 555
f 1455 1456 555
f 555 1456 556
f 1456 1457 556
f 556 1457 557
f 1457 1458 557
f 557 1458 558
f 1458 1459 558
f 558 1459 559
f 1459 1460 559
f 559 1460 560
f 1460 1461 560
f 560 1461 561
f 1461 1462 561
f 561 1462 562
f 1462 1463 562
f 562 1463 563
f 1463 1464 563
f 563 1464 564
f 1464 1465 564
f 564 1465 565
f 1465 1466 565
f 565 1466 566
f 1466 1467 566
f 566 1467 567
f 1467 1468 567
f 567 1468 568
f 1468 1469 568
f 568 1469 569
f 1469 1470 569
f 569 1470 570
f 1470 1471 570
f 570 1471 571
f 1471 1472 571
f 571 1472 572
f 1472 1473 572
f 572 1473 573
f 1473 1474 573
f 573 1474 574
f 1474 1475 574
f 574 1475 575
f 1475 1476 575
f 575 1476 576
f 1476 1477 576
f 576 1477 577
f 1477 1478 577
f 577 1478 578
f 1478 1479 578
f 578 1479 579
f 1479 1480 579
f 579 1480 580
f 1480 1481 580
f 580 1481 581
f 1481 1482 581
f 581 1482 582
f 1482 1483 582
f 582 1483 583
f 1483 1484 583
f 583 1484 584
f 1484 1485 584
f 584 1485 585
f 1485 1486 585
f 585 1486 586
f 1486 1487 586
f 586 1487 587
f 1487 1488 587
f 587 1488 588
f 1488 1489 588
f 588 1489 589
f 1489 1490 589
f 589 1490 590
f 1490 1491 590
f 590 1491 591
f 1491 1492 591
f 591 1492 592
f 1492 1493 592
f 592 1493 593
f 1493 1494 593
f 593 1494 594
f 1494 1495 594
f 594 1495 595
f 1495 1496 595
f 595 1496 596
f 1496 1497 596
f 596 1497 597
f 1497 1498 597
f 597 1498 598
f 1498 1499 598
f 598 1499 599
f 1499 1500 599
f 599 1500 600
f 1500 1501 600
f 600 1501 601
f 1501 1502 601
f 601 1502 602
f 1502 1503 602
f 602 1503 603
f 1503 1504 603
f 603 1504 604
f 1504 1505 604
f 604 1505 605
f 1505 1506 605
f 605 1506 606
f 1506 1507 606
f 606 1507 607
f 1507 1508 607
f 607 1508 608
f 1508 1509 608
f 608 1509 609
f 1509 1510 609
f 609 1510 610
f 1510 1511 610
f 610 1511 611
f 1511 1512 611
f 611 1512 612
f 1512 1513 612
f 612 1513 613
f 1513 1514 613
f 613 1514 614
f 1514 1515 614
f 614 1515 615
f 1515 1516 615
f 615 1516 616
f 1516 1517 616
f 616 1517 617
f 1517 1518 617
f 617 1518 618
f 1518 1519 618
f 618 1519 619
f 1519 1520 619
f 619 1520 620
f 1520 1521 620
f 620 1521 621
f 1521 1522 621
f 621 1522 622
f 1522 1523 622
f 622 1523 623
f 1523 1524 623
f 623 1524 624
f 1524 1525 624
f 624 1525 625
f 1525 1526 625
f 625 1526 626
f 1526 1527 626
f 626 1527 627
f 1527 1528 627
f 627 1528 628
f 1528 1529 628
f 628 1529 629
f 1529 1530 629
f 629 1530 630
f 1530 1531 630
f 630 1531 631
f 1531 1532 631
f 631 1532 632
f 1532 1533 632
f 632 1533 633
f 1533 1534 633
f 633 1534 634
f 1534 1535 634
f 634 1535 635
f 1535 1536 635
f 635 1536 636
f 1536 1537 636
f 636 1537 637
f 1537 1538 637
f 637 1538 638
f 1538 1539 638
f 638 1539 639
f 1539 1540 639
f 639 1540 640
f 1540 1541 640
f 640 1541 641
f 1541 1542 641
f 641 1542 642
f 1542 1543 642
f 642 1543 643
f 1543 1544 643
f 643 1544 644
f 1544 1545 644
f 644 1545 645
f 1545 1546 645
f 645 1546 646
f 1546 1547 646
f 646 1547 647
f 1547 1548 647
f 647 1548 648
f 1548 1549 648
f 648 1549 649
f 1549 1550 649
f 649 1550 650
f 1550 1551 650
f 650 1551 651
f 1551 1552 651
f 651 1552 652
f 1552 1553 652
f 652 1553 653
f 1553 1554 653
f 653 1554 654
f 1554 1555 654
f 654 1555 655
f 1555 1556 655
f 655 1556 656
f 1556 1557 656
f 656 1557 657
f 1557 1558 657
f 657 1558 658
f 1558 1559 658
f 658 1559 659
f 1559 1560 659
f 659 1560 660
f 1560 1561 660
f 660 1561 661
f 1561 1562 661
f 661 1562 662
f 1562 1563 662
f 662 1563 663
f 1563 1564 663
f 663 1564 664
f 1564 1565 664
f 664 1565 665
f 1565 1566 665
f 665 1566 666
f 1566 1567 666
f 666 1567 667
f 1567 1568 667
f 667 1568 668
f 1568 1569 668
f 668 1569 669
f 1569 1570 669
f 669 1570 670
f 1570 1571 670
f 670 1571 671
f 1571 1572 671
f 671 1572 672
f 1572 1573 672
f 672 1573 673
f 1573 1574 673
f 673 1574 674
f 1574 1575 674
f 674 1575 675
f 1575 1576 675
f 675 1576 676
f 1576 1577 676
f 676 1577 677
f 1577 1578 677
f 677 1578 678
f 1578 1579 678
f 678 1579 679
f 1579 1580 679
f 679 1580 680
f 1580 1581 680
f 680 1581 681
f 1581 1582 681
f 681 1582 682
f 1582 1583 682
f 682 1583 683
f 1583 1584 683
f 683 1584 684
f 1584 1585 684
f 684 1585 685
f 1585 1586 685
f 685 1586 686
f 1586 1587 686
f 686 1587 687
f 1587 1588 687
f 687 1588 688
f 1588 1589 688
f 688 1589 689
f 1589 1590 689
f 689 1590 690
f 1590 1591 690
f 690 1591 691
f 1591 1592 691
f 691 1592 692
f 1592 1593 692
f 692 1593 693
f 1593 1594 693
f 693 1594 694
f 1594 1595 694
f 694 1595 695
f 1595 1596 695
f 695 1596 696
f 1596 1597 696
f 696 1597 697
f 1597 1598 697
f 697 1598 698
f 1598 1599 698
f 698 1599 699
f 1599 1600 699
f 699 1600 700
f 1600 1601 700
f 700 1601 701
f 1601 1602 701
f 701 1602 702
f 1602 1603 702
f 702 1603 703
f 1603 1604 703
f 703 1604 704
f 1604 1605 704
f 704 1605 705
f 1605 1606 705
f 705 1606 706
f 1606 1607 706
f 706 1607 707
f 1607 1608 707
f 707 1608 708
f 1608 1609 708
f 708 1609 709
f 1609 1610 709
f 709 1610 710
f 1610 1611 710
f 710 1611 711
f 1611 1612 711
f 711 1612 712
f 1612 1613 712
f 712 1613 713
f 1613 1614 713
f 713 1614 714
f 1614 1615 714
f 714 1615 715
f 1615 1616 715
f 715 1616 716
f 1616 1617 716
f 716 1617 717
f 1617 1618 717
f 717 1618 718
f 1618 1619 718
f 718 1619 719
f 1619 1620 719
f 719 1620 720
f 1620 1621 720
f 720 1621 721
f 1621 1622 721
f 721 1622 722
f 1622 1623 722
f 722 1623 723
f 1623 1624 723
f 723 1624 724
f 1624 1625 724
f 724 1625 725
f 1625 1626 725
f 725 1626 726
f 1626 1627 726
f 726 1627 727
f 1627 1628 727
f 727 1628 728
f 1628 1629 728
f 728 1629 729
f 1629 1630 729
f 729 1630 730
f 1630 1631 730
f 730 1631 731
f 1631 1632 731
f 731 1632 732
f 1632 1633 732
f 732 1633 733
f 1633 1634 733
f 733 1634 734
f 1634 1635 734
f 734 1635 735
f 1635 1636 735
f 735 1636 736
f 1636 1637 736
f 736 1637 737
f 1637 1638 737
f 737 1638 738
f 1638 1639 738
f 738 1639 739
f 1639 1640 739
f 739 1640 740
f 1640 1641 740
f 740 1641 741
f 1641 1642 741
f 741 1642 742
f 1642 1643 742
f 742 1643 743
f 1643 1644 743
f 743 1644 744
f 1644 1645 744
f 744 1645 745
f 1645 1646 745
f 745 1646 746
f 1646 1647 746
f 746 1647 747
f 1647 1648 747
f 747 1648 748
f 1648 1649 748
f 748 1649 749
f 1649 1650 749
f 749 1650 750
f 1650 1651 750
f 750 1651 751
f 1651 1652 751
f 751 1652 752
f 1652 1653 752
f 752 1653 753
f 1653 1654 753
f 753 1654 754
f 1654 1655 754
f 754 1655 755
f 1655 1656 755
f 755 1656 756
f 1656 1657 756
f 756 1657 757
f 1657 1658 757
f 757 1658 758
f 1658 1659 758
f 758 1659 759
f 1659 1660 759
f 759 1660 760
f 1660 1661 760
f 760 1661 761
f 1661 1662 761
f 761 1662 762
f 1662 1663 762
f 762 1663 763
f 1663 1664 763
f 763 1664 764
f 1664 1665 764
f 764 1665 765
f 1665 1666 765
f 765 1666 766
f 1666 1667 766
f 766 1667 767
f 1667 1668 767
f 767 1668 768
f 1668 1669 768
f 768 1669 769
f 1669 1670 769
f 769 1670 770
f 1670 1671 770
f 770 1671 771
f 1671 1672 771
f 771 1672 772
f 1672 1673 772
f 772 1673 773
f 1673 1674 773
f 773 1674 774
f 1674 1675 774
f 774 1675 775
f 1675 1676 775
f 775 1676 776
f 1676 1677 776
f 776 1677 777
f 1677 1678 777
f 777 1678 778
f 1678 1679 778
f 778 1679 779
f 1679 1680 779
f 779 1680 780
f 1680 1681 780
f 780 1681 781
f 1681 1682 781
f 781 1682 782
f 1682 1683 782
f 782 1683 783
f 1683 1684 783
f 783 1684 784
f 1684 1685 784
f 784 1685 785
f 1685 1686 785
f 785 1686 786
f 1686 1687 786
f 786 1687 787
f 1687 1688 787
f 787 1688 788
f 1688 1689 788
f 788 1689 789
f 1689 1690 789
f 789 1690 790
f 1690 1691 790
f 790 1691 791
f 1691 1692 791
f 791 1692 792
f 1692 1693 792
f 792 1693 793
f 1693 1694 793
f 793 1694 794
f 1694 1695 794
f 794 1695 795
f 1695 1696 795
f 795 1696 796
f 1696 1697 796
f 796 1697 797
f 1697 1698 797
f 797 1698 798
f 1698 1699 798
f 798 1699 799
f 1699 1700 799
f 799 1700 800
f 1700 1701 800
f 800 1701 801
f 1701 1702 801
f 801 1702 802
f 1702 1703 802
f 802 1703 803
f 1703 1704 803
f 803 1704 804
f 1704 1705 804
f 804 1705 805
f 1705 1706 805
f 805 1706 806
f 1706 1707 806
f 806 1707 807
f 1707 1708 807
f 807 1708 808
f 1708 1709 808
f 808 1709 809
f 1709 1710 809
f 809 1710 810
f 1710 1711 810
f 810 1711 811
f 1711 1712 811
f 811 1712 812
f 1712 1713 812
f 812 1713 813
f 1713 1714 813
f 813 1714 814
f 1714 1715 814
f 814 1715 815
f 1715 1716 815
f 815 1716 816
f 1716 1717 816
f 816 1717 817
f 1717 1718 817
f 817 1718 818
f 1718 1719 818
f 818 1719 819
f 1719 1720 819
f 819 1720 820
f 1720 1721 820
f 820 1721 821
f 1721 1722 821
f 821 1722 822
f 1722 1723 822
f 822 1723 823
f 1723 1724 823
f 823 1724 824
f 1724 1725 824
f 824 1725 825
f 1725 1726 825
f 825 1726 826
f 1726 1727 826
f 826 1727 827
f 1727 1728 827
f 827 1728 828
f 1728 1729 828
f 828 1729 829
f 1729 1730 829
f 829 1730 830
f 1730 1731 830
f 830 1731 831
f 1731 1732 831
f 831 1732 832
f 1732 1733 832
f 832 1733 833
f 1733 1734 833
f 833 1734 834
f 1734 1735 834
f 834 1735 835
f 1735 1736 835
f 835 1736 836
f 1736 1737 836
f 836 1737 837
f 1737 1738 837
f 837 1738 838
f 1738 1739 838
f 838 1739 839
f 1739 1740 839
f 839 1740 840
f 1740 1741 840
f 840 1741 841
f 1741 1742 841
f 841 1742 842
f 1742 1743 842
f 842 1743 843
f 1743 1744 843
f 843 1744 844
f 1744 1745 844
f 844 1745 845
f 1745 1746 845
f 845 1746 846
f 1746 1747 846
f 846 1747 847
f 1747 1748 847
f 847 1748 848
f 1748 1749 848
f 848 1749 849
f 1749 1750 849
f 849 1750 850
f 1750 1751 850
f 850 1751 851
f 1751 1752 851
f 851 1752 852
f 1752 1753 852
f 852 1753 853
f 1753 1754 853
f 853 1754 854
f 1754 1755 854
f 854 1755 855
f 1755 1756 855
f 855 1756 856
f 1756 1757 856
f 856 1757 857
f 1757 1758 857
f 857 1758 858
f 1758 1759 858
f 858 1759 859
f 1759 1760 859
f 859 1760 860
f 1760 1761 860
f 860 1761 861
f 1761 1762 861
f 861 1762 862
f 1762 1763 862
f 862 1763 863
f 1763 1764 863
f 863 1764 864
f 1764 1765 864
f 864 1765 865
f 1765 1766 865
f 865 1766 866
f 1766 1767 866
f 866 1767 867
f 1767 1768 867
f 867 1768 868
f 1768 1769 868
f 868 1769 869
f 1769 1770 869
f 869 1770 870
f 1770 1771 870
f 870 1771 871
f 1771 1772 871
f 871 1772 872
f 1772 1773 872
f 872 1773 873
f 1773 1774 873
f 873 1774 874
f 1774 1775 874
f 874 1775 875
f 1775 1776 875
f 875 1776 876
f 1776 1777 876
f 876 1777 877
f 1777 1778 877
f 877 1778 878
f 1778 1779 878
f 878 1779 879
f 1779 1780 879
f 879 1780 880
f 1780 1781 880
f 880 1781 881
f 1781 1782 881
f 881 1782 882
f 1782 1783 882
f 882 1783 883
f 1783 1784 883
f 883 1784 884
f 1784 1785 884
f 884 1785 885
f 1785 1786 885
f 885 1786 886
f 1786 1787 886
f 886 1787 887
f 1787 1788 887
f 887 1788 888
f 1788 1789 888
f 888 1789 889
f 1789 1790 889
f 889 1790 890
f 1790 1791 890
f 890 1791 891
f 1791 1792 891
f 891 1792 892
f 1792 1793 892
f 892 1793 893
f 1793 1794 893
f 893 1794 894
f 1794 1795 894
f 894 1795 895
f 1795 1796 895
f 895 1796 896
f 1796 1797 896
f 896 1797 897
f 1797 1798 897
f 897 1798 898
f 1798 1799 898
f 898 1799 899
f 1800 901 900
f 900 901 1
f 1799 1800 899
f 899 1800 900
f 3420 3421 1801
f 3418 3419 3420
f 3416 3417 3418
f 3414 3415 3416
f 3412 3413 3414
f 3410 3411 3412
f 3408 3409 3410
f 3406 3407 3408
f 3404 3405 3406
f 3402 3403 3404
f 3400 3401 3402
f 3398 3399 3400
f 3396 3397 3398
f 3394 3395 3396
f 3392 3393 3394
f 3390 3391 3392
f 3388 3389 3390
f 3386 3387 3388
f 3384 3385 3386
f 3382 3383 3384
f 3380 3381 3382
f 3378 3379 3380
f 3376 3377 3378
f 3374 3375 3376
f 3372 3373 3374
f 3370 3371 3372
f 3368 3369 3370
f 3366 3367 3368
f 3364 3365 3366
f 3362 3363 3364
f 3360 3361 3362
f 3358 3359 3360
f 3356 3357 3358
f 3354 3355 3356
f 3352 3353 3354
f 3350 3351 3352
f 3348 3349 3350
f 3346 3347 3348
f 3344 3345 3346
f 3342 3343 3344
f 3340 3341 3342
f 3338 3339 3340
f 3336 3337 3338
f 3334 3335 3336
f 3332 3333 3334
f 3330 3331 3332
f 3328 3329 3330
f 3326 3327 3328
f 3324 3325 3326
f 3322 3323 3324
f 3320 3321 3322
f 3318 3319 3320
f 3316 3317 3318
f 3314 3315 3316
f 3312 3313 3314
f 3310 3311 3312
f 3308 3309 3310
f 3306 3307 3308
f 3304 3305 3306
f 3302 3303 3304
f 3300 3301 3302
f 3298 3299 3300
f 3296 3297 3298
f 3294 3295 3296
f 3292 3293 3294
f 3290 3291 3292
f 3288 3289 3290
f 3286 3287 3288
f 3284 3285 3286
f 3282 3283 3284
f 3268 3269 3270
f 3266 3267 3268
f 3264 3265 3266
f 3262 3263 3264
f 3260 3261 3262
f 3258 3259 3260
f 3256 3257 3258
f 3254 3255 3256
f 3252 3253 3254
f 3250 3251 3252
f 3248 3249 3250
f 3246 3247 3248
f 3244 3245 3246
f 3242 3243 3244
f 3240 3241 3242
f 3238 3239 3240
f 3236 3237 3238
f 3234 3235 3236
f 3232 3233 3234
f 3230 3231 3232
f 3228 3229 3230
f 3226 3227 3228
f 3224 3225 3226
f 3222 3223 3224
f 3220 3221 3222
f 3218 3219 3220
f 3216 3217 3218
f 3214 3215 3216
f 3212 3213 3214
f 3210 3211 3212
f 3208 3209 3210
f 3206 3207 3208
f 3204 3205 3206
f 3202 3203 3204
f 3200 3201 3202
f 3198 3199 3200
f 3196 3197 3198
f 3194 3195 3196
f 3192 3193 3194
f 3190 3191 3192
f 3188 3189 3190
f 3186 3187 3188
f 3184 3185 3186
f 3182 3183 3184
f 3180 3181 3182
f 3178 3179 3180
f 3176 3177 3178
f 3174 3175 3176
f 3172 3173 3174
f 3170 3171 3172
f 3168 3169 3170
f 3166 3167 3168
f 3164 3165 3166
f 3162 3163 3164
f 3160 3161 3162
f 3158 3159 3160
f 3156 3157 3158
f 3154 3155 3156
f 3152 3153 3154
f 3150 3151 3152
f 3148 3149 3150
f 3146 3147 3148
f 3144 3145 3146
f 3142 3143 3144
f 3140 3141 3142
f 3138 3139 3140
f 3136 3137 3138
f 3133 3134 3135
f 3131 3132 3133
f 3129 3130 3131
f 3127 3128 3129
f 3125 3126 3127
f 3123 3124 3125
f 3121 3122 3123
f 3119 3120 3121
f 3117 3118 3119
f 3115 3116 3117
f 3113 3114 3115
f 3111 3112 3113
f 3109 3110 3111
f 3107 3108 3109
f 3105 3106 3107
f 3103 3104 3105
f 3101 3102 3103
f 3099 3100 3101
f 3097 3098 3099
f 3095 3096 3097
f 3093 3094 3095
f 3091 3092 3093
f 3089 3090 3091
f 3087 3088 3089
f 3085 3086 3087
f 3083 3084 3085
f 3081 3082 3083
f 3079 3080 3081
f 3077 3078 3079
f 3075 3076 3077
f 3073 3074 3075
f 3071 3072 3073
f 3069 3070 3071
f 3067 3068 3069
f 3065 3066 3067
f 3063 3064 3065
f 3061 3062 3063
f 3059 3060 3061
f 3057 3058 3059
f 3055 3056 3057
f 3053 3054 3055
f 3051 3052 3053
f 3049 3050 3051
f 3047 3048 3049
f 3045 3046 3047
f 3043 3044 3045
f 3041 3042 3043
f 3039 3040 3041
f 3037 3038 3039
f 3035 3036 3037
f 3033 3034 3035
f 3031 3032 3033
f 3029 3030 3031
f 3027 3028 3029
f 3025 3026 3027
f 3023 3024 3025
f 3021 3022 3023
f 3019 3020 3021
f 3017 3018 3019
f 2995 2996 2997
f 2993 2994 2995
f 2991 2992 2993
f 2989 2990 2991
f 2987 2988 2989
f 2985 2986 2987
f 2983 2984 2985
f 2981 2982 2983
f 2979 2980 2981
f 2977 2978 2979
f 2975 2976 2977
f 2973 2974 2975
f 2971 2972 2973
f 2969 2970 2971
f 2967 2968 2969
f 2965 2966 2967
f 2963 2964 2965
f 2961 2962 2963
f 2959 2960 2961
f 2957 2958 2959
f 2955 2956 2957
f 2953 2954 2955
f 2951 2952 2953
f 2949 2950 2951
f 2947 2948 2949
f 2945 2946 2947
f 2943 2944 2945
f 2941 2942 2943
f 2939 2940 2941
f 2937 2938 2939
f 2935 2936 2937
f 2933 2934 2935
f 2931 2932 2933
f 2929 2930 2931
f 2927 2928 2929
f 2925 2926 2927
f 2923 2924 2925
f 2921 2922 2923
f 2919 2920 2921
f 2917 2918 2919
f 2915 2916 2917
f 2913 2914 2915
f 2911 2912 2913
f 2909 2910 2911
f 2907 2908 2909
f 2905 2906 2907
f 2903 2904 2905
f 2901 2902 2903
f 2899 2900 2901
f 2897 2898 2899
f 2895 2896 2897
f 2893 2894 2895
f 2891 2892 2893
f 2889 2890 2891
f 2887 2888 2889
f 2885 2886 2887
f 2883 2884 2885
f 2881 2882 2883
f 2879 2880 2881
f 2877 2878 2879
f 2875 2876 2877
f 2873 2874 2875
f 2871 2872 2873
f 2869 2870 2871
f 2867 2868 2869
f 2865 2866 2867
f 2863 2864 2865
f 2861 2862 2863
f 2859 2860 2861
f 2857 2858 2859
f 2855 2856 2857
f 2853 2854 2855
f 2851 2852 2853
f 2849 2850 2851
f 2847 2848 2849
f 2845 2846 2847
f 2843 2844 2845
f 2841 2842 2843
f 2839 2840 2841
f 2837 2838 2839
f 2835 2836 2837
f 2833 2834 2835
f 2831 2832 2833
f 2829 2830 2831
f 2827 2828 2829
f 2825 2826 2827
f 2823 2824 2825
f 2821 2822 2823
f 2819 2820 2821
f 2807 2808 2809
f 2803 2804 2805
f 2801 2802 2803
f 2799 2800 2801
f 2797 2798 2799
f 2795 2796 2797
f 2793 2794 2795
f 2791 2792 2793
f 2789 2790 2791
f 2787 2788 2789
f 2785 2786 2787
f 2783 2784 2785
f 2781 2782 2783
f 2779 2780 2781
f 2777 2778 2779
f 2775 2776 2777
f 2773 2774 2775
f 2771 2772 2773
f 2769 2770 2771
f 2767 2768 2769
f 2765 2766 2767
f 2763 2764 2765
f 2761 2762 2763
f 2759 2760 2761
f 2757 2758 2759
f 2755 2756 2757
f 2753 2754 2755
f 2751 2752 2753
f 2749 2750 2751
f 2747 2748 2749
f 2745 2746 2747
f 2743 2744 2745
f 2741 2742 2743
f 2739 2740 2741
f 2737 2738 2739
f 2735 2736 2737
f 2733 2734 2735
f 2731 2732 2733
f 2729 2730 2731
f 2727 2728 2729
f 2725 2726 2727
f 2723 2724 2725
f 2721 2722 2723
f 2719 2720 2721
f 2717 2718 2719
f 2715 2716 2717
f 2713 2714 2715
f 2711 2712 2713
f 2709 2710 2711
f 2707 2708 2709
f 2705 2706 2707
f 2703 2704 2705
f 2701 2702 2703
f 2699 2700 2701
f 2697 2698 2699
f 2695 2696 2697
f 2693 2694 2695
f 2691 2692 2693
f 2689 2690 2691
f 2687 2688 2689
f 2685 2686 2687
f 2683 2684 2685
f 2681 2682 2683
f 2679 2680 2681
f 2677 2678 2679
f 2675 2676 2677
f 2673 2674 2675
f 2671 2672 2673
f 2669 2670 2671
f 2667 2668 2669
f 2665 2666 2667
f 2663 2664 2665
f 2661 2662 2663
f 2659 2660 2661
f 2657 2658 2659
f 2655 2656 2657
f 2653 2654 2655
f 2651 2652 2653
f 2649 2650 2651
f 2647 2648 2649
f 2645 2646 2647
f 2643 2644 2645
f 2641 2642 2643
f 2639 2640 2641
f 2637 2638 2639
f 2635 2636 2637
f 2633 2634 2635
f 2631 2632 2633
f 2629 2630 2631
f 2627 2628 2629
f 2625 2626 2627
f 2623 2624 2625
f 2621 2622 2623
f 2619 2620 2621
f 2617 2618 2619
f 2615 2616 2617
f 2613 2614 2615
f 2611 2612 2613
f 2609 2610 2611
f 2607 2608 2609
f 2605 2606 2607
f 2603 2604 2605
f 2601 2602 2603
f 2599 2600 2601
f 2589 2590 2591
f 2587 2588 2589
f 2585 2586 2587
f 2583 2584 2585
f 2581 2582 2583
f 2579 2580 2581
f 2577 2578 2579
f 2575 2576 2577
f 2573 2574 2575
f 2571 2572 2573
f 2569 2570 2571
f 2567 2568 2569
f 2565 2566 2567
f 2563 2564 2565
f 2561 2562 2563
f 2559 2560 2561
f 2557 2558 2559
f 2555 2556 2557
f 2553 2554 2555
f 2551 2552 2553
f 2549 2550 2551
f 2547 2548 2549
f 2545 2546 2547
f 2543 2544 2545
f 2541 2542 2543
f 2539 2540 2541
f 2537 2538 2539
f 2535 2536 2537
f 2533 2534 2535
f 2529 2530 2531
f 2527 2528 2529
f 2525 2526 2527
f 2523 2524 2525
f 2521 2522 2523
f 2519 2520 2521
f 2517 2518 2519
f 2515 2516 2517
f 2507 2508 2509
f 2505 2506 2507
f 2502 2503 2504
f 2500 2501 2502
f 2498 2499 2500
f 2496 2497 2498
f 2494 2495 2496
f 2492 2493 2494
f 2490 2491 2492
f 2488 2489 2490
f 2486 2487 2488
f 2484 2485 2486
f 2482 2483 2484
f 2480 2481 2482
f 2478 2479 2480
f 2476 2477 2478
f 2218 2219 2220
f 2216 2217 2218
f 2214 2215 2216
f 2212 2213 2214
f 2210 2211 2212
f 2208 2209 2210
f 2206 2207 2208
f 2204 2205 2206
f 2202 2203 2204
f 2200 2201 2202
f 2198 2199 2200
f 2196 2197 2198
f 2194 2195 2196
f 2192 2193 2194
f 2190 2191 2192
f 2188 2189 2190
f 2186 2187 2188
f 2184 2185 2186
f 2182 2183 2184
f 2180 2181 2182
f 2178 2179 2180
f 2176 2177 2178
f 2174 2175 2176
f 2172 2173 2174
f 2170 2171 2172
f 2168 2169 2170
f 2166 2167 2168
f 2164 2165 2166
f 2162 2163 2164
f 2160 2161 2162
f 2158 2159 2160
f 2156 2157 2158
f 2154 2155 2156
f 2152 2153 2154
f 2150 2151 2152
f 2148 2149 2150
f 2146 2147 2148
f 2144 2145 2146
f 2142 2143 2144
f 2140 2141 2142
f 2138 2139 2140
f 2136 2137 2138
f 2134 2135 2136
f 2132 2133 2134
f 2130 2131 2132
f 2128 2129 2130
f 2126 2127 2128
f 2124 2125 2126
f 2122 2123 2124
f 2120 2121 2122
f 2118 2119 2120
f 2116 2117 2118
f 2114 2115 2116
f 2112 2113 2114
f 2110 2111 2112
f 2108 2109 2110
f 2106 2107 2108
f 2104 2105 2106
f 2102 2103 2104
f 2100 2101 2102
f 2098 2099 2100
f 2096 2097 2098
f 2094 2095 2096
f 2090 2091 2092
f 2088 2089 2090
f 2086 2087 2088
f 2084 2085 2086
f 2082 2083 2084
f 2080 2081 2082
f 2078 2079 2080
f 2076 2077 2078
f 2074 2075 2076
f 2072 2073 2074
f 2070 2071 2072
f 2068 2069 2070
f 2066 2067 2068
f 2064 2065 2066
f 2062 2063 2064
f 2060 2061 2062
f 2058 2059 2060
f 2056 2057 2058
f 2054 2055 2056
f 2052 2053 2054
f 2050 2051 2052
f 2048 2049 2050
f 2046 2047 2048
f 2044 2045 2046
f 2042 2043 2044
f 2040 2041 2042
f 2038 2039 2040
f 2036 2037 2038
f 2034 2035 2036
f 2032 2033 2034
f 2030 2031 2032
f 2028 2029 2030
f 2026 2027 2028
f 2024 2025 2026
f 2022 2023 2024
f 2020 2021 2022
f 2018 2019 2020
f 2016 2017 2018
f 2014 2015 2016
f 2012 2013 2014
f 2010 2011 2012
f 2008 2009 2010
f 2006 2007 2008
f 2004 2005 2006
f 2002 2003 2004
f 2000 2001 2002
f 1998 1999 2000
f 1996 1997 1998
f 1994 1995 1996
f 1992 1993 1994
f 1990 1991 1992
f 1988 1989 1990
f 1986 1987 1988
f 1984 1985 1986
f 1982 1983 1984
f 1980 1981 1982
f 1978 1979 1980
f 1976 1977 1978
f 1974 1975 1976
f 1962 1963 1964
f 1960 1961 1962
f 1958 1959 1960
f 1956 1957 1958
f 1954 1955 1956
f 1952 1953 1954
f 1950 1951 1952
f 1948 1949 1950
f 1946 1947 1948
f 1944 1945 1946
f 1942 1943 1944
f 1940 1941 1942
f 1938 1939 1940
f 1936 1937 1938
f 1934 1935 1936
f 1932 1933 1934
f 1930 1931 1932
f 1928 1929 1930
f 1926 1927 1928
f 1924 1925 1926
f 1922 1923 1924
f 1920 1921 1922
f 1918 1919 1920
f 1916 1917 1918
f 1914 1915 1916
f 1912 1913 1914
f 1910 1911 1912
f 1908 1909 1910
f 1906 1907 1908
f 1904 1905 1906
f 1902 1903 1904
f 1900 1901 1902
f 1898 1899 1900
f 1896 1897 1898
f 1894 1895 1896
f 1892 1893 1894
f 1890 1891 1892
f 1888 1889 1890
f 1886 1887 1888
f 1884 1885 1886
f 1882 1883 1884
f 1880 1881 1882
f 1878 1879 1880
f 1876 1877 1878
f 1874 1875 1876
f 1872 1873 1874
f 1870 1871 1872
f 1868 1869 1870
f 1866 1867 1868
f 1864 1865 1866
f 1862 1863 1864
f 1860 1861 1862
f 1858 1859 1860
f 1856 1857 1858
f 1854 1855 1856
f 1852 1853 1854
f 1850 1851 1852
f 1848 1849 1850
f 1846 1847 1848
f 1844 1845 1846
f 1842 1843 1844
f 1840 1841 1842
f 1838 1839 1840
f 1836 1837 1838
f 1834 1835 1836
f 1832 1833 1834
f 1830 1831 1832
f 1828 1829 1830
f 1826 1827 1828
f 1824 1825 1826
f 1822 1823 1824
f 1820 1821 1822
f 1818 1819 1820
f 1816 1817 1818
f 1814 1815 1816
f 1812 1813 1814
f 1810 1811 1812
f 1808 1809 1810
f 1806 1807 1808
f 1804 1805 1806
f 1802 1803 1804
f 3420 1801 1802
f 3416 3418 3420
f 3412 3414 3416
f 3408 3410 3412
f 3404 3406 3408
f 3400 3402 3404
f 3396 3398 3400
f 3392 3394 3396
f 3388 3390 3392
f 3384 3386 3388
f 3380 3382 3384
f 3376 3378 3380
f 3372 3374 3376
f 3368 3370 3372
f 3364 3366 3368
f 3360 3362 3364
f 3356 3358 3360
f 3352 3354 3356
f 3348 3350 3352
f 3344 3346 3348
f 3340 3342 3344
f 3336 3338 3340
f 3332 3334 3336
f 3328 3330 3332
f 3324 3326 3328
f 3320 3322 3324
f 3316 3318 3320
f 3312 3314 3316
f 3308 3310 3312
f 3304 3306 3308
f 3300 3302 3304
f 3296 3298 3300
f 3292 3294 3296
f 3288 3290 3292
f 3284 3286 3288
f 3281 3282 3284
f 3266 3268 3270
f 3262 3264 3266
f 3258 3260 3262
f 3254 3256 3258
f 3250 3252 3254
f 3246 3248 3250
f 3242 3244 3246
f 3238 3240 3242
f 3234 3236 3238
f 3230 3232 3234
f 3226 3228 3230
f 3222 3224 3226
f 3218 3220 3222
f 3214 3216 3218
f 3210 3212 3214
f 3206 3208 3210
f 3202 3204 3206
f 3198 3200 3202
f 3194 3196 3198
f 3190 3192 3194
f 3186 3188 3190
f 3182 3184 3186
f 3178 3180 3182
f 3174 3176 3178
f 3170 3172 3174
f 3166 3168 3170
f 3162 3164 3166
f 3158 3160 3162
f 3154 3156 3158
f 3150 3152 3154
f 3146 3148 3150
f 3142 3144 3146
f 3138 3140 3142
f 3135 3136 3138
f 3131 3133 3135
f 3127 3129 3131
f 3123 3125 3127
f 3119 3121 3123
f 3115 3117 3119
f 3111 3113 3115
f 3107 3109 3111
f 3103 3105 3107
f 3099 3101 3103
f 3095 3097 3099
f 3091 3093 3095
f 3087 3089 3091
f 3083 3085 3087
f 3079 3081 3083
f 3075 3077 3079
f 3071 3073 3075
f 3067 3069 3071
f 3063 3065 3067
f 3059 3061 3063
f 3055 3057 3059
f 3051 3053 3055
f 3047 3049 3051
f 3043 3045 3047
f 3039 3041 3043
f 3035 3037 3039
f 3031 3033 3035
f 3027 3029 3031
f 3023 3025 3027
f 3019 3021 3023
f 2993 2995 2997
f 2989 2991 2993
f 2985 2987 2989
f 2981 2983 2985
f 2977 2979 2981
f 2973 2975 2977
f 2969 2971 2973
f 2965 2967 2969
f 2961 2963 2965
f 2957 2959 2961
f 2953 2955 2957
f 2949 2951 2953
f 2945 2947 2949
f 2941 2943 2945
f 2937 2939 2941
f 2933 2935 2937
f 2929 2931 2933
f 2925 2927 2929
f 2921 2923 2925
f 2917 2919 2921
f 2913 2915 2917
f 2909 2911 2913
f 2905 2907 2909
f 2901 2903 2905
f 2897 2899 2901
f 2893 2895 2897
f 2889 2891 2893
f 2885 2887 2889
f 2881 2883 2885
f 2877 2879 2881
f 2873 2875 2877
f 2869 2871 2873
f 2865 2867 2869
f 2861 2863 2865
f 2857 2859 2861
f 2853 2855 2857
f 2849 2851 2853
f 2845 2847 2849
f 2841 2843 2845
f 2837 2839 2841
f 2833 2835 2837
f 2829 2831 2833
f 2825 2827 2829
f 2821 2823 2825
f 2818 2819 2821
f 2807 2809 2810
f 2801 2803 2805
f 2797 2799 2801
f 2793 2795 2797
f 2789 2791 2793
f 2785 2787 2789
f 2781 2783 2785
f 2777 2779 2781
f 2773 2775 2777
f 2769 2771 2773
f 2765 2767 2769
f 2761 2763 2765
f 2757 2759 2761
f 2753 2755 2757
f 2749 2751 2753
f 2745 2747 2749
f 2741 2743 2745
f 2737 2739 2741
f 2733 2735 2737
f 2729 2731 2733
f 2725 2727 2729
f 2721 2723 2725
f 2717 2719 2721
f 2713 2715 2717
f 2709 2711 2713
f 2705 2707 2709
f 2701 2703 2705
f 2697 2699 2701
f 2693 2695 2697
f 2689 2691 2693
f 2685 2687 2689
f 2681 2683 2685
f 2677 2679 2681
f 2673 2675 2677
f 2669 2671 2673
f 2665 2667 2669
f 2661 2663 2665
f 2657 2659 2661
f 2653 2655 2657
f 2649 2651 2653
f 2645 2647 2649
f 2641 2643 2645
f 2637 2639 2641
f 2633 2635 2637
f 2629 2631 2633
f 2625 2627 2629
f 2621 2623 2625
f 2617 2619 2621
f 2613 2615 2617
f 2609 2611 2613
f 2605 2607 2609
f 2601 2603 2605
f 2587 2589 2591
f 2583 2585 2587
f 2579 2581 2583
f 2575 2577 2579
f 2571 2573 2575
f 2567 2569 2571
f 2563 2565 2567
f 2559 2561 2563
f 2555 2557 2559
f 2551 2553 2555
f 2547 2549 2551
f 2543 2545 2547
f 2539 2541 2543
f 2535 2537 2539
f 2532 2533 2535
f 2527 2529 2531
f 2523 2525 2527
f 2519 2521 2523
f 2515 2517 2519
f 2505 2507 2509
f 2500 2502 2504
f 2496 2498 2500
f 2492 2494 2496
f 2488 2490 2492
f 2484 2486 2488
f 2480 2482 2484
f 2476 2478 2480
f 2218 2220 2221
f 2214 2216 2218
f 2210 2212 2214
f 2206 2208 2210
f 2202 2204 2206
f 2198 2200 2202
f 2194 2196 2198
f 2190 2192 2194
f 2186 2188 2190
f 2182 2184 2186
f 2178 2180 2182
f 2174 2176 2178
f 2170 2172 2174
f 2166 2168 2170
f 2162 2164 2166
f 2158 2160 2162
f 2154 2156 2158
f 2150 2152 2154
f 2146 2148 2150
f 2142 2144 2146
f 2138 2140 2142
f 2134 2136 2138
f 2130 2132 2134
f 2126 2128 2130
f 2122 2124 2126
f 2118 2120 2122
f 2114 2116 2118
f 2110 2112 2114
f 2106 2108 2110
f 2102 2104 2106
f 2098 2100 2102
f 2094 2096 2098
f 2090 2092 2093
f 2086 2088 2090
f 2082 2084 2086
f 2078 2080 2082
f 2074 2076 2078
f 2070 2072 2074
f 2066 2068 2070
f 2062 2064 2066
f 2058 2060 2062
f 2054 2056 2058
f 2050 2052 2054
f 2046 2048 2050
f 2042 2044 2046
f 2038 2040 2042
f 2034 2036 2038
f 2030 2032 2034
f 2026 2028 2030
f 2022 2024 2026
f 2018 2020 2022
f 2014 2016 2018
f 2010 2012 2014
f 2006 2008 2010
f 2002 2004 2006
f 1998 2000 2002
f 1994 1996 1998
f 1990 1992 1994
f 1986 1988 1990
f 1982 1984 1986
f 1978 1980 1982
f 1960 1962 1964
f 1956 1958 1960
f 1952 1954 1956
f 1948 1950 1952
f 1944 1946 1948
f 1940 1942 1944
f 1936 1938 1940
f 1932 1934 1936
f 1928 1930 1932
f 1924 1926 1928
f 1920 1922 1924
f 1916 1918 1920
f 1912 1914 1916
f 1908 1910 1912
f 1904 1906 1908
f 1900 1902 1904
f 1896 1898 1900
f 1892 1894 1896
f 1888 1890 1892
f 1884 1886 1888
f 1880 1882 1884
f 1876 1878 1880
f 1872 1874 1876
f 1868 1870 1872
f 1864 1866 1868
f 1860 1862 1864
f 1856 1858 1860
f 1852 1854 1856
f 1848 1850 1852
f 1844 1846 1848
f 1840 1842 1844
f 1836 1838 1840
f 1832 1834 1836
f 1828 1830 1832
f 1822 1824 1826
f 1818 1820 1822
f 1814 1816 1818
f 1810 1812 1814
f 1806 1808 1810
f 1802 1804 1806
f 3416 3420 1802
f 3408 3412 3416
f 3400 3404 3408
f 3392 3396 3400
f 3384 3388 3392
f 3376 3380 3384
f 3368 3372 3376
f 3360 3364 3368
f 3352 3356 3360
f 3344 3348 3352
f 3336 3340 3344
f 3328 3332 3336
f 3320 3324 3328
f 3312 3316 3320
f 3304 3308 3312
f 3296 3300 3304
f 3288 3292 3296
f 3281 3284 3288
f 3262 3266 3270
f 3254 3258 3262
f 3246 3250 3254
f 3238 3242 3246
f 3230 3234 3238
f 3222 3226 3230
f 3214 3218 3222
f 3206 3210 3214
f 3198 3202 3206
f 3190 3194 3198
f 3182 3186 3190
f 3174 3178 3182
f 3166 3170 3174
f 3158 3162 3166
f 3150 3154 3158
f 3142 3146 3150
f 3135 3138 3142
f 3127 3131 3135
f 3119 3123 3127
f 3111 3115 3119
f 3103 3107 3111
f 3095 3099 3103
f 3087 3091 3095
f 3079 3083 3087
f 3071 3075 3079
f 3063 3067 3071
f 3055 3059 3063
f 3047 3051 3055
f 3039 3043 3047
f 3031 3035 3039
f 3023 3027 3031
f 3017 3019 3023
f 2989 2993 2997
f 2981 2985 2989
f 2973 2977 2981
f 2965 2969 2973
f 2957 2961 2965
f 2949 2953 2957
f 2941 2945 2949
f 2933 2937 2941
f 2925 2929 2933
f 2917 2921 2925
f 2909 2913 2917
f 2901 2905 2909
f 2893 2897 2901
f 2885 2889 2893
f 2877 2881 2885
f 2869 2873 2877
f 2861 2865 2869
f 2853 2857 2861
f 2845 2849 2853
f 2837 2841 2845
f 2829 2833 2837
f 2821 2825 2829
f 2807 2810 2811
f 2797 2801 2805
f 2789 2793 2797
f 2781 2785 2789
f 2773 2777 2781
f 2765 2769 2773
f 2757 2761 2765
f 2749 2753 2757
f 2741 2745 2749
f 2733 2737 2741
f 2725 2729 2733
f 2717 2721 2725
f 2709 2713 2717
f 2701 2705 2709
f 2693 2697 2701
f 2685 2689 2693
f 2677 2681 2685
f 2669 2673 2677
f 2661 2665 2669
f 2653 2657 2661
f 2645 2649 2653
f 2637 2641 2645
f 2629 2633 2637
f 2621 2625 2629
f 2613 2617 2621
f 2605 2609 2613
f 2599 2601 2605
f 2583 2587 2591
f 2575 2579 2583
f 2567 2571 2575
f 2559 2563 2567
f 2551 2555 2559
f 2543 2547 2551
f 2535 2539 2543
f 2527 2531 2532
f 2519 2523 2527
f 2514 2515 2519
f 2505 2509 2510
f 2496 2500 2504
f 2488 2492 2496
f 2480 2484 2488
f 2475 2476 2480
f 2218 2221 2222
f 2210 2214 2218
f 2202 2206 2210
f 2194 2198 2202
f 2186 2190 2194
f 2178 2182 2186
f 2170 2174 2178
f 2162 2166 2170
f 2154 2158 2162
f 2146 2150 2154
f 2138 2142 2146
f 2130 2134 2138
f 2122 2126 2130
f 2114 2118 2122
f 2106 2110 2114
f 2098 2102 2106
f 2093 2094 2098
f 2086 2090 2093
f 2078 2082 2086
f 2070 2074 2078
f 2062 2066 2070
f 2054 2058 2062
f 2046 2050 2054
f 2038 2042 2046
f 2030 2034 2038
f 2022 2026 2030
f 2014 2018 2022
f 2006 2010 2014
f 1998 2002 2006
f 1990 1994 1998
f 1982 1986 1990
f 1976 1978 1982
f 1956 1960 1964
f 1948 1952 1956
f 1940 1944 1948
f 1932 1936 1940
f 1924 1928 1932
f 1916 1920 1924
f 1908 1912 1916
f 1900 1904 1908
f 1892 1896 1900
f 1884 1888 1892
f 1876 1880 1884
f 1868 1872 1876
f 1860 1864 1868
f 1852 1856 1860
f 1844 1848 1852
f 1836 1840 1844
f 1828 1832 1836
f 1822 1826 1828
f 1814 1818 1822
f 1806 1810 1814
f 3416 1802 1806
f 3400 3408 3416
f 3384 3392 3400
f 3368 3376 3384
f 3352 3360 3368
f 3336 3344 3352
f 3320 3328 3336
f 3304 3312 3320
f 3288 3296 3304
f 3280 3281 3288
f 3254 3262 3270
f 3238 3246 3254
f 3222 3230 3238
f 3206 3214 3222
f 3190 3198 3206
f 3174 3182 3190
f 3158 3166 3174
f 3142 3150 3158
f 3127 3135 3142
f 3111 3119 3127
f 3095 3103 3111
f 3079 3087 3095
f 3063 3071 3079
f 3047 3055 3063
f 3031 3039 3047
f 3017 3023 3031
f 2981 2989 2997
f 2965 2973 2981
f 2949 2957 2965
f 2933 2941 2949
f 2917 2925 2933
f 2901 2909 2917
f 2885 2893 2901
f 2869 2877 2885
f 2853 2861 2869
f 2837 2845 2853
f 2821 2829 2837
f 2806 2807 2811
f 2789 2797 2805
f 2773 2781 2789
f 2757 2765 2773
f 2741 2749 2757
f 2725 2733 2741
f 2709 2717 2725
f 2693 2701 2709
f 2677 2685 2693
f 2661 2669 2677
f 2645 2653 2661
f 2629 2637 2645
f 2613 2621 2629
f 2599 2605 2613
f 2575 2583 2591
f 2559 2567 2575
f 2543 2551 2559
f 2532 2535 2543
f 2519 2527 2532
f 2513 2514 2519
f 2504 2505 2510
f 2488 2496 2504
f 2475 2480 2488
f 2218 2222 2223
f 2202 2210 2218
f 2186 2194 2202
f 2170 2178 2186
f 2154 2162 2170
f 2138 2146 2154
f 2122 2130 2138
f 2106 2114 2122
f 2093 2098 2106
f 2078 2086 2093
f 2062 2070 2078
f 2046 2054 2062
f 2030 2038 2046
f 2014 2022 2030
f 1998 2006 2014
f 1982 1990 1998
f 1948 1956 1964
f 1932 1940 1948
f 1916 1924 1932
f 1900 1908 1916
f 1884 1892 1900
f 1868 1876 1884
f 1852 1860 1868
f 1836 1844 1852
f 1822 1828 1836
f 1806 1814 1822
f 3400 3416 1806
f 3368 3384 3400
f 3336 3352 3368
f 3304 3320 3336
f 3280 3288 3304
f 3238 3254 3270
f 3206 3222 3238
f 3174 3190 3206
f 3142 3158 3174
f 3111 3127 3142
f 3079 3095 3111
f 3047 3063 3079
f 3017 3031 3047
f 2965 2981 2997
f 2933 2949 2965
f 2901 2917 2933
f 2869 2885 2901
f 2837 2853 2869
f 2818 2821 2837
f 2806 2811 2812
f 2773 2789 2805
f 2741 2757 2773
f 2709 2725 2741
f 2677 2693 2709
f 2645 2661 2677
f 2613 2629 2645
f 2559 2575 2591
f 2532 2543 2559
f 2513 2519 2532
f 2488 2504 2510
f 2474 2475 2488
f 2218 2223 2224
f 2186 2202 2218
f 2154 2170 2186
f 2122 2138 2154
f 2093 2106 2122
f 2062 2078 2093
f 2030 2046 2062
f 1998 2014 2030
f 1976 1982 1998
f 1932 1948 1964
f 1900 1916 1932
f 1868 1884 1900
f 1836 1852 1868
f 1806 1822 1836
f 3368 3400 1806
f 3304 3336 3368
f 3238 3270 3271
f 3174 3206 3238
f 3111 3142 3174
f 3047 3079 3111
f 3016 3017 3047
f 2933 2965 2997
f 2869 2901 2933
f 2818 2837 2869
f 2805 2806 2812
f 2741 2773 2805
f 2677 2709 2741
f 2613 2645 2677
f 2532 2559 2591
f 2512 2513 2532
f 2488 2510 2511
f 2473 2474 2488
f 2218 2224 2225
f 2154 2186 2218
f 2093 2122 2154
f 2030 2062 2093
f 1976 1998 2030
f 1900 1932 1964
f 1836 1868 1900
f 3368 1806 1836
f 3280 3304 3368
f 3174 3238 3271
f 3047 3111 3174
f 3015 3016 3047
f 2933 2997 2998
f 2818 2869 2933
f 2677 2741 2805
f 2599 2613 2677
f 2532 2591 2592
f 2511 2512 2532
f 2473 2488 2511
f 2218 2225 2226
f 1976 2030 2093
f 1900 1964 1965
f 3368 1836 1900
f 3279 3280 3368
f 3174 3271 3272
f 3015 3047 3174
f 2818 2933 2998
f 2599 2677 2805
f 2511 2532 2592
f 2472 2473 2511
f 2218 2226 2227
f 1900 1965 1966
f 3279 3368 1900
f 3015 3174 3272
f 2818 2998 2999
f 2599 2805 2812
f 2472 2511 2592
f 2218 2227 2228
f 3279 1900 1966
f 3015 3272 3273
f 2818 2999 3000
f 2599 2812 2813
f 2472 2592 2593
f 2218 2228 2229
f 3279 1966 1967
f 3015 3273 3274
f 2818 3000 3001
f 2599 2813 2814
f 2472 2593 2594
f 2154 2218 2229
f 3279 1967 1968
f 3015 3274 3275
f 2818 3001 3002
f 2598 2599 2814
f 2471 2472 2594
f 2154 2229 2230
f 3279 1968 1969
f 3015 3275 3276
f 2818 3002 3003
f 2597 2598 2814
f 2470 2471 2594
f 2154 2230 2231
f 3279 1969 1970
f 3014 3015 3276
f 2818 3003 3004
f 2596 2597 2814
f 2469 2470 2594
f 2154 2231 2232
f 3279 1970 1971
f 3013 3014 3276
f 2818 3004 3005
f 2595 2596 2814
f 2468 2469 2594
f 2154 2232 2233
f 3279 1971 1972
f 3012 3013 3276
f 2818 3005 3006
f 2467 2468 2594
f 2154 2233 2234
f 3279 1972 1973
f 3011 3012 3276
f 2817 2818 3006
f 2466 2467 2594
f 2154 2234 2235
f 3279 1973 1974
f 3010 3011 3276
f 2817 3006 3007
f 2465 2466 2594
f 2154 2235 2236
f 3278 3279 1974
f 3010 3276 3277
f 2816 2817 3007
f 2464 2465 2594
f 2154 2236 2237
f 3277 3278 1974
f 3009 3010 3277
f 2815 2816 3007
f 2463 2464 2594
f 2154 2237 2238
f 3009 3277 1974
f 2814 2815 3007
f 2462 2463 2594
f 2154 2238 2239
f 3009 1974 1976
f 2595 2814 3007
f 2461 2462 2594
f 2154 2239 2240
f 3009 1976 2093
f 2595 3007 3008
f 2460 2461 2594
f 2154 2240 2241
f 3008 3009 2093
f 2594 2595 3008
f 2459 2460 2594
f 2154 2241 2242
f 2459 2594 3008
f 2154 2242 2243
f 2458 2459 3008
f 2154 2243 2244
f 2457 2458 3008
f 2154 2244 2245
f 2456 2457 3008
f 2154 2245 2246
f 2455 2456 3008
f 2154 2246 2247
f 2454 2455 3008
f 2154 2247 2248
f 2453 2454 3008
f 2154 2248 2249
f 2452 2453 3008
f 2154 2249 2250
f 2451 2452 3008
f 2154 2250 2251
f 2450 2451 3008
f 2154 2251 2252
f 2449 2450 3008
f 2154 2252 2253
f 2448 2449 3008
f 2154 2253 2254
f 2447 2448 3008
f 2154 2254 2255
f 2446 2447 3008
f 2154 2255 2256
f 2445 2446 3008
f 2154 2256 2257
f 2444 2445 3008
f 2154 2257 2258
f 2443 2444 3008
f 2154 2258 2259
f 2442 2443 3008
f 2154 2259 2260
f 2441 2442 3008
f 2154 2260 2261
f 2440 2441 3008
f 2154 2261 2262
f 2439 2440 3008
f 2154 2262 2263
f 2438 2439 3008
f 2154 2263 2264
f 2437 2438 3008
f 2154 2264 2265
f 2436 2437 3008
f 2154 2265 2266
f 2435 2436 3008
f 2154 2266 2267
f 2434 2435 3008
f 2154 2267 2268
f 2433 2434 3008
f 2154 2268 2269
f 2432 2433 3008
f 2154 2269 2270
f 2431 2432 3008
f 2154 2270 2271
f 2430 2431 3008
f 2154 2271 2272
f 2429 2430 3008
f 2154 2272 2273
f 2428 2429 3008
f 2154 2273 2274
f 2427 2428 3008
f 2154 2274 2275
f 2426 2427 3008
f 2154 2275 2276
f 2425 2426 3008
f 2154 2276 2277
f 2424 2425 3008
f 2154 2277 2278
f 2423 2424 3008
f 2154 2278 2279
f 2422 2423 3008
f 2154 2279 2280
f 2421 2422 3008
f 2154 2280 2281
f 2420 2421 3008
f 2154 2281 2282
f 2419 2420 3008
f 2154 2282 2283
f 2418 2419 3008
f 2154 2283 2284
f 2417 2418 3008
f 2154 2284 2285
f 2416 2417 3008
f 2154 2285 2286
f 2415 2416 3008
f 2154 2286 2287
f 2414 2415 3008
f 2154 2287 2288
f 2413 2414 3008
f 2154 2288 2289
f 2412 2413 3008
f 2154 2289 2290
f 2411 2412 3008
f 2154 2290 2291
f 2410 2411 3008
f 2093 2154 2291
f 2409 2410 3008
f 2093 2291 2292
f 2408 2409 3008
f 2093 2292 2293
f 2407 2408 3008
f 2093 2293 2294
f 2406 2407 3008
f 2093 2294 2295
f 2405 2406 3008
f 2093 2295 2296
f 2404 2405 3008
f 2093 2296 2297
f 2403 2404 3008
f 2093 2297 2298
f 2402 2403 3008
f 2093 2298 2299
f 2401 2402 3008
f 2093 2299 2300
f 2400 2401 3008
f 2093 2300 2301
f 2399 2400 3008
f 2093 2301 2302
f 2398 2399 3008
f 2093 2302 2303
f 2397 2398 3008
f 2093 2303 2304
f 2396 2397 3008
f 2093 2304 2305
f 2395 2396 3008
f 2093 2305 2306
f 2394 2395 3008
f 2093 2306 2307
f 2393 2394 3008
f 2093 2307 2308
f 2392 2393 3008
f 2093 2308 2309
f 2391 2392 3008
f 2093 2309 2310
f 2390 2391 3008
f 2093 2310 2311
f 2389 2390 3008
f 2093 2311 2312
f 2388 2389 3008
f 2093 2312 2313
f 2387 2388 3008
f 2093 2313 2314
f 2386 2387 3008
f 2093 2314 2315
f 2385 2386 3008
f 2093 2315 2316
f 2384 2385 3008
f 2093 2316 2317
f 2383 2384 3008
f 2093 2317 2318
f 2382 2383 3008
f 2093 2318 2319
f 2381 2382 3008
f 2093 2319 2320
f 2380 2381 3008
f 2093 2320 2321
f 2379 2380 3008
f 3008 2093 2321
f 2378 2379 3008
f 3008 2321 2322
f 2377 2378 3008
f 3008 2322 2323
f 2376 2377 3008
f 3008 2323 2324
f 2375 2376 3008
f 3008 2324 2325
f 2374 2375 3008
f 3008 2325 2326
f 2373 2374 3008
f 3008 2326 2327
f 2372 2373 3008
f 3008 2327 2328
f 2371 2372 3008
f 3008 2328 2329
f 2370 2371 3008
f 3008 2329 2330
f 2369 2370 3008
f 3008 2330 2331
f 2368 2369 3008
f 3008 2331 2332
f 2367 2368 3008
f 3008 2332 2333
f 2366 2367 3008
f 3008 2333 2334
f 2365 2366 3008
f 3008 2334 2335
f 2364 2365 3008
f 3008 2335 2336
f 2363 2364 3008
f 3008 2336 2337
f 2362 2363 3008
f 3008 2337 2338
f 2361 2362 3008
f 3008 2338 2339
f 2360 2361 3008
f 3008 2339 2340
f 2359 2360 3008
f 3008 2340 2341
f 2358 2359 3008
f 3008 2341 2342
f 2357 2358 3008
f 3008 2342 2343
f 2356 2357 3008
f 3008 2343 2344
f 2355 2356 3008
f 3008 2344 2345
f 2354 2355 3008
f 3008 2345 2346
f 2353 2354 3008
f 3008 2346 2347
f 2352 2353 3008
f 3008 2347 2348
f 2351 2352 3008
f 3008 2348 2349
f 2350 2351 3008
f 3008 2349 2350
f 3422 5042 5041
f 5041 5040 5039
f 5039 5038 5037
f 5037 5036 5035
f 5035 5034 5033
f 5033 5032 5031
f 5031 5030 5029
f 5029 5028 5027
f 5027 5026 5025
f 5025 5024 5023
f 5023 5022 5021
f 5021 5020 5019
f 5019 5018 5017
f 5017 5016 5015
f 5015 5014 5013
f 5013 5012 5011
f 5011 5010 5009
f 5009 5008 5007
f 5007 5006 5005
f 5005 5004 5003
f 5003 5002 5001
f 5001 5000 4999
f 4999 4998 4997
f 4997 4996 4995
f 4995 4994 4993
f 4993 4992 4991
f 4991 4990 4989
f 4989 4988 4987
f 4987 4986 4985
f 4985 4984 4983
f 4983 4982 4981
f 4981 4980 4979
f 4979 4978 4977
f 4977 4976 4975
f 4975 4974 4973
f 4973 4972 4971
f 4971 4970 4969
f 4969 4968 4967
f 4967 4966 4965
f 4965 4964 4963
f 4963 4962 4961
f 4961 4960 4959
f 4959 4958 4957
f 4957 4956 4955
f 4955 4954 4953
f 4953 4952 4951
f 4951 4950 4949
f 4949 4948 4947
f 4947 4946 4945
f 4945 4944 4943
f 4943 4942 4941
f 4941 4940 4939
f 4939 4938 4937
f 4937 4936 4935
f 4935 4934 4933
f 4933 4932 4931
f 4931 4930 4929
f 4929 4928 4927
f 4927 4926 4925
f 4925 4924 4923
f 4923 4922 4921
f 4921 4920 4919
f 4919 4918 4917
f 4917 4916 4915
f 4915 4914 4913
f 4913 4912 4911
f 4911 4910 4909
f 4909 4908 4907
f 4907 4906 4905
f 4905 4904 4903
f 4891 4890 4889
f 4889 4888 4887
f 4887 4886 4885
f 4885 4884 4883
f 4883 4882 4881
f 4881 4880 4879
f 4879 4878 4877
f 4877 4876 4875
f 4875 4874 4873
f 4873 4872 4871
f 4871 4870 4869
f 4869 4868 4867
f 4867 4866 4865
f 4865 4864 4863
f 4863 4862 4861
f 4861 4860 4859
f 4859 4858 4857
f 4857 4856 4855
f 4855 4854 4853
f 4853 4852 4851
f 4851 4850 4849
f 4849 4848 4847
f 4847 4846 4845
f 4845 4844 4843
f 4843 4842 4841
f 4841 4840 4839
f 4839 4838 4837
f 4837 4836 4835
f 4835 4834 4833
f 4833 4832 4831
f 4831 4830 4829
f 4829 4828 4827
f 4827 4826 4825
f 4825 4824 4823
f 4823 4822 4821
f 4821 4820 4819
f 4819 4818 4817
f 4817 4816 4815
f 4815 4814 4813
f 4813 4812 4811
f 4811 4810 4809
f 4809 4808 4807
f 4807 4806 4805
f 4805 4804 4803
f 4803 4802 4801
f 4801 4800 4799
f 4799 4798 4797
f 4797 4796 4795
f 4795 4794 4793
f 4793 4792 4791
f 4791 4790 4789
f 4789 4788 4787
f 4787 4786 4785
f 4785 4784 4783
f 4783 4782 4781
f 4781 4780 4779
f 4779 4778 4777
f 4777 4776 4775
f 4775 4774 4773
f 4773 4772 4771
f 4771 4770 4769
f 4769 4768 4767
f 4767 4766 4765
f 4765 4764 4763
f 4763 4762 4761
f 4761 4760 4759
f 4759 4758 4757
f 4756 4755 4754
f 4754 4753 4752
f 4752 4751 4750
f 4750 4749 4748
f 4748 4747 4746
f 4746 4745 4744
f 4744 4743 4742
f 4742 4741 4740
f 4740 4739 4738
f 4738 4737 4736
f 4736 4735 4734
f 4734 4733 4732
f 4732 4731 4730
f 4730 4729 4728
f 4728 4727 4726
f 4726 4725 4724
f 4724 4723 4722
f 4722 4721 4720
f 4720 4719 4718
f 4718 4717 4716
f 4716 4715 4714
f 4714 4713 4712
f 4712 4711 4710
f 4710 4709 4708
f 4708 4707 4706
f 4706 4705 4704
f 4704 4703 4702
f 4702 4701 4700
f 4700 4699 4698
f 4698 4697 4696
f 4696 4695 4694
f 4694 4693 4692
f 4692 4691 4690
f 4690 4689 4688
f 4688 4687 4686
f 4686 4685 4684
f 4684 4683 4682
f 4682 4681 4680
f 4680 4679 4678
f 4678 4677 4676
f 4676 4675 4674
f 4674 4673 4672
f 4672 4671 4670
f 4670 4669 4668
f 4668 4667 4666
f 4666 4665 4664
f 4664 4663 4662
f 4662 4661 4660
f 4660 4659 4658
f 4658 4657 4656
f 4656 4655 4654
f 4654 4653 4652
f 4652 4651 4650
f 4650 4649 4648
f 4648 4647 4646
f 4646 4645 4644
f 4644 4643 4642
f 4642 4641 4640
f 4640 4639 4638
f 4618 4617 4616
f 4616 4615 4614
f 4614 4613 4612
f 4612 4611 4610
f 4610 4609 4608
f 4608 4607 4606
f 4606 4605 4604
f 4604 4603 4602
f 4602 4601 4600
f 4600 4599 4598
f 4598 4597 4596
f 4596 4595 4594
f 4594 4593 4592
f 4592 4591 4590
f 4590 4589 4588
f 4588 4587 4586
f 4586 4585 4584
f 4584 4583 4582
f 4582 4581 4580
f 4580 4579 4578
f 4578 4577 4576
f 4576 4575 4574
f 4574 4573 4572
f 4572 4571 4570
f 4570 4569 4568
f 4568 4567 4566
f 4566 4565 4564
f 4564 4563 4562
f 4562 4561 4560
f 4560 4559 4558
f 4558 4557 4556
f 4556 4555 4554
f 4554 4553 4552
f 4552 4551 4550
f 4550 4549 4548
f 4548 4547 4546
f 4546 4545 4544
f 4544 4543 4542
f 4542 4541 4540
f 4540 4539 4538
f 4538 4537 4536
f 4536 4535 4534
f 4534 4533 4532
f 4532 4531 4530
f 4530 4529 4528
f 4528 4527 4526
f 4526 4525 4524
f 4524 4523 4522
f 4522 4521 4520
f 4520 4519 4518
f 4518 4517 4516
f 4516 4515 4514
f 4514 4513 4512
f 4512 4511 4510
f 4510 4509 4508
f 4508 4507 4506
f 4506 4505 4504
f 4504 4503 4502
f 4502 4501 4500
f 4500 4499 4498
f 4498 4497 4496
f 4496 4495 4494
f 4494 4493 4492
f 4492 4491 4490
f 4490 4489 4488
f 4488 4487 4486
f 4486 4485 4484
f 4484 4483 4482
f 4482 4481 4480
f 4480 4479 4478
f 4478 4477 4476
f 4476 4475 4474
f 4474 4473 4472
f 4472 4471 4470
f 4470 4469 4468
f 4468 4467 4466
f 4466 4465 4464
f 4464 4463 4462
f 4462 4461 4460
f 4460 4459 4458
f 4458 4457 4456
f 4456 4455 4454
f 4454 4453 4452
f 4452 4451 4450
f 4450 4449 4448
f 4448 4447 4446
f 4446 4445 4444
f 4444 4443 4442
f 4442 4441 4440
f 4430 4429 4428
f 4426 4425 4424
f 4424 4423 4422
f 4422 4421 4420
f 4420 4419 4418
f 4418 4417 4416
f 4416 4415 4414
f 4414 4413 4412
f 4412 4411 4410
f 4410 4409 4408
f 4408 4407 4406
f 4406 4405 4404
f 4404 4403 4402
f 4402 4401 4400
f 4400 4399 4398
f 4398 4397 4396
f 4396 4395 4394
f 4394 4393 4392
f 4392 4391 4390
f 4390 4389 4388
f 4388 4387 4386
f 4386 4385 4384
f 4384 4383 4382
f 4382 4381 4380
f 4380 4379 4378
f 4378 4377 4376
f 4376 4375 4374
f 4374 4373 4372
f 4372 4371 4370
f 4370 4369 4368
f 4368 4367 4366
f 4366 4365 4364
f 4364 4363 4362
f 4362 4361 4360
f 4360 4359 4358
f 4358 4357 4356
f 4356 4355 4354
f 4354 4353 4352
f 4352 4351 4350
f 4350 4349 4348
f 4348 4347 4346
f 4346 4345 4344
f 4344 4343 4342
f 4342 4341 4340
f 4340 4339 4338
f 4338 4337 4336
f 4336 4335 4334
f 4334 4333 4332
f 4332 4331 4330
f 4330 4329 4328
f 4328 4327 4326
f 4326 4325 4324
f 4324 4323 4322
f 4322 4321 4320
f 4320 4319 4318
f 4318 4317 4316
f 4316 4315 4314
f 4314 4313 4312
f 4312 4311 4310
f 4310 4309 4308
f 4308 4307 4306
f 4306 4305 4304
f 4304 4303 4302
f 4302 4301 4300
f 4300 4299 4298
f 4298 4297 4296
f 4296 4295 4294
f 4294 4293 4292
f 4292 4291 4290
f 4290 4289 4288
f 4288 4287 4286
f 4286 4285 4284
f 4284 4283 4282
f 4282 4281 4280
f 4280 4279 4278
f 4278 4277 4276
f 4276 4275 4274
f 4274 4273 4272
f 4272 4271 4270
f 4270 4269 4268
f 4268 4267 4266
f 4266 4265 4264
f 4264 4263 4262
f 4262 4261 4260
f 4260 4259 4258
f 4258 4257 4256
f 4256 4255 4254
f 4254 4253 4252
f 4252 4251 4250
f 4250 4249 4248
f 4248 4247 4246
f 4246 4245 4244
f 4244 4243 4242
f 4242 4241 4240
f 4240 4239 4238
f 4238 4237 4236
f 4236 4235 4234
f 4234 4233 4232
f 4232 4231 4230
f 4230 4229 4228
f 4228 4227 4226
f 4226 4225 4224
f 4224 4223 4222
f 4222 4221 4220
f 4212 4211 4210
f 4210 4209 4208
f 4208 4207 4206
f 4206 4205 4204
f 4204 4203 4202
f 4202 4201 4200
f 4200 4199 4198
f 4198 4197 4196
f 4196 4195 4194
f 4194 4193 4192
f 4192 4191 4190
f 4190 4189 4188
f 4188 4187 4186
f 4186 4185 4184
f 4184 4183 4182
f 4182 4181 4180
f 4180 4179 4178
f 4178 4177 4176
f 4176 4175 4174
f 4174 4173 4172
f 4172 4171 4170
f 4170 4169 4168
f 4168 4167 4166
f 4166 4165 4164
f 4164 4163 4162
f 4162 4161 4160
f 4160 4159 4158
f 4158 4157 4156
f 4156 4155 4154
f 4152 4151 4150
f 4150 4149 4148
f 4148 4147 4146
f 4146 4145 4144
f 4144 4143 4142
f 4142 4141 4140
f 4140 4139 4138
f 4138 4137 4136
f 4130 4129 4128
f 4128 4127 4126
f 4125 4124 4123
f 4123 4122 4121
f 4121 4120 4119
f 4119 4118 4117
f 4117 4116 4115
f 4115 4114 4113
f 4113 4112 4111
f 4111 4110 4109
f 4109 4108 4107
f 4107 4106 4105
f 4105 4104 4103
f 4103 4102 4101
f 4101 4100 4099
f 4099 4098 4097
f 3841 3840 3839
f 3839 3838 3837
f 3837 3836 3835
f 3835 3834 3833
f 3833 3832 3831
f 3831 3830 3829
f 3829 3828 3827
f 3827 3826 3825
f 3825 3824 3823
f 3823 3822 3821
f 3821 3820 3819
f 3819 3818 3817
f 3817 3816 3815
f 3815 3814 3813
f 3813 3812 3811
f 3811 3810 3809
f 3809 3808 3807
f 3807 3806 3805
f 3805 3804 3803
f 3803 3802 3801
f 3801 3800 3799
f 3799 3798 3797
f 3797 3796 3795
f 3795 3794 3793
f 3793 3792 3791
f 3791 3790 3789
f 3789 3788 3787
f 3787 3786 3785
f 3785 3784 3783
f 3783 3782 3781
f 3781 3780 3779
f 3779 3778 3777
f 3777 3776 3775
f 3775 3774 3773
f 3773 3772 3771
f 3771 3770 3769
f 3769 3768 3767
f 3767 3766 3765
f 3765 3764 3763
f 3763 3762 3761
f 3761 3760 3759
f 3759 3758 3757
f 3757 3756 3755
f 3755 3754 3753
f 3753 3752 3751
f 3751 3750 3749
f 3749 3748 3747
f 3747 3746 3745
f 3745 3744 3743
f 3743 3742 3741
f 3741 3740 3739
f 3739 3738 3737
f 3737 3736 3735
f 3735 3734 3733
f 3733 3732 3731
f 3731 3730 3729
f 3729 3728 3727
f 3727 3726 3725
f 3725 3724 3723
f 3723 3722 3721
f 3721 3720 3719
f 3719 3718 3717
f 3717 3716 3715
f 3713 3712 3711
f 3711 3710 3709
f 3709 3708 3707
f 3707 3706 3705
f 3705 3704 3703
f 3703 3702 3701
f 3701 3700 3699
f 3699 3698 3697
f 3697 3696 3695
f 3695 3694 3693
f 3693 3692 3691
f 3691 3690 3689
f 3689 3688 3687
f 3687 3686 3685
f 3685 3684 3683
f 3683 3682 3681
f 3681 3680 3679
f 3679 3678 3677
f 3677 3676 3675
f 3675 3674 3673
f 3673 3672 3671
f 3671 3670 3669
f 3669 3668 3667
f 3667 3666 3665
f 3665 3664 3663
f 3663 3662 3661
f 3661 3660 3659
f 3659 3658 3657
f 3657 3656 3655
f 3655 3654 3653
f 3653 3652 3651
f 3651 3650 3649
f 3649 3648 3647
f 3647 3646 3645
f 3645 3644 3643
f 3643 3642 3641
f 3641 3640 3639
f 3639 3638 3637
f 3637 3636 3635
f 3635 3634 3633
f 3633 3632 3631
f 3631 3630 3629
f 3629 3628 3627
f 3627 3626 3625
f 3625 3624 3623
f 3623 3622 3621
f 3621 3620 3619
f 3619 3618 3617
f 3617 3616 3615
f 3615 3614 3613
f 3613 3612 3611
f 3611 3610 3609
f 3609 3608 3607
f 3607 3606 3605
f 3605 3604 3603
f 3603 3602 3601
f 3601 3600 3599
f 3599 3598 3597
f 3597 3596 3595
f 3585 3584 3583
f 3583 3582 3581
f 3581 3580 3579
f 3579 3578 3577
f 3577 3576 3575
f 3575 3574 3573
f 3573 3572 3571
f 3571 3570 3569
f 3569 3568 3567
f 3567 3566 3565
f 3565 3564 3563
f 3563 3562 3561
f 3561 3560 3559
f 3559 3558 3557
f 3557 3556 3555
f 3555 3554 3553
f 3553 3552 3551
f 3551 3550 3549
f 3549 3548 3547
f 3547 3546 3545
f 3545 3544 3543
f 3543 3542 3541
f 3541 3540 3539
f 3539 3538 3537
f 3537 3536 3535
f 3535 3534 3533
f 3533 3532 3531
f 3531 3530 3529
f 3529 3528 3527
f 3527 3526 3525
f 3525 3524 3523
f 3523 3522 3521
f 3521 3520 3519
f 3519 3518 3517
f 3517 3516 3515
f 3515 3514 3513
f 3513 3512 3511
f 3511 3510 3509
f 3509 3508 3507
f 3507 3506 3505
f 3505 3504 3503
f 3503 3502 3501
f 3501 3500 3499
f 3499 3498 3497
f 3497 3496 3495
f 3495 3494 3493
f 3493 3492 3491
f 3491 3490 3489
f 3489 3488 3487
f 3487 3486 3485
f 3485 3484 3483
f 3483 3482 3481
f 3481 3480 3479
f 3479 3478 3477
f 3477 3476 3475
f 3475 3474 3473
f 3473 3472 3471
f 3471 3470 3469
f 3469 3468 3467
f 3467 3466 3465
f 3465 3464 3463
f 3463 3462 3461
f 3461 3460 3459
f 3459 3458 3457
f 3457 3456 3455
f 3455 3454 3453
f 3453 3452 3451
f 3451 3450 3449
f 3449 3448 3447
f 3447 3446 3445
f 3445 3444 3443
f 3443 3442 3441
f 3441 3440 3439
f 3439 3438 3437
f 3437 3436 3435
f 3435 3434 3433
f 3433 3432 3431
f 3431 3430 3429
f 3429 3428 3427
f 3427 3426 3425
f 3425 3424 3423
f 3423 3422 5041
f 5041 5039 5037
f 5037 5035 5033
f 5033 5031 5029
f 5029 5027 5025
f 5025 5023 5021
f 5021 5019 5017
f 5017 5015 5013
f 5013 5011 5009
f 5009 5007 5005
f 5005 5003 5001
f 5001 4999 4997
f 4997 4995 4993
f 4993 4991 4989
f 4989 4987 4985
f 4985 4983 4981
f 4981 4979 4977
f 4977 4975 4973
f 4973 4971 4969
f 4969 4967 4965
f 4965 4963 4961
f 4961 4959 4957
f 4957 4955 4953
f 4953 4951 4949
f 4949 4947 4945
f 4945 4943 4941
f 4941 4939 4937
f 4937 4935 4933
f 4933 4931 4929
f 4929 4927 4925
f 4925 4923 4921
f 4921 4919 4917
f 4917 4915 4913
f 4913 4911 4909
f 4909 4907 4905
f 4905 4903 4902
f 4891 4889 4887
f 4887 4885 4883
f 4883 4881 4879
f 4879 4877 4875
f 4875 4873 4871
f 4871 4869 4867
f 4867 4865 4863
f 4863 4861 4859
f 4859 4857 4855
f 4855 4853 4851
f 4851 4849 4847
f 4847 4845 4843
f 4843 4841 4839
f 4839 4837 4835
f 4835 4833 4831
f 4831 4829 4827
f 4827 4825 4823
f 4823 4821 4819
f 4819 4817 4815
f 4815 4813 4811
f 4811 4809 4807
f 4807 4805 4803
f 4803 4801 4799
f 4799 4797 4795
f 4795 4793 4791
f 4791 4789 4787
f 4787 4785 4783
f 4783 4781 4779
f 4779 4777 4775
f 4775 4773 4771
f 4771 4769 4767
f 4767 4765 4763
f 4763 4761 4759
f 4759 4757 4756
f 4756 4754 4752
f 4752 4750 4748
f 4748 4746 4744
f 4744 4742 4740
f 4740 4738 4736
f 4736 4734 4732
f 4732 4730 4728
f 4728 4726 4724
f 4724 4722 4720
f 4720 4718 4716
f 4716 4714 4712
f 4712 4710 4708
f 4708 4706 4704
f 4704 4702 4700
f 4700 4698 4696
f 4696 4694 4692
f 4692 4690 4688
f 4688 4686 4684
f 4684 4682 4680
f 4680 4678 4676
f 4676 4674 4672
f 4672 4670 4668
f 4668 4666 4664
f 4664 4662 4660
f 4660 4658 4656
f 4656 4654 4652
f 4652 4650 4648
f 4648 4646 4644
f 4644 4642 4640
f 4618 4616 4614
f 4614 4612 4610
f 4610 4608 4606
f 4606 4604 4602
f 4602 4600 4598
f 4598 4596 4594
f 4594 4592 4590
f 4590 4588 4586
f 4586 4584 4582
f 4582 4580 4578
f 4578 4576 4574
f 4574 4572 4570
f 4570 4568 4566
f 4566 4564 4562
f 4562 4560 4558
f 4558 4556 4554
f 4554 4552 4550
f 4550 4548 4546
f 4546 4544 4542
f 4542 4540 4538
f 4538 4536 4534
f 4534 4532 4530
f 4530 4528 4526
f 4526 4524 4522
f 4522 4520 4518
f 4518 4516 4514
f 4514 4512 4510
f 4510 4508 4506
f 4506 4504 4502
f 4502 4500 4498
f 4498 4496 4494
f 4494 4492 4490
f 4490 4488 4486
f 4486 4484 4482
f 4482 4480 4478
f 4478 4476 4474
f 4474 4472 4470
f 4470 4468 4466
f 4466 4464 4462
f 4462 4460 4458
f 4458 4456 4454
f 4454 4452 4450
f 4450 4448 4446
f 4446 4444 4442
f 4442 4440 4439
f 4431 4430 4428
f 4426 4424 4422
f 4422 4420 4418
f 4418 4416 4414
f 4414 4412 4410
f 4410 4408 4406
f 4406 4404 4402
f 4402 4400 4398
f 4398 4396 4394
f 4394 4392 4390
f 4390 4388 4386
f 4386 4384 4382
f 4382 4380 4378
f 4378 4376 4374
f 4374 4372 4370
f 4370 4368 4366
f 4366 4364 4362
f 4362 4360 4358
f 4358 4356 4354
f 4354 4352 4350
f 4350 4348 4346
f 4346 4344 4342
f 4342 4340 4338
f 4338 4336 4334
f 4334 4332 4330
f 4330 4328 4326
f 4326 4324 4322
f 4322 4320 4318
f 4318 4316 4314
f 4314 4312 4310
f 4310 4308 4306
f 4306 4304 4302
f 4302 4300 4298
f 4298 4296 4294
f 4294 4292 4290
f 4290 4288 4286
f 4286 4284 4282
f 4282 4280 4278
f 4278 4276 4274
f 4274 4272 4270
f 4270 4268 4266
f 4266 4264 4262
f 4262 4260 4258
f 4258 4256 4254
f 4254 4252 4250
f 4250 4248 4246
f 4246 4244 4242
f 4242 4240 4238
f 4238 4236 4234
f 4234 4232 4230
f 4230 4228 4226
f 4226 4224 4222
f 4212 4210 4208
f 4208 4206 4204
f 4204 4202 4200
f 4200 4198 4196
f 4196 4194 4192
f 4192 4190 4188
f 4188 4186 4184
f 4184 4182 4180
f 4180 4178 4176
f 4176 4174 4172
f 4172 4170 4168
f 4168 4166 4164
f 4164 4162 4160
f 4160 4158 4156
f 4156 4154 4153
f 4152 4150 4148
f 4148 4146 4144
f 4144 4142 4140
f 4140 4138 4136
f 4130 4128 4126
f 4125 4123 4121
f 4121 4119 4117
f 4117 4115 4113
f 4113 4111 4109
f 4109 4107 4105
f 4105 4103 4101
f 4101 4099 4097
f 3842 3841 3839
f 3839 3837 3835
f 3835 3833 3831
f 3831 3829 3827
f 3827 3825 3823
f 3823 3821 3819
f 3819 3817 3815
f 3815 3813 3811
f 3811 3809 3807
f 3807 3805 3803
f 3803 3801 3799
f 3799 3797 3795
f 3795 3793 3791
f 3791 3789 3787
f 3787 3785 3783
f 3783 3781 3779
f 3779 3777 3775
f 3775 3773 3771
f 3771 3769 3767
f 3767 3765 3763
f 3763 3761 3759
f 3759 3757 3755
f 3755 3753 3751
f 3751 3749 3747
f 3747 3745 3743
f 3743 3741 3739
f 3739 3737 3735
f 3735 3733 3731
f 3731 3729 3727
f 3727 3725 3723
f 3723 3721 3719
f 3719 3717 3715
f 3714 3713 3711
f 3711 3709 3707
f 3707 3705 3703
f 3703 3701 3699
f 3699 3697 3695
f 3695 3693 3691
f 3691 3689 3687
f 3687 3685 3683
f 3683 3681 3679
f 3679 3677 3675
f 3675 3673 3671
f 3671 3669 3667
f 3667 3665 3663
f 3663 3661 3659
f 3659 3657 3655
f 3655 3653 3651
f 3651 3649 3647
f 3647 3645 3643
f 3643 3641 3639
f 3639 3637 3635
f 3635 3633 3631
f 3631 3629 3627
f 3627 3625 3623
f 3623 3621 3619
f 3619 3617 3615
f 3615 3613 3611
f 3611 3609 3607
f 3607 3605 3603
f 3603 3601 3599
f 3585 3583 3581
f 3581 3579 3577
f 3577 3575 3573
f 3573 3571 3569
f 3569 3567 3565
f 3565 3563 3561
f 3561 3559 3557
f 3557 3555 3553
f 3553 3551 3549
f 3549 3547 3545
f 3545 3543 3541
f 3541 3539 3537
f 3537 3535 3533
f 3533 3531 3529
f 3529 3527 3525
f 3525 3523 3521
f 3521 3519 3517
f 3517 3515 3513
f 3513 3511 3509
f 3509 3507 3505
f 3505 3503 3501
f 3501 3499 3497
f 3497 3495 3493
f 3493 3491 3489
f 3489 3487 3485
f 3485 3483 3481
f 3481 3479 3477
f 3477 3475 3473
f 3473 3471 3469
f 3469 3467 3465
f 3465 3463 3461
f 3461 3459 3457
f 3457 3455 3453
f 3453 3451 3449
f 3447 3445 3443
f 3443 3441 3439
f 3439 3437 3435
f 3435 3433 3431
f 3431 3429 3427
f 3427 3425 3423
f 3423 5041 5037
f 5037 5033 5029
f 5029 5025 5021
f 5021 5017 5013
f 5013 5009 5005
f 5005 5001 4997
f 4997 4993 4989
f 4989 4985 4981
f 4981 4977 4973
f 4973 4969 4965
f 4965 4961 4957
f 4957 4953 4949
f 4949 4945 4941
f 4941 4937 4933
f 4933 4929 4925
f 4925 4921 4917
f 4917 4913 4909
f 4909 4905 4902
f 4891 4887 4883
f 4883 4879 4875
f 4875 4871 4867
f 4867 4863 4859
f 4859 4855 4851
f 4851 4847 4843
f 4843 4839 4835
f 4835 4831 4827
f 4827 4823 4819
f 4819 4815 4811
f 4811 4807 4803
f 4803 4799 4795
f 4795 4791 4787
f 4787 4783 4779
f 4779 4775 4771
f 4771 4767 4763
f 4763 4759 4756
f 4756 4752 4748
f 4748 4744 4740
f 4740 4736 4732
f 4732 4728 4724
f 4724 4720 4716
f 4716 4712 4708
f 4708 4704 4700
f 4700 4696 4692
f 4692 4688 4684
f 4684 4680 4676
f 4676 4672 4668
f 4668 4664 4660
f 4660 4656 4652
f 4652 4648 4644
f 4644 4640 4638
f 4618 4614 4610
f 4610 4606 4602
f 4602 4598 4594
f 4594 4590 4586
f 4586 4582 4578
f 4578 4574 4570
f 4570 4566 4562
f 4562 4558 4554
f 4554 4550 4546
f 4546 4542 4538
f 4538 4534 4530
f 4530 4526 4522
f 4522 4518 4514
f 4514 4510 4506
f 4506 4502 4498
f 4498 4494 4490
f 4490 4486 4482
f 4482 4478 4474
f 4474 4470 4466
f 4466 4462 4458
f 4458 4454 4450
f 4450 4446 4442
f 4432 4431 4428
f 4426 4422 4418
f 4418 4414 4410
f 4410 4406 4402
f 4402 4398 4394
f 4394 4390 4386
f 4386 4382 4378
f 4378 4374 4370
f 4370 4366 4362
f 4362 4358 4354
f 4354 4350 4346
f 4346 4342 4338
f 4338 4334 4330
f 4330 4326 4322
f 4322 4318 4314
f 4314 4310 4306
f 4306 4302 4298
f 4298 4294 4290
f 4290 4286 4282
f 4282 4278 4274
f 4274 4270 4266
f 4266 4262 4258
f 4258 4254 4250
f 4250 4246 4242
f 4242 4238 4234
f 4234 4230 4226
f 4226 4222 4220
f 4212 4208 4204
f 4204 4200 4196
f 4196 4192 4188
f 4188 4184 4180
f 4180 4176 4172
f 4172 4168 4164
f 4164 4160 4156
f 4153 4152 4148
f 4148 4144 4140
f 4140 4136 4135
f 4131 4130 4126
f 4125 4121 4117
f 4117 4113 4109
f 4109 4105 4101
f 4101 4097 4096
f 3843 3842 3839
f 3839 3835 3831
f 3831 3827 3823
f 3823 3819 3815
f 3815 3811 3807
f 3807 3803 3799
f 3799 3795 3791
f 3791 3787 3783
f 3783 3779 3775
f 3775 3771 3767
f 3767 3763 3759
f 3759 3755 3751
f 3751 3747 3743
f 3743 3739 3735
f 3735 3731 3727
f 3727 3723 3719
f 3719 3715 3714
f 3714 3711 3707
f 3707 3703 3699
f 3699 3695 3691
f 3691 3687 3683
f 3683 3679 3675
f 3675 3671 3667
f 3667 3663 3659
f 3659 3655 3651
f 3651 3647 3643
f 3643 3639 3635
f 3635 3631 3627
f 3627 3623 3619
f 3619 3615 3611
f 3611 3607 3603
f 3603 3599 3597
f 3585 3581 3577
f 3577 3573 3569
f 3569 3565 3561
f 3561 3557 3553
f 3553 3549 3545
f 3545 3541 3537
f 3537 3533 3529
f 3529 3525 3521
f 3521 3517 3513
f 3513 3509 3505
f 3505 3501 3497
f 3497 3493 3489
f 3489 3485 3481
f 3481 3477 3473
f 3473 3469 3465
f 3465 3461 3457
f 3457 3453 3449
f 3449 3447 3443
f 3443 3439 3435
f 3435 3431 3427
f 3427 3423 5037
f 5037 5029 5021
f 5021 5013 5005
f 5005 4997 4989
f 4989 4981 4973
f 4973 4965 4957
f 4957 4949 4941
f 4941 4933 4925
f 4925 4917 4909
f 4909 4902 4901
f 4891 4883 4875
f 4875 4867 4859
f 4859 4851 4843
f 4843 4835 4827
f 4827 4819 4811
f 4811 4803 4795
f 4795 4787 4779
f 4779 4771 4763
f 4763 4756 4748
f 4748 4740 4732
f 4732 4724 4716
f 4716 4708 4700
f 4700 4692 4684
f 4684 4676 4668
f 4668 4660 4652
f 4652 4644 4638
f 4618 4610 4602
f 4602 4594 4586
f 4586 4578 4570
f 4570 4562 4554
f 4554 4546 4538
f 4538 4530 4522
f 4522 4514 4506
f 4506 4498 4490
f 4490 4482 4474
f 4474 4466 4458
f 4458 4450 4442
f 4432 4428 4427
f 4426 4418 4410
f 4410 4402 4394
f 4394 4386 4378
f 4378 4370 4362
f 4362 4354 4346
f 4346 4338 4330
f 4330 4322 4314
f 4314 4306 4298
f 4298 4290 4282
f 4282 4274 4266
f 4266 4258 4250
f 4250 4242 4234
f 4234 4226 4220
f 4212 4204 4196
f 4196 4188 4180
f 4180 4172 4164
f 4164 4156 4153
f 4153 4148 4140
f 4140 4135 4134
f 4131 4126 4125
f 4125 4117 4109
f 4109 4101 4096
f 3844 3843 3839
f 3839 3831 3823
f 3823 3815 3807
f 3807 3799 3791
f 3791 3783 3775
f 3775 3767 3759
f 3759 3751 3743
f 3743 3735 3727
f 3727 3719 3714
f 3714 3707 3699
f 3699 3691 3683
f 3683 3675 3667
f 3667 3659 3651
f 3651 3643 3635
f 3635 3627 3619
f 3619 3611 3603
f 3585 3577 3569
f 3569 3561 3553
f 3553 3545 3537
f 3537 3529 3521
f 3521 3513 3505
f 3505 3497 3489
f 3489 3481 3473
f 3473 3465 3457
f 3457 3449 3443
f 3443 3435 3427
f 3427 5037 5021
f 5021 5005 4989
f 4989 4973 4957
f 4957 4941 4925
f 4925 4909 4901
f 4891 4875 4859
f 4859 4843 4827
f 4827 4811 4795
f 4795 4779 4763
f 4763 4748 4732
f 4732 4716 4700
f 4700 4684 4668
f 4668 4652 4638
f 4618 4602 4586
f 4586 4570 4554
f 4554 4538 4522
f 4522 4506 4490
f 4490 4474 4458
f 4458 4442 4439
f 4433 4432 4427
f 4426 4410 4394
f 4394 4378 4362
f 4362 4346 4330
f 4330 4314 4298
f 4298 4282 4266
f 4266 4250 4234
f 4212 4196 4180
f 4180 4164 4153
f 4153 4140 4134
f 4131 4125 4109
f 4109 4096 4095
f 3845 3844 3839
f 3839 3823 3807
f 3807 3791 3775
f 3775 3759 3743
f 3743 3727 3714
f 3714 3699 3683
f 3683 3667 3651
f 3651 3635 3619
f 3619 3603 3597
f 3585 3569 3553
f 3553 3537 3521
f 3521 3505 3489
f 3489 3473 3457
f 3457 3443 3427
f 3427 5021 4989
f 4989 4957 4925
f 4892 4891 4859
f 4859 4827 4795
f 4795 4763 4732
f 4732 4700 4668
f 4668 4638 4637
f 4618 4586 4554
f 4554 4522 4490
f 4490 4458 4439
f 4433 4427 4426
f 4426 4394 4362
f 4362 4330 4298
f 4298 4266 4234
f 4212 4180 4153
f 4153 4134 4133
f 4132 4131 4109
f 4109 4095 4094
f 3846 3845 3839
f 3839 3807 3775
f 3775 3743 3714
f 3714 3683 3651
f 3651 3619 3597
f 3585 3553 3521
f 3521 3489 3457
f 3457 3427 4989
f 4989 4925 4901
f 4892 4859 4795
f 4795 4732 4668
f 4668 4637 4636
f 4619 4618 4554
f 4554 4490 4439
f 4426 4362 4298
f 4298 4234 4220
f 4213 4212 4153
f 4153 4133 4132
f 4132 4109 4094
f 3847 3846 3839
f 3714 3651 3597
f 3586 3585 3521
f 3521 3457 4989
f 4989 4901 4900
f 4893 4892 4795
f 4795 4668 4636
f 4619 4554 4439
f 4426 4298 4220
f 4213 4153 4132
f 4132 4094 4093
f 3848 3847 3839
f 3587 3586 3521
f 3521 4989 4900
f 4893 4795 4636
f 4620 4619 4439
f 4433 4426 4220
f 4213 4132 4093
f 3849 3848 3839
f 3587 3521 4900
f 4894 4893 4636
f 4621 4620 4439
f 4434 4433 4220
f 4214 4213 4093
f 3850 3849 3839
f 3588 3587 4900
f 4895 4894 4636
f 4622 4621 4439
f 4435 4434 4220
f 4215 4214 4093
f 3850 3839 3775
f 3589 3588 4900
f 4896 4895 4636
f 4623 4622 4439
f 4435 4220 4219
f 4215 4093 4092
f 3851 3850 3775
f 3590 3589 4900
f 4897 4896 4636
f 4624 4623 4439
f 4435 4219 4218
f 4215 4092 4091
f 3852 3851 3775
f 3591 3590 4900
f 4897 4636 4635
f 4625 4624 4439
f 4435 4218 4217
f 4215 4091 4090
f 3853 3852 3775
f 3592 3591 4900
f 4897 4635 4634
f 4626 4625 4439
f 4435 4217 4216
f 4215 4090 4089
f 3854 3853 3775
f 3593 3592 4900
f 4897 4634 4633
f 4627 4626 4439
f 4215 4089 4088
f 3855 3854 3775
f 3594 3593 4900
f 4897 4633 4632
f 4627 4439 4438
f 4215 4088 4087
f 3856 3855 3775
f 3595 3594 4900
f 4897 4632 4631
f 4628 4627 4438
f 4215 4087 4086
f 3857 3856 3775
f 3595 4900 4899
f 4898 4897 4631
f 4628 4438 4437
f 4215 4086 4085
f 3858 3857 3775
f 3595 4899 4898
f 4898 4631 4630
f 4628 4437 4436
f 4215 4085 4084
f 3859 3858 3775
f 3595 4898 4630
f 4628 4436 4435
f 4215 4084 4083
f 3860 3859 3775
f 3597 3595 4630
f 4628 4435 4216
f 4215 4083 4082
f 3861 3860 3775
f 3714 3597 4630
f 4629 4628 4216
f 4215 4082 4081
f 3862 3861 3775
f 3714 4630 4629
f 4629 4216 4215
f 4215 4081 4080
f 3863 3862 3775
f 4629 4215 4080
f 3864 3863 3775
f 4629 4080 4079
f 3865 3864 3775
f 4629 4079 4078
f 3866 3865 3775
f 4629 4078 4077
f 3867 3866 3775
f 4629 4077 4076
f 3868 3867 3775
f 4629 4076 4075
f 3869 3868 3775
f 4629 4075 4074
f 3870 3869 3775
f 4629 4074 4073
f 3871 3870 3775
f 4629 4073 4072
f 3872 3871 3775
f 4629 4072 4071
f 3873 3872 3775
f 4629 4071 4070
f 3874 3873 3775
f 4629 4070 4069
f 3875 3874 3775
f 4629 4069 4068
f 3876 3875 3775
f 4629 4068 4067
f 3877 3876 3775
f 4629 4067 4066
f 3878 3877 3775
f 4629 4066 4065
f 3879 3878 3775
f 4629 4065 4064
f 3880 3879 3775
f 4629 4064 4063
f 3881 3880 3775
f 4629 4063 4062
f 3882 3881 3775
f 4629 4062 4061
f 3883 3882 3775
f 4629 4061 4060
f 3884 3883 3775
f 4629 4060 4059
f 3885 3884 3775
f 4629 4059 4058
f 3886 3885 3775
f 4629 4058 4057
f 3887 3886 3775
f 4629 4057 4056
f 3888 3887 3775
f 4629 4056 4055
f 3889 3888 3775
f 4629 4055 4054
f 3890 3889 3775
f 4629 4054 4053
f 3891 3890 3775
f 4629 4053 4052
f 3892 3891 3775
f 4629 4052 4051
f 3893 3892 3775
f 4629 4051 4050
f 3894 3893 3775
f 4629 4050 4049
f 3895 3894 3775
f 4629 4049 4048
f 3896 3895 3775
f 4629 4048 4047
f 3897 3896 3775
f 4629 4047 4046
f 3898 3897 3775
f 4629 4046 4045
f 3899 3898 3775
f 4629 4045 4044
f 3900 3899 3775
f 4629 4044 4043
f 3901 3900 3775
f 4629 4043 4042
f 3902 3901 3775
f 4629 4042 4041
f 3903 3902 3775
f 4629 4041 4040
f 3904 3903 3775
f 4629 4040 4039
f 3905 3904 3775
f 4629 4039 4038
f 3906 3905 3775
f 4629 4038 4037
f 3907 3906 3775
f 4629 4037 4036
f 3908 3907 3775
f 4629 4036 4035
f 3909 3908 3775
f 4629 4035 4034
f 3910 3909 3775
f 4629 4034 4033
f 3911 3910 3775
f 4629 4033 4032
f 3912 3911 3775
f 4629 4032 4031
f 3912 3775 3714
f 4629 4031 4030
f 3913 3912 3714
f 4629 4030 4029
f 3914 3913 3714
f 4629 4029 4028
f 3915 3914 3714
f 4629 4028 4027
f 3916 3915 3714
f 4629 4027 4026
f 3917 3916 3714
f 4629 4026 4025
f 3918 3917 3714
f 4629 4025 4024
f 3919 3918 3714
f 4629 4024 4023
f 3920 3919 3714
f 4629 4023 4022
f 3921 3920 3714
f 4629 4022 4021
f 3922 3921 3714
f 4629 4021 4020
f 3923 3922 3714
f 4629 4020 4019
f 3924 3923 3714
f 4629 4019 4018
f 3925 3924 3714
f 4629 4018 4017
f 3926 3925 3714
f 4629 4017 4016
f 3927 3926 3714
f 4629 4016 4015
f 3928 3927 3714
f 4629 4015 4014
f 3929 3928 3714
f 4629 4014 4013
f 3930 3929 3714
f 4629 4013 4012
f 3931 3930 3714
f 4629 4012 4011
f 3932 3931 3714
f 4629 4011 4010
f 3933 3932 3714
f 4629 4010 4009
f 3934 3933 3714
f 4629 4009 4008
f 3935 3934 3714
f 4629 4008 4007
f 3936 3935 3714
f 4629 4007 4006
f 3937 3936 3714
f 4629 4006 4005
f 3938 3937 3714
f 4629 4005 4004
f 3939 3938 3714
f 4629 4004 4003
f 3940 3939 3714
f 4629 4003 4002
f 3941 3940 3714
f 4629 4002 4001
f 3942 3941 3714
f 4629 4001 4000
f 3942 3714 4629
f 4629 4000 3999
f 3943 3942 4629
f 4629 3999 3998
f 3944 3943 4629
f 4629 3998 3997
f 3945 3944 4629
f 4629 3997 3996
f 3946 3945 4629
f 4629 3996 3995
f 3947 3946 4629
f 4629 3995 3994
f 3948 3947 4629
f 4629 3994 3993
f 3949 3948 4629
f 4629 3993 3992
f 3950 3949 4629
f 4629 3992 3991
f 3951 3950 4629
f 4629 3991 3990
f 3952 3951 4629
f 4629 3990 3989
f 3953 3952 4629
f 4629 3989 3988
f 3954 3953 4629
f 4629 3988 3987
f 3955 3954 4629
f 4629 3987 3986
f 3956 3955 4629
f 4629 3986 3985
f 3957 3956 4629
f 4629 3985 3984
f 3958 3957 4629
f 4629 3984 3983
f 3959 3958 4629
f 4629 3983 3982
f 3960 3959 4629
f 4629 3982 3981
f 3961 3960 4629
f 4629 3981 3980
f 3962 3961 4629
f 4629 3980 3979
f 3963 3962 4629
f 4629 3979 3978
f 3964 3963 4629
f 4629 3978 3977
f 3965 3964 4629
f 4629 3977 3976
f 3966 3965 4629
f 4629 3976 3975
f 3967 3966 4629
f 4629 3975 3974
f 3968 3967 4629
f 4629 3974 3973
f 3969 3968 4629
f 4629 3973 3972
f 3970 3969 4629
f 4629 3972 3971
f 3971 3970 4629
f 3422 3423 1801
f 1801 3423 1802
f 3423 3424 1802
f 1802 3424 1803
f 3424 3425 1803
f 1803 3425 1804
f 3425 3426 1804
f 1804 3426 1805
f 3426 3427 1805
f 1805 3427 1806
f 3427 3428 1806
f 1806 3428 1807
f 3428 3429 1807
f 1807 3429 1808
f 3429 3430 1808
f 1808 3430 1809
f 3430 3431 1809
f 1809 3431 1810
f 3431 3432 1810
f 1810 3432 1811
f 3432 3433 1811
f 1811 3433 1812
f 3433 3434 1812
f 1812 3434 1813
f 3434 3435 1813
f 1813 3435 1814
f 3435 3436 1814
f 1814 3436 1815
f 3436 3437 1815
f 1815 3437 1816
f 3437 3438 1816
f 1816 3438 1817
f 3438 3439 1817
f 1817 3439 1818
f 3439 3440 1818
f 1818 3440 1819
f 3440 3441 1819
f 1819 3441 1820
f 3441 3442 1820
f 1820 3442 1821
f 3442 3443 1821
f 1821 3443 1822
f 3443 3444 1822
f 1822 3444 1823
f 3444 3445 1823
f 1823 3445 1824
f 3445 3446 1824
f 1824 3446 1825
f 3446 3447 1825
f 1825 3447 1826
f 3447 3448 1826
f 1826 3448 1827
f 3448 3449 1827
f 1827 3449 1828
f 3449 3450 1828
f 1828 3450 1829
f 3450 3451 1829
f 1829 3451 1830
f 3451 3452 1830
f 1830 3452 1831
f 3452 3453 1831
f 1831 3453 1832
f 3453 3454 1832
f 1832 3454 1833
f 3454 3455 1833
f 1833 3455 1834
f 3455 3456 1834
f 1834 3456 1835
f 3456 3457 1835
f 1835 3457 1836
f 3457 3458 1836
f 1836 3458 1837
f 3458 3459 1837
f 1837 3459 1838
f 3459 3460 1838
f 1838 3460 1839
f 3460 3461 1839
f 1839 3461 1840
f 3461 3462 1840
f 1840 3462 1841
f 3462 3463 1841
f 1841 3463 1842
f 3463 3464 1842
f 1842 3464 1843
f 3464 3465 1843
f 1843 3465 1844
f 3465 3466 1844
f 1844 3466 1845
f 3466 3467 1845
f 1845 3467 1846
f 3467 3468 1846
f 1846 3468 1847
f 3468 3469 1847
f 1847 3469 1848
f 3469 3470 1848
f 1848 3470 1849
f 3470 3471 1849
f 1849 3471 1850
f 3471 3472 1850
f 1850 3472 1851
f 3472 3473 1851
f 1851 3473 1852
f 3473 3474 1852
f 1852 3474 1853
f 3474 3475 1853
f 1853 3475 1854
f 3475 3476 1854
f 1854 3476 1855
f 3476 3477 1855
f 1855 3477 1856
f 3477 3478 1856
f 1856 3478 1857
f 3478 3479 1857
f 1857 3479 1858
f 3479 3480 1858
f 1858 3480 1859
f 3480 3481 1859
f 1859 3481 1860
f 3481 3482 1860
f 1860 3482 1861
f 3482 3483 1861
f 1861 3483 1862
f 3483 3484 1862
f 1862 3484 1863
f 3484 3485 1863
f 1863 3485 1864
f 3485 3486 1864
f 1864 3486 1865
f 3486 3487 1865
f 1865 3487 1866
f 3487 3488 1866
f 1866 3488 1867
f 3488 3489 1867
f 1867 3489 1868
f 3489 3490 1868
f 1868 3490 1869
f 3490 3491 1869
f 1869 3491 1870
f 3491 3492 1870
f 1870 3492 1871
f 3492 3493 1871
f 1871 3493 1872
f 3493 3494 1872
f 1872 3494 1873
f 3494 3495 1873
f 1873 3495 1874
f 3495 3496 1874
f 1874 3496 1875
f 3496 3497 1875
f 1875 3497 1876
f 3497 3498 1876
f 1876 3498 1877
f 3498 3499 1877
f 1877 3499 1878
f 3499 3500 1878
f 1878 3500 1879
f 3500 3501 1879
f 1879 3501 1880
f 3501 3502 1880
f 1880 3502 1881
f 3502 3503 1881
f 1881 3503 1882
f 3503 3504 1882
f 1882 3504 1883
f 3504 3505 1883
f 1883 3505 1884
f 3505 3506 1884
f 1884 3506 1885
f 3506 3507 1885
f 1885 3507 1886
f 3507 3508 1886
f 1886 3508 1887
f 3508 3509 1887
f 1887 3509 1888
f 3509 3510 1888
f 1888 3510 1889
f 3510 3511 1889
f 1889 3511 1890
f 3511 3512 1890
f 1890 3512 1891
f 3512 3513 1891
f 1891 3513 1892
f 3513 3514 1892
f 1892 3514 1893
f 3514 3515 1893
f 1893 3515 1894
f 3515 3516 1894
f 1894 3516 1895
f 3516 3517 1895
f 1895 3517 1896
f 3517 3518 1896
f 1896 3518 1897
f 3518 3519 1897
f 1897 3519 1898
f 3519 3520 1898
f 1898 3520 1899
f 3520 3521 1899
f 1899 3521 1900
f 3521 3522 1900
f 1900 3522 1901
f 3522 3523 1901
f 1901 3523 1902
f 3523 3524 1902
f 1902 3524 1903
f 3524 3525 1903
f 1903 3525 1904
f 3525 3526 1904
f 1904 3526 1905
f 3526 3527 1905
f 1905 3527 1906
f 3527 3528 1906
f 1906 3528 1907
f 3528 3529 1907
f 1907 3529 1908
f 3529 3530 1908
f 1908 3530 1909
f 3530 3531 1909
f 1909 3531 1910
f 3531 3532 1910
f 1910 3532 1911
f 3532 3533 1911
f 1911 3533 1912
f 3533 3534 1912
f 1912 3534 1913
f 3534 3535 1913
f 1913 3535 1914
f 3535 3536 1914
f 1914 3536 1915
f 3536 3537 1915
f 1915 3537 1916
f 3537 3538 1916
f 1916 3538 1917
f 3538 3539 1917
f 1917 3539 1918
f 3539 3540 1918
f 1918 3540 1919
f 3540 3541 1919
f 1919 3541 1920
f 3541 3542 1920
f 1920 3542 1921
f 3542 3543 1921
f 1921 3543 1922
f 3543 3544 1922
f 1922 3544 1923
f 3544 3545 1923
f 1923 3545 1924
f 3545 3546 1924
f 1924 3546 1925
f 3546 3547 1925
f 1925 3547 1926
f 3547 3548 1926
f 1926 3548 1927
f 3548 3549 1927
f 1927 3549 1928
f 3549 3550 1928
f 1928 3550 1929
f 3550 3551 1929
f 1929 3551 1930
f 3551 3552 1930
f 1930 3552 1931
f 3552 3553 1931
f 1931 3553 1932
f 3553 3554 1932
f 1932 3554 1933
f 3554 3555 1933
f 1933 3555 1934
f 3555 3556 1934
f 1934 3556 1935
f 3556 3557 1935
f 1935 3557 1936
f 3557 3558 1936
f 1936 3558 1937
f 3558 3559 1937
f 1937 3559 1938
f 3559 3560 1938
f 1938 3560 1939
f 3560 3561 1939
f 1939 3561 1940
f 3561 3562 1940
f 1940 3562 1941
f 3562 3563 1941
f 1941 3563 1942
f 3563 3564 1942
f 1942 3564 1943
f 3564 3565 1943
f 1943 3565 1944
f 3565 3566 1944
f 1944 3566 1945
f 3566 3567 1945
f 1945 3567 1946
f 3567 3568 1946
f 1946 3568 1947
f 3568 3569 1947
f 1947 3569 1948
f 3569 3570 1948
f 1948 3570 1949
f 3570 3571 1949
f 1949 3571 1950
f 3571 3572 1950
f 1950 3572 1951
f 3572 3573 1951
f 1951 3573 1952
f 3573 3574 1952
f 1952 3574 1953
f 3574 3575 1953
f 1953 3575 1954
f 3575 3576 1954
f 1954 3576 1955
f 3576 3577 1955
f 1955 3577 1956
f 3577 3578 1956
f 1956 3578 1957
f 3578 3579 1957
f 1957 3579 1958
f 3579 3580 1958
f 1958 3580 1959
f 3580 3581 1959
f 1959 3581 1960
f 3581 3582 1960
f 1960 3582 1961
f 3582 3583 1961
f 1961 3583 1962
f 3583 3584 1962
f 1962 3584 1963
f 3584 3585 1963
f 1963 3585 1964
f 3585 3586 1964
f 1964 3586 1965
f 3586 3587 1965
f 1965 3587 1966
f 3587 3588 1966
f 1966 3588 1967
f 3588 3589 1967
f 1967 3589 1968
f 3589 3590 1968
f 1968 3590 1969
f 3590 3591 1969
f 1969 3591 1970
f 3591 3592 1970
f 1970 3592 1971
f 3592 3593 1971
f 1971 3593 1972
f 3593 3594 1972
f 1972 3594 1973
f 3594 3595 1973
f 1973 3595 1974
f 3595 3596 1974
f 1974 3596 1975
f 3596 3597 1975
f 1975 3597 1976
f 3597 3598 1976
f 1976 3598 1977
f 3598 3599 1977
f 1977 3599 1978
f 3599 3600 1978
f 1978 3600 1979
f 3600 3601 1979
f 1979 3601 1980
f 3601 3602 1980
f 1980 3602 1981
f 3602 3603 1981
f 1981 3603 1982
f 3603 3604 1982
f 1982 3604 1983
f 3604 3605 1983
f 1983 3605 1984
f 3605 3606 1984
f 1984 3606 1985
f 3606 3607 1985
f 1985 3607 1986
f 3607 3608 1986
f 1986 3608 1987
f 3608 3609 1987
f 1987 3609 1988
f 3609 3610 1988
f 1988 3610 1989
f 3610 3611 1989
f 1989 3611 1990
f 3611 3612 1990
f 1990 3612 1991
f 3612 3613 1991
f 1991 3613 1992
f 3613 3614 1992
f 1992 3614 1993
f 3614 3615 1993
f 1993 3615 1994
f 3615 3616 1994
f 1994 3616 1995
f 3616 3617 1995
f 1995 3617 1996
f 3617 3618 1996
f 1996 3618 1997
f 3618 3619 1997
f 1997 3619 1998
f 3619 3620 1998
f 1998 3620 1999
f 3620 3621 1999
f 1999 3621 2000
f 3621 3622 2000
f 2000 3622 2001
f 3622 3623 2001
f 2001 3623 2002
f 3623 3624 2002
f 2002 3624 2003
f 3624 3625 2003
f 2003 3625 2004
f 3625 3626 2004
f 2004 3626 2005
f 3626 3627 2005
f 2005 3627 2006
f 3627 3628 2006
f 2006 3628 2007
f 3628 3629 2007
f 2007 3629 2008
f 3629 3630 2008
f 2008 3630 2009
f 3630 3631 2009
f 2009 3631 2010
f 3631 3632 2010
f 2010 3632 2011
f 3632 3633 2011
f 2011 3633 2012
f 3633 3634 2012
f 2012 3634 2013
f 3634 3635 2013
f 2013 3635 2014
f 3635 3636 2014
f 2014 3636 2015
f 3636 3637 2015
f 2015 3637 2016
f 3637 3638 2016
f 2016 3638 2017
f 3638 3639 2017
f 2017 3639 2018
f 3639 3640 2018
f 2018 3640 2019
f 3640 3641 2019
f 2019 3641 2020
f 3641 3642 2020
f 2020 3642 2021
f 3642 3643 2021
f 2021 3643 2022
f 3643 3644 2022
f 2022 3644 2023
f 3644 3645 2023
f 2023 3645 2024
f 3645 3646 2024
f 2024 3646 2025
f 3646 3647 2025
f 2025 3647 2026
f 3647 3648 2026
f 2026 3648 2027
f 3648 3649 2027
f 2027 3649 2028
f 3649 3650 2028
f 2028 3650 2029
f 3650 3651 2029
f 2029 3651 2030
f 3651 3652 2030
f 2030 3652 2031
f 3652 3653 2031
f 2031 3653 2032
f 3653 3654 2032
f 2032 3654 2033
f 3654 3655 2033
f 2033 3655 2034
f 3655 3656 2034
f 2034 3656 2035
f 3656 3657 2035
f 2035 3657 2036
f 3657 3658 2036
f 2036 3658 2037
f 3658 3659 2037
f 2037 3659 2038
f 3659 3660 2038
f 2038 3660 2039
f 3660 3661 2039
f 2039 3661 2040
f 3661 3662 2040
f 2040 3662 2041
f 3662 3663 2041
f 2041 3663 2042
f 3663 3664 2042
f 2042 3664 2043
f 3664 3665 2043
f 2043 3665 2044
f 3665 3666 2044
f 2044 3666 2045
f 3666 3667 2045
f 2045 3667 2046
f 3667 3668 2046
f 2046 3668 2047
f 3668 3669 2047
f 2047 3669 2048
f 3669 3670 2048
f 2048 3670 2049
f 3670 3671 2049
f 2049 3671 2050
f 3671 3672 2050
f 2050 3672 2051
f 3672 3673 2051
f 2051 3673 2052
f 3673 3674 2052
f 2052 3674 2053
f 3674 3675 2053
f 2053 3675 2054
f 3675 3676 2054
f 2054 3676 2055
f 3676 3677 2055
f 2055 3677 2056
f 3677 3678 2056
f 2056 3678 2057
f 3678 3679 2057
f 2057 3679 2058
f 3679 3680 2058
f 2058 3680 2059
f 3680 3681 2059
f 2059 3681 2060
f 3681 3682 2060
f 2060 3682 2061
f 3682 3683 2061
f 2061 3683 2062
f 3683 3684 2062
f 2062 3684 2063
f 3684 3685 2063
f 2063 3685 2064
f 3685 3686 2064
f 2064 3686 2065
f 3686 3687 2065
f 2065 3687 2066
f 3687 3688 2066
f 2066 3688 2067
f 3688 3689 2067
f 2067 3689 2068
f 3689 3690 2068
f 2068 3690 2069
f 3690 3691 2069
f 2069 3691 2070
f 3691 3692 2070
f 2070 3692 2071
f 3692 3693 2071
f 2071 3693 2072
f 3693 3694 2072
f 2072 3694 2073
f 3694 3695 2073
f 2073 3695 2074
f 3695 3696 2074
f 2074 3696 2075
f 3696 3697 2075
f 2075 3697 2076
f 3697 3698 2076
f 2076 3698 2077
f 3698 3699 2077
f 2077 3699 2078
f 3699 3700 2078
f 2078 3700 2079
f 3700 3701 2079
f 2079 3701 2080
f 3701 3702 2080
f 2080 3702 2081
f 3702 3703 2081
f 2081 3703 2082
f 3703 3704 2082
f 2082 3704 2083
f 3704 3705 2083
f 2083 3705 2084
f 3705 3706 2084
f 2084 3706 2085
f 3706 3707 2085
f 2085 3707 2086
f 3707 3708 2086
f 2086 3708 2087
f 3708 3709 2087
f 2087 3709 2088
f 3709 3710 2088
f 2088 3710 2089
f 3710 3711 2089
f 2089 3711 2090
f 3711 3712 2090
f 2090 3712 2091
f 3712 3713 2091
f 2091 3713 2092
f 3713 3714 2092
f 2092 3714 2093
f 3714 3715 2093
f 2093 3715 2094
f 3715 3716 2094
f 2094 3716 2095
f 3716 3717 2095
f 2095 3717 2096
f 3717 3718 2096
f 2096 3718 2097
f 3718 3719 2097
f 2097 3719 2098
f 3719 3720 2098
f 2098 3720 2099
f 3720 3721 2099
f 2099 3721 2100
f 3721 3722 2100
f 2100 3722 2101
f 3722 3723 2101
f 2101 3723 2102
f 3723 3724 2102
f 2102 3724 2103
f 3724 3725 2103
f 2103 3725 2104
f 3725 3726 2104
f 2104 3726 2105
f 3726 3727 2105
f 2105 3727 2106
f 3727 3728 2106
f 2106 3728 2107
f 3728 3729 2107
f 2107 3729 2108
f 3729 3730 2108
f 2108 3730 2109
f 3730 3731 2109
f 2109 3731 2110
f 3731 3732 2110
f 2110 3732 2111
f 3732 3733 2111
f 2111 3733 2112
f 3733 3734 2112
f 2112 3734 2113
f 3734 3735 2113
f 2113 3735 2114
f 3735 3736 2114
f 2114 3736 2115
f 3736 3737 2115
f 2115 3737 2116
f 3737 3738 2116
f 2116 3738 2117
f 3738 3739 2117
f 2117 3739 2118
f 3739 3740 2118
f 2118 3740 2119
f 3740 3741 2119
f 2119 3741 2120
f 3741 3742 2120
f 2120 3742 2121
f 3742 3743 2121
f 2121 3743 2122
f 3743 3744 2122
f 2122 3744 2123
f 3744 3745 2123
f 2123 3745 2124
f 3745 3746 2124
f 2124 3746 2125
f 3746 3747 2125
f 2125 3747 2126
f 3747 3748 2126
f 2126 3748 2127
f 3748 3749 2127
f 2127 3749 2128
f 3749 3750 2128
f 2128 3750 2129
f 3750 3751 2129
f 2129 3751 2130
f 3751 3752 2130
f 2130 3752 2131
f 3752 3753 2131
f 2131 3753 2132
f 3753 3754 2132
f 2132 3754 2133
f 3754 3755 2133
f 2133 3755 2134
f 3755 3756 2134
f 2134 3756 2135
f 3756 3757 2135
f 2135 3757 2136
f 3757 3758 2136
f 2136 3758 2137
f 3758 3759 2137
f 2137 3759 2138
f 3759 3760 2138
f 2138 3760 2139
f 3760 3761 2139
f 2139 3761 2140
f 3761 3762 2140
f 2140 3762 2141
f 3762 3763 2141
f 2141 3763 2142
f 3763 3764 2142
f 2142 3764 2143
f 3764 3765 2143
f 2143 3765 2144
f 3765 3766 2144
f 2144 3766 2145
f 3766 3767 2145
f 2145 3767 2146
f 3767 3768 2146
f 2146 3768 2147
f 3768 3769 2147
f 2147 3769 2148
f 3769 3770 2148
f 2148 3770 2149
f 3770 3771 2149
f 2149 3771 2150
f 3771 3772 2150
f 2150 3772 2151
f 3772 3773 2151
f 2151 3773 2152
f 3773 3774 2152
f 2152 3774 2153
f 3774 3775 2153
f 2153 3775 2154
f 3775 3776 2154
f 2154 3776 2155
f 3776 3777 2155
f 2155 3777 2156
f 3777 3778 2156
f 2156 3778 2157
f 3778 3779 2157
f 2157 3779 2158
f 3779 3780 2158
f 2158 3780 2159
f 3780 3781 2159
f 2159 3781 2160
f 3781 3782 2160
f 2160 3782 2161
f 3782 3783 2161
f 2161 3783 2162
f 3783 3784 2162
f 2162 3784 2163
f 3784 3785 2163
f 2163 3785 2164
f 3785 3786 2164
f 2164 3786 2165
f 3786 3787 2165
f 2165 3787 2166
f 3787 3788 2166
f 2166 3788 2167
f 3788 3789 2167
f 2167 3789 2168
f 3789 3790 2168
f 2168 3790 2169
f 3790 3791 2169
f 2169 3791 2170
f 3791 3792 2170
f 2170 3792 2171
f 3792 3793 2171
f 2171 3793 2172
f 3793 3794 2172
f 2172 3794 2173
f 3794 3795 2173
f 2173 3795 2174
f 3795 3796 2174
f 2174 3796 2175
f 3796 3797 2175
f 2175 3797 2176
f 3797 3798 2176
f 2176 3798 2177
f 3798 3799 2177
f 2177 3799 2178
f 3799 3800 2178
f 2178 3800 2179
f 3800 3801 2179
f 2179 3801 2180
f 3801 3802 2180
f 2180 3802 2181
f 3802 3803 2181
f 2181 3803 2182
f 3803 3804 2182
f 2182 3804 2183
f 3804 3805 2183
f 2183 3805 2184
f 3805 3806 2184
f 2184 3806 2185
f 3806 3807 2185
f 2185 3807 2186
f 3807 3808 2186
f 2186 3808 2187
f 3808 3809 2187
f 2187 3809 2188
f 3809 3810 2188
f 2188 3810 2189
f 3810 3811 2189
f 2189 3811 2190
f 3811 3812 2190
f 2190 3812 2191
f 3812 3813 2191
f 2191 3813 2192
f 3813 3814 2192
f 2192 3814 2193
f 3814 3815 2193
f 2193 3815 2194
f 3815 3816 2194
f 2194 3816 2195
f 3816 3817 2195
f 2195 3817 2196
f 3817 3818 2196
f 2196 3818 2197
f 3818 3819 2197
f 2197 3819 2198
f 3819 3820 2198
f 2198 3820 2199
f 3820 3821 2199
f 2199 3821 2200
f 3821 3822 2200
f 2200 3822 2201
f 3822 3823 2201
f 2201 3823 2202
f 3823 3824 2202
f 2202 3824 2203
f 3824 3825 2203
f 2203 3825 2204
f 3825 3826 2204
f 2204 3826 2205
f 3826 3827 2205
f 2205 3827 2206
f 3827 3828 2206
f 2206 3828 2207
f 3828 3829 2207
f 2207 3829 2208
f 3829 3830 2208
f 2208 3830 2209
f 3830 3831 2209
f 2209 3831 2210
f 3831 3832 2210
f 2210 3832 2211
f 3832 3833 2211
f 2211 3833 2212
f 3833 3834 2212
f 2212 3834 2213
f 3834 3835 2213
f 2213 3835 2214
f 3835 3836 2214
f 2214 3836 2215
f 3836 3837 2215
f 2215 3837 2216
f 3837 3838 2216
f 2216 3838 2217
f 3838 3839 2217
f 2217 3839 2218
f 3839 3840 2218
f 2218 3840 2219
f 3840 3841 2219
f 2219 3841 2220
f 3841 3842 2220
f 2220 3842 2221
f 3842 3843 2221
f 2221 3843 2222
f 3843 3844 2222
f 2222 3844 2223
f 3844 3845 2223
f 2223 3845 2224
f 3845 3846 2224
f 2224 3846 2225
f 3846 3847 2225
f 2225 3847 2226
f 3847 3848 2226
f 2226 3848 2227
f 3848 3849 2227
f 2227 3849 2228
f 3849 3850 2228
f 2228 3850 2229
f 3850 3851 2229
f 2229 3851 2230
f 3851 3852 2230
f 2230 3852 2231
f 3852 3853 2231
f 2231 3853 2232
f 3853 3854 2232
f 2232 3854 2233
f 3854 3855 2233
f 2233 3855 2234
f 3855 3856 2234
f 2234 3856 2235
f 3856 3857 2235
f 2235 3857 2236
f 3857 3858 2236
f 2236 3858 2237
f 3858 3859 2237
f 2237 3859 2238
f 3859 3860 2238
f 2238 3860 2239
f 3860 3861 2239
f 2239 3861 2240
f 3861 3862 2240
f 2240 3862 2241
f 3862 3863 2241
f 2241 3863 2242
f 3863 3864 2242
f 2242 3864 2243
f 3864 3865 2243
f 2243 3865 2244
f 3865 3866 2244
f 2244 3866 2245
f 3866 3867 2245
f 2245 3867 2246
f 3867 3868 2246
f 2246 3868 2247
f 3868 3869 2247
f 2247 3869 2248
f 3869 3870 2248
f 2248 3870 2249
f 3870 3871 2249
f 2249 3871 2250
f 3871 3872 2250
f 2250 3872 2251
f 3872 3873 2251
f 2251 3873 2252
f 3873 3874 2252
f 2252 3874 2253
f 3874 3875 2253
f 2253 3875 2254
f 3875 3876 2254
f 2254 3876 2255
f 3876 3877 2255
f 2255 3877 2256
f 3877 3878 2256
f 2256 3878 2257
f 3878 3879 2257
f 2257 3879 2258
f 3879 3880 2258
f 2258 3880 2259
f 3880 3881 2259
f 2259 3881 2260
f 3881 3882 2260
f 2260 3882 2261
f 3882 3883 2261
f 2261 3883 2262
f 3883 3884 2262
f 2262 3884 2263
f 3884 3885 2263
f 2263 3885 2264
f 3885 3886 2264
f 2264 3886 2265
f 3886 3887 2265
f 2265 3887 2266
f 3887 3888 2266
f 2266 3888 2267
f 3888 3889 2267
f 2267 3889 2268
f 3889 3890 2268
f 2268 3890 2269
f 3890 3891 2269
f 2269 3891 2270
f 3891 3892 2270
f 2270 3892 2271
f 3892 3893 2271
f 2271 3893 2272
f 3893 3894 2272
f 2272 3894 2273
f 3894 3895 2273
f 2273 3895 2274
f 3895 3896 2274
f 2274 3896 2275
f 3896 3897 2275
f 2275 3897 2276
f 3897 3898 2276
f 2276 3898 2277
f 3898 3899 2277
f 2277 3899 2278
f 3899 3900 2278
f 2278 3900 2279
f 3900 3901 2279
f 2279 3901 2280
f 3901 3902 2280
f 2280 3902 2281
f 3902 3903 2281
f 2281 3903 2282
f 3903 3904 2282
f 2282 3904 2283
f 3904 3905 2283
f 2283 3905 2284
f 3905 3906 2284
f 2284 3906 2285
f 3906 3907 2285
f 2285 3907 2286
f 3907 3908 2286
f 2286 3908 2287
f 3908 3909 2287
f 2287 3909 2288
f 3909 3910 2288
f 2288 3910 2289
f 3910 3911 2289
f 2289 3911 2290
f 3911 3912 2290
f 2290 3912 2291
f 3912 3913 2291
f 2291 3913 2292
f 3913 3914 2292
f 2292 3914 2293
f 3914 3915 2293
f 2293 3915 2294
f 3915 3916 2294
f 2294 3916 2295
f 3916 3917 2295
f 2295 3917 2296
f 3917 3918 2296
f 2296 3918 2297
f 3918 3919 2297
f 2297 3919 2298
f 3919 3920 2298
f 2298 3920 2299
f 3920 3921 2299
f 2299 3921 2300
f 3921 3922 2300
f 2300 3922 2301
f 3922 3923 2301
f 2301 3923 2302
f 3923 3924 2302
f 2302 3924 2303
f 3924 3925 2303
f 2303 3925 2304
f 3925 3926 2304
f 2304 3926 2305
f 3926 3927 2305
f 2305 3927 2306
f 3927 3928 2306
f 2306 3928 2307
f 3928 3929 2307
f 2307 3929 2308
f 3929 3930 2308
f 2308 3930 2309
f 3930 3931 2309
f 2309 3931 2310
f 3931 3932 2310
f 2310 3932 2311
f 3932 3933 2311
f 2311 3933 2312
f 3933 3934 2312
f 2312 3934 2313
f 3934 3935 2313
f 2313 3935 2314
f 3935 3936 2314
f 2314 3936 2315
f 3936 3937 2315
f 2315 3937 2316
f 3937 3938 2316
f 2316 3938 2317
f 3938 3939 2317
f 2317 3939 2318
f 3939 3940 2318
f 2318 3940 2319
f 3940 3941 2319
f 2319 3941 2320
f 3941 3942 2320
f 2320 3942 2321
f 3942 3943 2321
f 2321 3943 2322
f 3943 3944 2322
f 2322 3944 2323
f 3944 3945 2323
f 2323 3945 2324
f 3945 3946 2324
f 2324 3946 2325
f 3946 3947 2325
f 2325 3947 2326
f 3947 3948 2326
f 2326 3948 2327
f 3948 3949 2327
f 2327 3949 2328
f 3949 3950 2328
f 2328 3950 2329
f 3950 3951 2329
f 2329 3951 2330
f 3951 3952 2330
f 2330 3952 2331
f 3952 3953 2331
f 2331 3953 2332
f 3953 3954 2332
f 2332 3954 2333
f 3954 3955 2333
f 2333 3955 2334
f 3955 3956 2334
f 2334 3956 2335
f 3956 3957 2335
f 2335 3957 2336
f 3957 3958 2336
f 2336 3958 2337
f 3958 3959 2337
f 2337 3959 2338
f 3959 3960 2338
f 2338 3960 2339
f 3960 3961 2339
f 2339 3961 2340
f 3961 3962 2340
f 2340 3962 2341
f 3962 3963 2341
f 2341 3963 2342
f 3963 3964 2342
f 2342 3964 2343
f 3964 3965 2343
f 2343 3965 2344
f 3965 3966 2344
f 2344 3966 2345
f 3966 3967 2345
f 2345 3967 2346
f 3967 3968 2346
f 2346 3968 2347
f 3968 3969 2347
f 2347 3969 2348
f 3969 3970 2348
f 2348 3970 2349
f 3970 3971 2349
f 2349 3971 2350
f 3971 3972 2350
f 2350 3972 2351
f 3972 3973 2351
f 2351 3973 2352
f 3973 3974 2352
f 2352 3974 2353
f 3974 3975 2353
f 2353 3975 2354
f 3975 3976 2354
f 2354 3976 2355
f 3976 3977 2355
f 2355 3977 2356
f 3977 3978 2356
f 2356 3978 2357
f 3978 3979 2357
f 2357 3979 2358
f 3979 3980 2358
f 2358 3980 2359
f 3980 3981 2359
f 2359 3981 2360
f 3981 3982 2360
f 2360 3982 2361
f 3982 3983 2361
f 2361 3983 2362
f 3983 3984 2362
f 2362 3984 2363
f 3984 3985 2363
f 2363 3985 2364
f 3985 3986 2364
f 2364 3986 2365
f 3986 3987 2365
f 2365 3987 2366
f 3987 3988 2366
f 2366 3988 2367
f 3988 3989 2367
f 2367 3989 2368
f 3989 3990 2368
f 2368 3990 2369
f 3990 3991 2369
f 2369 3991 2370
f 3991 3992 2370
f 2370 3992 2371
f 3992 3993 2371
f 2371 3993 2372
f 3993 3994 2372
f 2372 3994 2373
f 3994 3995 2373
f 2373 3995 2374
f 3995 3996 2374
f 2374 3996 2375
f 3996 3997 2375
f 2375 3997 2376
f 3997 3998 2376
f 2376 3998 2377
f 3998 3999 2377
f 2377 3999 2378
f 3999 4000 2378
f 2378 4000 2379
f 4000 4001 2379
f 2379 4001 2380
f 4001 4002 2380
f 2380 4002 2381
f 4002 4003 2381
f 2381 4003 2382
f 4003 4004 2382
f 2382 4004 2383
f 4004 4005 2383
f 2383 4005 2384
f 4005 4006 2384
f 2384 4006 2385
f 4006 4007 2385
f 2385 4007 2386
f 4007 4008 2386
f 2386 4008 2387
f 4008 4009 2387
f 2387 4009 2388
f 4009 4010 2388
f 2388 4010 2389
f 4010 4011 2389
f 2389 4011 2390
f 4011 4012 2390
f 2390 4012 2391
f 4012 4013 2391
f 2391 4013 2392
f 4013 4014 2392
f 2392 4014 2393
f 4014 4015 2393
f 2393 4015 2394
f 4015 4016 2394
f 2394 4016 2395
f 4016 4017 2395
f 2395 4017 2396
f 4017 4018 2396
f 2396 4018 2397
f 4018 4019 2397
f 2397 4019 2398
f 4019 4020 2398
f 2398 4020 2399
f 4020 4021 2399
f 2399 4021 2400
f 4021 4022 2400
f 2400 4022 2401
f 4022 4023 2401
f 2401 4023 2402
f 4023 4024 2402
f 2402 4024 2403
f 4024 4025 2403
f 2403 4025 2404
f 4025 4026 2404
f 2404 4026 2405
f 4026 4027 2405
f 2405 4027 2406
f 4027 4028 2406
f 2406 4028 2407
f 4028 4029 2407
f 2407 4029 2408
f 4029 4030 2408
f 2408 4030 2409
f 4030 4031 2409
f 2409 4031 2410
f 4031 4032 2410
f 2410 4032 2411
f 4032 4033 2411
f 2411 4033 2412
f 4033 4034 2412
f 2412 4034 2413
f 4034 4035 2413
f 2413 4035 2414
f 4035 4036 2414
f 2414 4036 2415
f 4036 4037 2415
f 2415 4037 2416
f 4037 4038 2416
f 2416 4038 2417
f 4038 4039 2417
f 2417 4039 2418
f 4039 4040 2418
f 2418 4040 2419
f 4040 4041 2419
f 2419 4041 2420
f 4041 4042 2420
f 2420 4042 2421
f 4042 4043 2421
f 2421 4043 2422
f 4043 4044 2422
f 2422 4044 2423
f 4044 4045 2423
f 2423 4045 2424
f 4045 4046 2424
f 2424 4046 2425
f 4046 4047 2425
f 2425 4047 2426
f 4047 4048 2426
f 2426 4048 2427
f 4048 4049 2427
f 2427 4049 2428
f 4049 4050 2428
f 2428 4050 2429
f 4050 4051 2429
f 2429 4051 2430
f 4051 4052 2430
f 2430 4052 2431
f 4052 4053 2431
f 2431 4053 2432
f 4053 4054 2432
f 2432 4054 2433
f 4054 4055 2433
f 2433 4055 2434
f 4055 4056 2434
f 2434 4056 2435
f 4056 4057 2435
f 2435 4057 2436
f 4057 4058 2436
f 2436 4058 2437
f 4058 4059 2437
f 2437 4059 2438
f 4059 4060 2438
f 2438 4060 2439
f 4060 4061 2439
f 2439 4061 2440
f 4061 4062 2440
f 2440 4062 2441
f 4062 4063 2441
f 2441 4063 2442
f 4063 4064 2442
f 2442 4064 2443
f 4064 4065 2443
f 2443 4065 2444
f 4065 4066 2444
f 2444 4066 2445
f 4066 4067 2445
f 2445 4067 2446
f 4067 4068 2446
f 2446 4068 2447
f 4068 4069 2447
f 2447 4069 2448
f 4069 4070 2448
f 2448 4070 2449
f 4070 4071 2449
f 2449 4071 2450
f 4071 4072 2450
f 2450 4072 2451
f 4072 4073 2451
f 2451 4073 2452
f 4073 4074 2452
f 2452 4074 2453
f 4074 4075 2453
f 2453 4075 2454
f 4075 4076 2454
f 2454 4076 2455
f 4076 4077 2455
f 2455 4077 2456
f 4077 4078 2456
f 2456 4078 2457
f 4078 4079 2457
f 2457 4079 2458
f 4079 4080 2458
f 2458 4080 2459
f 4080 4081 2459
f 2459 4081 2460
f 4081 4082 2460
f 2460 4082 2461
f 4082 4083 2461
f 2461 4083 2462
f 4083 4084 2462
f 2462 4084 2463
f 4084 4085 2463
f 2463 4085 2464
f 4085 4086 2464
f 2464 4086 2465
f 4086 4087 2465
f 2465 4087 2466
f 4087 4088 2466
f 2466 4088 2467
f 4088 4089 2467
f 2467 4089 2468
f 4089 4090 2468
f 2468 4090 2469
f 4090 4091 2469
f 2469 4091 2470
f 4091 4092 2470
f 2470 4092 2471
f 4092 4093 2471
f 2471 4093 2472
f 4093 4094 2472
f 2472 4094 2473
f 4094 4095 2473
f 2473 4095 2474
f 4095 4096 2474
f 2474 4096 2475
f 4096 4097 2475
f 2475 4097 2476
f 4097 4098 2476
f 2476 4098 2477
f 4098 4099 2477
f 2477 4099 2478
f 4099 4100 2478
f 2478 4100 2479
f 4100 4101 2479
f 2479 4101 2480
f 4101 4102 2480
f 2480 4102 2481
f 4102 4103 2481
f 2481 4103 2482
f 4103 4104 2482
f 2482 4104 2483
f 4104 4105 2483
f 2483 4105 2484
f 4105 4106 2484
f 2484 4106 2485
f 4106 4107 2485
f 2485 4107 2486
f 4107 4108 2486
f 2486 4108 2487
f 4108 4109 2487
f 2487 4109 2488
f 4109 4110 2488
f 2488 4110 2489
f 4110 4111 2489
f 2489 4111 2490
f 4111 4112 2490
f 2490 4112 2491
f 4112 4113 2491
f 2491 4113 2492
f 4113 4114 2492
f 2492 4114 2493
f 4114 4115 2493
f 2493 4115 2494
f 4115 4116 2494
f 2494 4116 2495
f 4116 4117 2495
f 2495 4117 2496
f 4117 4118 2496
f 2496 4118 2497
f 4118 4119 2497
f 2497 4119 2498
f 4119 4120 2498
f 2498 4120 2499
f 4120 4121 2499
f 2499 4121 2500
f 4121 4122 2500
f 2500 4122 2501
f 4122 4123 2501
f 2501 4123 2502
f 4123 4124 2502
f 2502 4124 2503
f 4124 4125 2503
f 2503 4125 2504
f 4125 4126 2504
f 2504 4126 2505
f 4126 4127 2505
f 2505 4127 2506
f 4127 4128 2506
f 2506 4128 2507
f 4128 4129 2507
f 2507 4129 2508
f 4129 4130 2508
f 2508 4130 2509
f 4130 4131 2509
f 2509 4131 2510
f 4131 4132 2510
f 2510 4132 2511
f 4132 4133 2511
f 2511 4133 2512
f 4133 4134 2512
f 2512 4134 2513
f 4134 4135 2513
f 2513 4135 2514
f 4135 4136 2514
f 2514 4136 2515
f 4136 4137 2515
f 2515 4137 2516
f 4137 4138 2516
f 2516 4138 2517
f 4138 4139 2517
f 2517 4139 2518
f 4139 4140 2518
f 2518 4140 2519
f 4140 4141 2519
f 2519 4141 2520
f 4141 4142 2520
f 2520 4142 2521
f 4142 4143 2521
f 2521 4143 2522
f 4143 4144 2522
f 2522 4144 2523
f 4144 4145 2523
f 2523 4145 2524
f 4145 4146 2524
f 2524 4146 2525
f 4146 4147 2525
f 2525 4147 2526
f 4147 4148 2526
f 2526 4148 2527
f 4148 4149 2527
f 2527 4149 2528
f 4149 4150 2528
f 2528 4150 2529
f 4150 4151 2529
f 2529 4151 2530
f 4151 4152 2530
f 2530 4152 2531
f 4152 4153 2531
f 2531 4153 2532
f 4153 4154 2532
f 2532 4154 2533
f 4154 4155 2533
f 2533 4155 2534
f 4155 4156 2534
f 2534 4156 2535
f 4156 4157 2535
f 2535 4157 2536
f 4157 4158 2536
f 2536 4158 2537
f 4158 4159 2537
f 2537 4159 2538
f 4159 4160 2538
f 2538 4160 2539
f 4160 4161 2539
f 2539 4161 2540
f 4161 4162 2540
f 2540 4162 2541
f 4162 4163 2541
f 2541 4163 2542
f 4163 4164 2542
f 2542 4164 2543
f 4164 4165 2543
f 2543 4165 2544
f 4165 4166 2544
f 2544 4166 2545
f 4166 4167 2545
f 2545 4167 2546
f 4167 4168 2546
f 2546 4168 2547
f 4168 4169 2547
f 2547 4169 2548
f 4169 4170 2548
f 2548 4170 2549
f 4170 4171 2549
f 2549 4171 2550
f 4171 4172 2550
f 2550 4172 2551
f 4172 4173 2551
f 2551 4173 2552
f 4173 4174 2552
f 2552 4174 2553
f 4174 4175 2553
f 2553 4175 2554
f 4175 4176 2554
f 2554 4176 2555
f 4176 4177 2555
f 2555 4177 2556
f 4177 4178 2556
f 2556 4178 2557
f 4178 4179 2557
f 2557 4179 2558
f 4179 4180 2558
f 2558 4180 2559
f 4180 4181 2559
f 2559 4181 2560
f 4181 4182 2560
f 2560 4182 2561
f 4182 4183 2561
f 2561 4183 2562
f 4183 4184 2562
f 2562 4184 2563
f 4184 4185 2563
f 2563 4185 2564
f 4185 4186 2564
f 2564 4186 2565
f 4186 4187 2565
f 2565 4187 2566
f 4187 4188 2566
f 2566 4188 2567
f 4188 4189 2567
f 2567 4189 2568
f 4189 4190 2568
f 2568 4190 2569
f 4190 4191 2569
f 2569 4191 2570
f 4191 4192 2570
f 2570 4192 2571
f 4192 4193 2571
f 2571 4193 2572
f 4193 4194 2572
f 2572 4194 2573
f 4194 4195 2573
f 2573 4195 2574
f 4195 4196 2574
f 2574 4196 2575
f 4196 4197 2575
f 2575 4197 2576
f 4197 4198 2576
f 2576 4198 2577
f 4198 4199 2577
f 2577 4199 2578
f 4199 4200 2578
f 2578 4200 2579
f 4200 4201 2579
f 2579 4201 2580
f 4201 4202 2580
f 2580 4202 2581
f 4202 4203 2581
f 2581 4203 2582
f 4203 4204 2582
f 2582 4204 2583
f 4204 4205 2583
f 2583 4205 2584
f 4205 4206 2584
f 2584 4206 2585
f 4206 4207 2585
f 2585 4207 2586
f 4207 4208 2586
f 2586 4208 2587
f 4208 4209 2587
f 2587 4209 2588
f 4209 4210 2588
f 2588 4210 2589
f 4210 4211 2589
f 2589 4211 2590
f 4211 4212 2590
f 2590 4212 2591
f 4212 4213 2591
f 2591 4213 2592
f 4213 4214 2592
f 2592 4214 2593
f 4214 4215 2593
f 2593 4215 2594
f 4215 4216 2594
f 2594 4216 2595
f 4216 4217 2595
f 2595 4217 2596
f 4217 4218 2596
f 2596 4218 2597
f 4218 4219 2597
f 2597 4219 2598
f 4219 4220 2598
f 2598 4220 2599
f 4220 4221 2599
f 2599 4221 2600
f 4221 4222 2600
f 2600 4222 2601
f 4222 4223 2601
f 2601 4223 2602
f 4223 4224 2602
f 2602 4224 2603
f 4224 4225 2603
f 2603 4225 2604
f 4225 4226 2604
f 2604 4226 2605
f 4226 4227 2605
f 2605 4227 2606
f 4227 4228 2606
f 2606 4228 2607
f 4228 4229 2607
f 2607 4229 2608
f 4229 4230 2608
f 2608 4230 2609
f 4230 4231 2609
f 2609 4231 2610
f 4231 4232 2610
f 2610 4232 2611
f 4232 4233 2611
f 2611 4233 2612
f 4233 4234 2612
f 2612 4234 2613
f 4234 4235 2613
f 2613 4235 2614
f 4235 4236 2614
f 2614 4236 2615
f 4236 4237 2615
f 2615 4237 2616
f 4237 4238 2616
f 2616 4238 2617
f 4238 4239 2617
f 2617 4239 2618
f 4239 4240 2618
f 2618 4240 2619
f 4240 4241 2619
f 2619 4241 2620
f 4241 4242 2620
f 2620 4242 2621
f 4242 4243 2621
f 2621 4243 2622
f 4243 4244 2622
f 2622 4244 2623
f 4244 4245 2623
f 2623 4245 2624
f 4245 4246 2624
f 2624 4246 2625
f 4246 4247 2625
f 2625 4247 2626
f 4247 4248 2626
f 2626 4248 2627
f 4248 4249 2627
f 2627 4249 2628
f 4249 4250 2628
f 2628 4250 2629
f 4250 4251 2629
f 2629 4251 2630
f 4251 4252 2630
f 2630 4252 2631
f 4252 4253 2631
f 2631 4253 2632
f 4253 4254 2632
f 2632 4254 2633
f 4254 4255 2633
f 2633 4255 2634
f 4255 4256 2634
f 2634 4256 2635
f 4256 4257 2635
f 2635 4257 2636
f 4257 4258 2636
f 2636 4258 2637
f 4258 4259 2637
f 2637 4259 2638
f 4259 4260 2638
f 2638 4260 2639
f 4260 4261 2639
f 2639 4261 2640
f 4261 4262 2640
f 2640 4262 2641
f 4262 4263 2641
f 2641 4263 2642
f 4263 4264 2642
f 2642 4264 2643
f 4264 4265 2643
f 2643 4265 2644
f 4265 4266 2644
f 2644 4266 2645
f 4266 4267 2645
f 2645 4267 2646
f 4267 4268 2646
f 2646 4268 2647
f 4268 4269 2647
f 2647 4269 2648
f 4269 4270 2648
f 2648 4270 2649
f 4270 4271 2649
f 2649 4271 2650
f 4271 4272 2650
f 2650 4272 2651
f 4272 4273 2651
f 2651 4273 2652
f 4273 4274 2652
f 2652 4274 2653
f 4274 4275 2653
f 2653 4275 2654
f 4275 4276 2654
f 2654 4276 2655
f 4276 4277 2655
f 2655 4277 2656
f 4277 4278 2656
f 2656 4278 2657
f 4278 4279 2657
f 2657 4279 2658
f 4279 4280 2658
f 2658 4280 2659
f 4280 4281 2659
f 2659 4281 2660
f 4281 4282 2660
f 2660 4282 2661
f 4282 4283 2661
f 2661 4283 2662
f 4283 4284 2662
f 2662 4284 2663
f 4284 4285 2663
f 2663 4285 2664
f 4285 4286 2664
f 2664 4286 2665
f 4286 4287 2665
f 2665 4287 2666
f 4287 4288 2666
f 2666 4288 2667
f 4288 4289 2667
f 2667 4289 2668
f 4289 4290 2668
f 2668 4290 2669
f 4290 4291 2669
f 2669 4291 2670
f 4291 4292 2670
f 2670 4292 2671
f 4292 4293 2671
f 2671 4293 2672
f 4293 4294 2672
f 2672 4294 2673
f 4294 4295 2673
f 2673 4295 2674
f 4295 4296 2674
f 2674 4296 2675
f 4296 4297 2675
f 2675 4297 2676
f 4297 4298 2676
f 2676 4298 2677
f 4298 4299 2677
f 2677 4299 2678
f 4299 4300 2678
f 2678 4300 2679
f 4300 4301 2679
f 2679 4301 2680
f 4301 4302 2680
f 2680 4302 2681
f 4302 4303 2681
f 2681 4303 2682
f 4303 4304 2682
f 2682 4304 2683
f 4304 4305 2683
f 2683 4305 2684
f 4305 4306 2684
f 2684 4306 2685
f 4306 4307 2685
f 2685 4307 2686
f 4307 4308 2686
f 2686 4308 2687
f 4308 4309 2687
f 2687 4309 2688
f 4309 4310 2688
f 2688 4310 2689
f 4310 4311 2689
f 2689 4311 2690
f 4311 4312 2690
f 2690 4312 2691
f 4312 4313 2691
f 2691 4313 2692
f 4313 4314 2692
f 2692 4314 2693
f 4314 4315 2693
f 2693 4315 2694
f 4315 4316 2694
f 2694 4316 2695
f 4316 4317 2695
f 2695 4317 2696
f 4317 4318 2696
f 2696 4318 2697
f 4318 4319 2697
f 2697 4319 2698
f 4319 4320 2698
f 2698 4320 2699
f 4320 4321 2699
f 2699 4321 2700
f 4321 4322 2700
f 2700 4322 2701
f 4322 4323 2701
f 2701 4323 2702
f 4323 4324 2702
f 2702 4324 2703
f 4324 4325 2703
f 2703 4325 2704
f 4325 4326 2704
f 2704 4326 2705
f 4326 4327 2705
f 2705 4327 2706
f 4327 4328 2706
f 2706 4328 2707
f 4328 4329 2707
f 2707 4329 2708
f 4329 4330 2708
f 2708 4330 2709
f 4330 4331 2709
f 2709 4331 2710
f 4331 4332 2710
f 2710 4332 2711
f 4332 4333 2711
f 2711 4333 2712
f 4333 4334 2712
f 2712 4334 2713
f 4334 4335 2713
f 2713 4335 2714
f 4335 4336 2714
f 2714 4336 2715
f 4336 4337 2715
f 2715 4337 2716
f 4337 4338 2716
f 2716 4338 2717
f 4338 4339 2717
f 2717 4339 2718
f 4339 4340 2718
f 2718 4340 2719
f 4340 4341 2719
f 2719 4341 2720
f 4341 4342 2720
f 2720 4342 2721
f 4342 4343 2721
f 2721 4343 2722
f 4343 4344 2722
f 2722 4344 2723
f 4344 4345 2723
f 2723 4345 2724
f 4345 4346 2724
f 2724 4346 2725
f 4346 4347 2725
f 2725 4347 2726
f 4347 4348 2726
f 2726 4348 2727
f 4348 4349 2727
f 2727 4349 2728
f 4349 4350 2728
f 2728 4350 2729
f 4350 4351 2729
f 2729 4351 2730
f 4351 4352 2730
f 2730 4352 2731
f 4352 4353 2731
f 2731 4353 2732
f 4353 4354 2732
f 2732 4354 2733
f 4354 4355 2733
f 2733 4355 2734
f 4355 4356 2734
f 2734 4356 2735
f 4356 4357 2735
f 2735 4357 2736
f 4357 4358 2736
f 2736 4358 2737
f 4358 4359 2737
f 2737 4359 2738
f 4359 4360 2738
f 2738 4360 2739
f 4360 4361 2739
f 2739 4361 2740
f 4361 4362 2740
f 2740 4362 2741
f 4362 4363 2741
f 2741 4363 2742
f 4363 4364 2742
f 2742 4364 2743
f 4364 4365 2743
f 2743 4365 2744
f 4365 4366 2744
f 2744 4366 2745
f 4366 4367 2745
f 2745 4367 2746
f 4367 4368 2746
f 2746 4368 2747
f 4368 4369 2747
f 2747 4369 2748
f 4369 4370 2748
f 2748 4370 2749
f 4370 4371 2749
f 2749 4371 2750
f 4371 4372 2750
f 2750 4372 2751
f 4372 4373 2751
f 2751 4373 2752
f 4373 4374 2752
f 2752 4374 2753
f 4374 4375 2753
f 2753 4375 2754
f 4375 4376 2754
f 2754 4376 2755
f 4376 4377 2755
f 2755 4377 2756
f 4377 4378 2756
f 2756 4378 2757
f 4378 4379 2757
f 2757 4379 2758
f 4379 4380 2758
f 2758 4380 2759
f 4380 4381 2759
f 2759 4381 2760
f 4381 4382 2760
f 2760 4382 2761
f 4382 4383 2761
f 2761 4383 2762
f 4383 4384 2762
f 2762 4384 2763
f 4384 4385 2763
f 2763 4385 2764
f 4385 4386 2764
f 2764 4386 2765
f 4386 4387 2765
f 2765 4387 2766
f 4387 4388 2766
f 2766 4388 2767
f 4388 4389 2767
f 2767 4389 2768
f 4389 4390 2768
f 2768 4390 2769
f 4390 4391 2769
f 2769 4391 2770
f 4391 4392 2770
f 2770 4392 2771
f 4392 4393 2771
f 2771 4393 2772
f 4393 4394 2772
f 2772 4394 2773
f 4394 4395 2773
f 2773 4395 2774
f 4395 4396 2774
f 2774 4396 2775
f 4396 4397 2775
f 2775 4397 2776
f 4397 4398 2776
f 2776 4398 2777
f 4398 4399 2777
f 2777 4399 2778
f 4399 4400 2778
f 2778 4400 2779
f 4400 4401 2779
f 2779 4401 2780
f 4401 4402 2780
f 2780 4402 2781
f 4402 4403 2781
f 2781 4403 2782
f 4403 4404 2782
f 2782 4404 2783
f 4404 4405 2783
f 2783 4405 2784
f 4405 4406 2784
f 2784 4406 2785
f 4406 4407 2785
f 2785 4407 2786
f 4407 4408 2786
f 2786 4408 2787
f 4408 4409 2787
f 2787 4409 2788
f 4409 4410 2788
f 2788 4410 2789
f 4410 4411 2789
f 2789 4411 2790
f 4411 4412 2790
f 2790 4412 2791
f 4412 4413 2791
f 2791 4413 2792
f 4413 4414 2792
f 2792 4414 2793
f 4414 4415 2793
f 2793 4415 2794
f 4415 4416 2794
f 2794 4416 2795
f 4416 4417 2795
f 2795 4417 2796
f 4417 4418 2796
f 2796 4418 2797
f 4418 4419 2797
f 2797 4419 2798
f 4419 4420 2798
f 2798 4420 2799
f 4420 4421 2799
f 2799 4421 2800
f 4421 4422 2800
f 2800 4422 2801
f 4422 4423 2801
f 2801 4423 2802
f 4423 4424 2802
f 2802 4424 2803
f 4424 4425 2803
f 2803 4425 2804
f 4425 4426 2804
f 2804 4426 2805
f 4426 4427 2805
f 2805 4427 2806
f 4427 4428 2806
f 2806 4428 2807
f 4428 4429 2807
f 2807 4429 2808
f 4429 4430 2808
f 2808 4430 2809
f 4430 4431 2809
f 2809 4431 2810
f 4431 4432 2810
f 2810 4432 2811
f 4432 4433 2811
f 2811 4433 2812
f 4433 4434 2812
f 2812 4434 2813
f 4434 4435 2813
f 2813 4435 2814
f 4435 4436 2814
f 2814 4436 2815
f 4436 4437 2815
f 2815 4437 2816
f 4437 4438 2816
f 2816 4438 2817
f 4438 4439 2817
f 2817 4439 2818
f 4439 4440 2818
f 2818 4440 2819
f 4440 4441 2819
f 2819 4441 2820
f 4441 4442 2820
f 2820 4442 2821
f 4442 4443 2821
f 2821 4443 2822
f 4443 4444 2822
f 2822 4444 2823
f 4444 4445 2823
f 2823 4445 2824
f 4445 4446 2824
f 2824 4446 2825
f 4446 4447 2825
f 2825 4447 2826
f 4447 4448 2826
f 2826 4448 2827
f 4448 4449 2827
f 2827 4449 2828
f 4449 4450 2828
f 2828 4450 2829
f 4450 4451 2829
f 2829 4451 2830
f 4451 4452 2830
f 2830 4452 2831
f 4452 4453 2831
f 2831 4453 2832
f 4453 4454 2832
f 2832 4454 2833
f 4454 4455 2833
f 2833 4455 2834
f 4455 4456 2834
f 2834 4456 2835
f 4456 4457 2835
f 2835 4457 2836
f 4457 4458 2836
f 2836 4458 2837
f 4458 4459 2837
f 2837 4459 2838
f 4459 4460 2838
f 2838 4460 2839
f 4460 4461 2839
f 2839 4461 2840
f 4461 4462 2840
f 2840 4462 2841
f 4462 4463 2841
f 2841 4463 2842
f 4463 4464 2842
f 2842 4464 2843
f 4464 4465 2843
f 2843 4465 2844
f 4465 4466 2844
f 2844 4466 2845
f 4466 4467 2845
f 2845 4467 2846
f 4467 4468 2846
f 2846 4468 2847
f 4468 4469 2847
f 2847 4469 2848
f 4469 4470 2848
f 2848 4470 2849
f 4470 4471 2849
f 2849 4471 2850
f 4471 4472 2850
f 2850 4472 2851
f 4472 4473 2851
f 2851 4473 2852
f 4473 4474 2852
f 2852 4474 2853
f 4474 4475 2853
f 2853 4475 2854
f 4475 4476 2854
f 2854 4476 2855
f 4476 4477 2855
f 2855 4477 2856
f 4477 4478 2856
f 2856 4478 2857
f 4478 4479 2857
f 2857 4479 2858
f 4479 4480 2858
f 2858 4480 2859
f 4480 4481 2859
f 2859 4481 2860
f 4481 4482 2860
f 2860 4482 2861
f 4482 4483 2861
f 2861 4483 2862
f 4483 4484 2862
f 2862 4484 2863
f 4484 4485 2863
f 2863 4485 2864
f 4485 4486 2864
f 2864 4486 2865
f 4486 4487 2865
f 2865 4487 2866
f 4487 4488 2866
f 2866 4488 2867
f 4488 4489 2867
f 2867 4489 2868
f 4489 4490 2868
f 2868 4490 2869
f 4490 4491 2869
f 2869 4491 2870
f 4491 4492 2870
f 2870 4492 2871
f 4492 4493 2871
f 2871 4493 2872
f 4493 4494 2872
f 2872 4494 2873
f 4494 4495 2873
f 2873 4495 2874
f 4495 4496 2874
f 2874 4496 2875
f 4496 4497 2875
f 2875 4497 2876
f 4497 4498 2876
f 2876 4498 2877
f 4498 4499 2877
f 2877 4499 2878
f 4499 4500 2878
f 2878 4500 2879
f 4500 4501 2879
f 2879 4501 2880
f 4501 4502 2880
f 2880 4502 2881
f 4502 4503 2881
f 2881 4503 2882
f 4503 4504 2882
f 2882 4504 2883
f 4504 4505 2883
f 2883 4505 2884
f 4505 4506 2884
f 2884 4506 2885
f 4506 4507 2885
f 2885 4507 2886
f 4507 4508 2886
f 2886 4508 2887
f 4508 4509 2887
f 2887 4509 2888
f 4509 4510 2888
f 2888 4510 2889
f 4510 4511 2889
f 2889 4511 2890
f 4511 4512 2890
f 2890 4512 2891
f 4512 4513 2891
f 2891 4513 2892
f 4513 4514 2892
f 2892 4514 2893
f 4514 4515 2893
f 2893 4515 2894
f 4515 4516 2894
f 2894 4516 2895
f 4516 4517 2895
f 2895 4517 2896
f 4517 4518 2896
f 2896 4518 2897
f 4518 4519 2897
f 2897 4519 2898
f 4519 4520 2898
f 2898 4520 2899
f 4520 4521 2899
f 2899 4521 2900
f 4521 4522 2900
f 2900 4522 2901
f 4522 4523 2901
f 2901 4523 2902
f 4523 4524 2902
f 2902 4524 2903
f 4524 4525 2903
f 2903 4525 2904
f 4525 4526 2904
f 2904 4526 2905
f 4526 4527 2905
f 2905 4527 2906
f 4527 4528 2906
f 2906 4528 2907
f 4528 4529 2907
f 2907 4529 2908
f 4529 4530 2908
f 2908 4530 2909
f 4530 4531 2909
f 2909 4531 2910
f 4531 4532 2910
f 2910 4532 2911
f 4532 4533 2911
f 2911 4533 2912
f 4533 4534 2912
f 2912 4534 2913
f 4534 4535 2913
f 2913 4535 2914
f 4535 4536 2914
f 2914 4536 2915
f 4536 4537 2915
f 2915 4537 2916
f 4537 4538 2916
f 2916 4538 2917
f 4538 4539 2917
f 2917 4539 2918
f 4539 4540 2918
f 2918 4540 2919
f 4540 4541 2919
f 2919 4541 2920
f 4541 4542 2920
f 2920 4542 2921
f 4542 4543 2921
f 2921 4543 2922
f 4543 4544 2922
f 2922 4544 2923
f 4544 4545 2923
f 2923 4545 2924
f 4545 4546 2924
f 2924 4546 2925
f 4546 4547 2925
f 2925 4547 2926
f 4547 4548 2926
f 2926 4548 2927
f 4548 4549 2927
f 2927 4549 2928
f 4549 4550 2928
f 2928 4550 2929
f 4550 4551 2929
f 2929 4551 2930
f 4551 4552 2930
f 2930 4552 2931
f 4552 4553 2931
f 2931 4553 2932
f 4553 4554 2932
f 2932 4554 2933
f 4554 4555 2933
f 2933 4555 2934
f 4555 4556 2934
f 2934 4556 2935
f 4556 4557 2935
f 2935 4557 2936
f 4557 4558 2936
f 2936 4558 2937
f 4558 4559 2937
f 2937 4559 2938
f 4559 4560 2938
f 2938 4560 2939
f 4560 4561 2939
f 2939 4561 2940
f 4561 4562 2940
f 2940 4562 2941
f 4562 4563 2941
f 2941 4563 2942
f 4563 4564 2942
f 2942 4564 2943
f 4564 4565 2943
f 2943 4565 2944
f 4565 4566 2944
f 2944 4566 2945
f 4566 4567 2945
f 2945 4567 2946
f 4567 4568 2946
f 2946 4568 2947
f 4568 4569 2947
f 2947 4569 2948
f 4569 4570 2948
f 2948 4570 2949
f 4570 4571 2949
f 2949 4571 2950
f 4571 4572 2950
f 2950 4572 2951
f 4572 4573 2951
f 2951 4573 2952
f 4573 4574 2952
f 2952 4574 2953
f 4574 4575 2953
f 2953 4575 2954
f 4575 4576 2954
f 2954 4576 2955
f 4576 4577 2955
f 2955 4577 2956
f 4577 4578 2956
f 2956 4578 2957
f 4578 4579 2957
f 2957 4579 2958
f 4579 4580 2958
f 2958 4580 2959
f 4580 4581 2959
f 2959 4581 2960
f 4581 4582 2960
f 2960 4582 2961
f 4582 4583 2961
f 2961 4583 2962
f 4583 4584 2962
f 2962 4584 2963
f 4584 4585 2963
f 2963 4585 2964
f 4585 4586 2964
f 2964 4586 2965
f 4586 4587 2965
f 2965 4587 2966
f 4587 4588 2966
f 2966 4588 2967
f 4588 4589 2967
f 2967 4589 2968
f 4589 4590 2968
f 2968 4590 2969
f 4590 4591 2969
f 2969 4591 2970
f 4591 4592 2970
f 2970 4592 2971
f 4592 4593 2971
f 2971 4593 2972
f 4593 4594 2972
f 2972 4594 2973
f 4594 4595 2973
f 2973 4595 2974
f 4595 4596 2974
f 2974 4596 2975
f 4596 4597 2975
f 2975 4597 2976
f 4597 4598 2976
f 2976 4598 2977
f 4598 4599 2977
f 2977 4599 2978
f 4599 4600 2978
f 2978 4600 2979
f 4600 4601 2979
f 2979 4601 2980
f 4601 4602 2980
f 2980 4602 2981
f 4602 4603 2981
f 2981 4603 2982
f 4603 4604 2982
f 2982 4604 2983
f 4604 4605 2983
f 2983 4605 2984
f 4605 4606 2984
f 2984 4606 2985
f 4606 4607 2985
f 2985 4607 2986
f 4607 4608 2986
f 2986 4608 2987
f 4608 4609 2987
f 2987 4609 2988
f 4609 4610 2988
f 2988 4610 2989
f 4610 4611 2989
f 2989 4611 2990
f 4611 4612 2990
f 2990 4612 2991
f 4612 4613 2991
f 2991 4613 2992
f 4613 4614 2992
f 2992 4614 2993
f 4614 4615 2993
f 2993 4615 2994
f 4615 4616 2994
f 2994 4616 2995
f 4616 4617 2995
f 2995 4617 2996
f 4617 4618 2996
f 2996 4618 2997
f 4618 4619 2997
f 2997 4619 2998
f 4619 4620 2998
f 2998 4620 2999
f 4620 4621 2999
f 2999 4621 3000
f 4621 4622 3000
f 3000 4622 3001
f 4622 4623 3001
f 3001 4623 3002
f 4623 4624 3002
f 3002 4624 3003
f 4624 4625 3003
f 3003 4625 3004
f 4625 4626 3004
f 3004 4626 3005
f 4626 4627 3005
f 3005 4627 3006
f 4627 4628 3006
f 3006 4628 3007
f 4628 4629 3007
f 3007 4629 3008
f 4629 4630 3008
f 3008 4630 3009
f 4630 4631 3009
f 3009 4631 3010
f 4631 4632 3010
f 3010 4632 3011
f 4632 4633 3011
f 3011 4633 3012
f 4633 4634 3012
f 3012 4634 3013
f 4634 4635 3013
f 3013 4635 3014
f 4635 4636 3014
f 3014 4636 3015
f 4636 4637 3015
f 3015 4637 3016
f 4637 4638 3016
f 3016 4638 3017
f 4638 4639 3017
f 3017 4639 3018
f 4639 4640 3018
f 3018 4640 3019
f 4640 4641 3019
f 3019 4641 3020
f 4641 4642 3020
f 3020 4642 3021
f 4642 4643 3021
f 3021 4643 3022
f 4643 4644 3022
f 3022 4644 3023
f 4644 4645 3023
f 3023 4645 3024
f 4645 4646 3024
f 3024 4646 3025
f 4646 4647 3025
f 3025 4647 3026
f 4647 4648 3026
f 3026 4648 3027
f 4648 4649 3027
f 3027 4649 3028
f 4649 4650 3028
f 3028 4650 3029
f 4650 4651 3029
f 3029 4651 3030
f 4651 4652 3030
f 3030 4652 3031
f 4652 4653 3031
f 3031 4653 3032
f 4653 4654 3032
f 3032 4654 3033
f 4654 4655 3033
f 3033 4655 3034
f 4655 4656 3034
f 3034 4656 3035
f 4656 4657 3035
f 3035 4657 3036
f 4657 4658 3036
f 3036 4658 3037
f 4658 4659 3037
f 3037 4659 3038
f 4659 4660 3038
f 3038 4660 3039
f 4660 4661 3039
f 3039 4661 3040
f 4661 4662 3040
f 3040 4662 3041
f 4662 4663 3041
f 3041 4663 3042
f 4663 4664 3042
f 3042 4664 3043
f 4664 4665 3043
f 3043 4665 3044
f 4665 4666 3044
f 3044 4666 3045
f 4666 4667 3045
f 3045 4667 3046
f 4667 4668 3046
f 3046 4668 3047
f 4668 4669 3047
f 3047 4669 3048
f 4669 4670 3048
f 3048 4670 3049
f 4670 4671 3049
f 3049 4671 3050
f 4671 4672 3050
f 3050 4672 3051
f 4672 4673 3051
f 3051 4673 3052
f 4673 4674 3052
f 3052 4674 3053
f 4674 4675 3053
f 3053 4675 3054
f 4675 4676 3054
f 3054 4676 3055
f 4676 4677 3055
f 3055 4677 3056
f 4677 4678 3056
f 3056 4678 3057
f 4678 4679 3057
f 3057 4679 3058
f 4679 4680 3058
f 3058 4680 3059
f 4680 4681 3059
f 3059 4681 3060
f 4681 4682 3060
f 3060 4682 3061
f 4682 4683 3061
f 3061 4683 3062
f 4683 4684 3062
f 3062 4684 3063
f 4684 4685 3063
f 3063 4685 3064
f 4685 4686 3064
f 3064 4686 3065
f 4686 4687 3065
f 3065 4687 3066
f 4687 4688 3066
f 3066 4688 3067
f 4688 4689 3067
f 3067 4689 3068
f 4689 4690 3068
f 3068 4690 3069
f 4690 4691 3069
f 3069 4691 3070
f 4691 4692 3070
f 3070 4692 3071
f 4692 4693 3071
f 3071 4693 3072
f 4693 4694 3072
f 3072 4694 3073
f 4694 4695 3073
f 3073 4695 3074
f 4695 4696 3074
f 3074 4696 3075
f 4696 4697 3075
f 3075 4697 3076
f 4697 4698 3076
f 3076 4698 3077
f 4698 4699 3077
f 3077 4699 3078
f 4699 4700 3078
f 3078 4700 3079
f 4700 4701 3079
f 3079 4701 3080
f 4701 4702 3080
f 3080 4702 3081
f 4702 4703 3081
f 3081 4703 3082
f 4703 4704 3082
f 3082 4704 3083
f 4704 4705 3083
f 3083 4705 3084
f 4705 4706 3084
f 3084 4706 3085
f 4706 4707 3085
f 3085 4707 3086
f 4707 4708 3086
f 3086 4708 3087
f 4708 4709 3087
f 3087 4709 3088
f 4709 4710 3088
f 3088 4710 3089
f 4710 4711 3089
f 3089 4711 3090
f 4711 4712 3090
f 3090 4712 3091
f 4712 4713 3091
f 3091 4713 3092
f 4713 4714 3092
f 3092 4714 3093
f 4714 4715 3093
f 3093 4715 3094
f 4715 4716 3094
f 3094 4716 3095
f 4716 4717 3095
f 3095 4717 3096
f 4717 4718 3096
f 3096 4718 3097
f 4718 4719 3097
f 3097 4719 3098
f 4719 4720 3098
f 3098 4720 3099
f 4720 4721 3099
f 3099 4721 3100
f 4721 4722 3100
f 3100 4722 3101
f 4722 4723 3101
f 3101 4723 3102
f 4723 4724 3102
f 3102 4724 3103
f 4724 4725 3103
f 3103 4725 3104
f 4725 4726 3104
f 3104 4726 3105
f 4726 4727 3105
f 3105 4727 3106
f 4727 4728 3106
f 3106 4728 3107
f 4728 4729 3107
f 3107 4729 3108
f 4729 4730 3108
f 3108 4730 3109
f 4730 4731 3109
f 3109 4731 3110
f 4731 4732 3110
f 3110 4732 3111
f 4732 4733 3111
f 3111 4733 3112
f 4733 4734 3112
f 3112 4734 3113
f 4734 4735 3113
f 3113 4735 3114
f 4735 4736 3114
f 3114 4736 3115
f 4736 4737 3115
f 3115 4737 3116
f 4737 4738 3116
f 3116 4738 3117
f 4738 4739 3117
f 3117 4739 3118
f 4739 4740 3118
f 3118 4740 3119
f 4740 4741 3119
f 3119 4741 3120
f 4741 4742 3120
f 3120 4742 3121
f 4742 4743 3121
f 3121 4743 3122
f 4743 4744 3122
f 3122 4744 3123
f 4744 4745 3123
f 3123 4745 3124
f 4745 4746 3124
f 3124 4746 3125
f 4746 4747 3125
f 3125 4747 3126
f 4747 4748 3126
f 3126 4748 3127
f 4748 4749 3127
f 3127 4749 3128
f 4749 4750 3128
f 3128 4750 3129
f 4750 4751 3129
f 3129 4751 3130
f 4751 4752 3130
f 3130 4752 3131
f 4752 4753 3131
f 3131 4753 3132
f 4753 4754 3132
f 3132 4754 3133
f 4754 4755 3133
f 3133 4755 3134
f 4755 4756 3134
f 3134 4756 3135
f 4756 4757 3135
f 3135 4757 3136
f 4757 4758 3136
f 3136 4758 3137
f 4758 4759 3137
f 3137 4759 3138
f 4759 4760 3138
f 3138 4760 3139
f 4760 4761 3139
f 3139 4761 3140
f 4761 4762 3140
f 3140 4762 3141
f 4762 4763 3141
f 3141 4763 3142
f 4763 4764 3142
f 3142 4764 3143
f 4764 4765 3143
f 3143 4765 3144
f 4765 4766 3144
f 3144 4766 3145
f 4766 4767 3145
f 3145 4767 3146
f 4767 4768 3146
f 3146 4768 3147
f 4768 4769 3147
f 3147 4769 3148
f 4769 4770 3148
f 3148 4770 3149
f 4770 4771 3149
f 3149 4771 3150
f 4771 4772 3150
f 3150 4772 3151
f 4772 4773 3151
f 3151 4773 3152
f 4773 4774 3152
f 3152 4774 3153
f 4774 4775 3153
f 3153 4775 3154
f 4775 4776 3154
f 3154 4776 3155
f 4776 4777 3155
f 3155 4777 3156
f 4777 4778 3156
f 3156 4778 3157
f 4778 4779 3157
f 3157 4779 3158
f 4779 4780 3158
f 3158 4780 3159
f 4780 4781 3159
f 3159 4781 3160
f 4781 4782 3160
f 3160 4782 3161
f 4782 4783 3161
f 3161 4783 3162
f 4783 4784 3162
f 3162 4784 3163
f 4784 4785 3163
f 3163 4785 3164
f 4785 4786 3164
f 3164 4786 3165
f 4786 4787 3165
f 3165 4787 3166
f 4787 4788 3166
f 3166 4788 3167
f 4788 4789 3167
f 3167 4789 3168
f 4789 4790 3168
f 3168 4790 3169
f 4790 4791 3169
f 3169 4791 3170
f 4791 4792 3170
f 3170 4792 3171
f 4792 4793 3171
f 3171 4793 3172
f 4793 4794 3172
f 3172 4794 3173
f 4794 4795 3173
f 3173 4795 3174
f 4795 4796 3174
f 3174 4796 3175
f 4796 4797 3175
f 3175 4797 3176
f 4797 4798 3176
f 3176 4798 3177
f 4798 4799 3177
f 3177 4799 3178
f 4799 4800 3178
f 3178 4800 3179
f 4800 4801 3179
f 3179 4801 3180
f 4801 4802 3180
f 3180 4802 3181
f 4802 4803 3181
f 3181 4803 3182
f 4803 4804 3182
f 3182 4804 3183
f 4804 4805 3183
f 3183 4805 3184
f 4805 4806 3184
f 3184 4806 3185
f 4806 4807 3185
f 3185 4807 3186
f 4807 4808 3186
f 3186 4808 3187
f 4808 4809 3187
f 3187 4809 3188
f 4809 4810 3188
f 3188 4810 3189
f 4810 4811 3189
f 3189 4811 3190
f 4811 4812 3190
f 3190 4812 3191
f 4812 4813 3191
f 3191 4813 3192
f 4813 4814 3192
f 3192 4814 3193
f 4814 4815 3193
f 3193 4815 3194
f 4815 4816 3194
f 3194 4816 3195
f 4816 4817 3195
f 3195 4817 3196
f 4817 4818 3196
f 3196 4818 3197
f 4818 4819 3197
f 3197 4819 3198
f 4819 4820 3198
f 3198 4820 3199
f 4820 4821 3199
f 3199 4821 3200
f 4821 4822 3200
f 3200 4822 3201
f 4822 4823 3201
f 3201 4823 3202
f 4823 4824 3202
f 3202 4824 3203
f 4824 4825 3203
f 3203 4825 3204
f 4825 4826 3204
f 3204 4826 3205
f 4826 4827 3205
f 3205 4827 3206
f 4827 4828 3206
f 3206 4828 3207
f 4828 4829 3207
f 3207 4829 3208
f 4829 4830 3208
f 3208 4830 3209
f 4830 4831 3209
f 3209 4831 3210
f 4831 4832 3210
f 3210 4832 3211
f 4832 4833 3211
f 3211 4833 3212
f 4833 4834 3212
f 3212 4834 3213
f 4834 4835 3213
f 3213 4835 3214
f 4835 4836 3214
f 3214 4836 3215
f 4836 4837 3215
f 3215 4837 3216
f 4837 4838 3216
f 3216 4838 3217
f 4838 4839 3217
f 3217 4839 3218
f 4839 4840 3218
f 3218 4840 3219
f 4840 4841 3219
f 3219 4841 3220
f 4841 4842 3220
f 3220 4842 3221
f 4842 4843 3221
f 3221 4843 3222
f 4843 4844 3222
f 3222 4844 3223
f 4844 4845 3223
f 3223 4845 3224
f 4845 4846 3224
f 3224 4846 3225
f 4846 4847 3225
f 3225 4847 3226
f 4847 4848 3226
f 3226 4848 3227
f 4848 4849 3227
f 3227 4849 3228
f 4849 4850 3228
f 3228 4850 3229
f 4850 4851 3229
f 3229 4851 3230
f 4851 4852 3230
f 3230 4852 3231
f 4852 4853 3231
f 3231 4853 3232
f 4853 4854 3232
f 3232 4854 3233
f 4854 4855 3233
f 3233 4855 3234
f 4855 4856 3234
f 3234 4856 3235
f 4856 4857 3235
f 3235 4857 3236
f 4857 4858 3236
f 3236 4858 3237
f 4858 4859 3237
f 3237 4859 3238
f 4859 4860 3238
f 3238 4860 3239
f 4860 4861 3239
f 3239 4861 3240
f 4861 4862 3240
f 3240 4862 3241
f 4862 4863 3241
f 3241 4863 3242
f 4863 4864 3242
f 3242 4864 3243
f 4864 4865 3243
f 3243 4865 3244
f 4865 4866 3244
f 3244 4866 3245
f 4866 4867 3245
f 3245 4867 3246
f 4867 4868 3246
f 3246 4868 3247
f 4868 4869 3247
f 3247 4869 3248
f 4869 4870 3248
f 3248 4870 3249
f 4870 4871 3249
f 3249 4871 3250
f 4871 4872 3250
f 3250 4872 3251
f 4872 4873 3251
f 3251 4873 3252
f 4873 4874 3252
f 3252 4874 3253
f 4874 4875 3253
f 3253 4875 3254
f 4875 4876 3254
f 3254 4876 3255
f 4876 4877 3255
f 3255 4877 3256
f 4877 4878 3256
f 3256 4878 3257
f 4878 4879 3257
f 3257 4879 3258
f 4879 4880 3258
f 3258 4880 3259
f 4880 4881 3259
f 3259 4881 3260
f 4881 4882 3260
f 3260 4882 3261
f 4882 4883 3261
f 3261 4883 3262
f 4883 4884 3262
f 3262 4884 3263
f 4884 4885 3263
f 3263 4885 3264
f 4885 4886 3264
f 3264 4886 3265
f 4886 4887 3265
f 3265 4887 3266
f 4887 4888 3266
f 3266 4888 3267
f 4888 4889 3267
f 3267 4889 3268
f 4889 4890 3268
f 3268 4890 3269
f 4890 4891 3269
f 3269 4891 3270
f 4891 4892 3270
f 3270 4892 3271
f 4892 4893 3271
f 3271 4893 3272
f 4893 4894 3272
f 3272 4894 3273
f 4894 4895 3273
f 3273 4895 3274
f 4895 4896 3274
f 3274 4896 3275
f 4896 4897 3275
f 3275 4897 3276
f 4897 4898 3276
f 3276 4898 3277
f 4898 4899 3277
f 3277 4899 3278
f 4899 4900 3278
f 3278 4900 3279
f 4900 4901 3279
f 3279 4901 3280
f 4901 4902 3280
f 3280 4902 3281
f 4902 4903 3281
f 3281 4903 3282
f 4903 4904 3282
f 3282 4904 3283
f 4904 4905 3283
f 3283 4905 3284
f 4905 4906 3284
f 3284 4906 3285
f 4906 4907 3285
f 3285 4907 3286
f 4907 4908 3286
f 3286 4908 3287
f 4908 4909 3287
f 3287 4909 3288
f 4909 4910 3288
f 3288 4910 3289
f 4910 4911 3289
f 3289 4911 3290
f 4911 4912 3290
f 3290 4912 3291
f 4912 4913 3291
f 3291 4913 3292
f 4913 4914 3292
f 3292 4914 3293
f 4914 4915 3293
f 3293 4915 3294
f 4915 4916 3294
f 3294 4916 3295
f 4916 4917 3295
f 3295 4917 3296
f 4917 4918 3296
f 3296 4918 3297
f 4918 4919 3297
f 3297 4919 3298
f 4919 4920 3298
f 3298 4920 3299
f 4920 4921 3299
f 3299 4921 3300
f 4921 4922 3300
f 3300 4922 3301
f 4922 4923 3301
f 3301 4923 3302
f 4923 4924 3302
f 3302 4924 3303
f 4924 4925 3303
f 3303 4925 3304
f 4925 4926 3304
f 3304 4926 3305
f 4926 4927 3305
f 3305 4927 3306
f 4927 4928 3306
f 3306 4928 3307
f 4928 4929 3307
f 3307 4929 3308
f 4929 4930 3308
f 3308 4930 3309
f 4930 4931 3309
f 3309 4931 3310
f 4931 4932 3310
f 3310 4932 3311
f 4932 4933 3311
f 3311 4933 3312
f 4933 4934 3312
f 3312 4934 3313
f 4934 4935 3313
f 3313 4935 3314
f 4935 4936 3314
f 3314 4936 3315
f 4936 4937 3315
f 3315 4937 3316
f 4937 4938 3316
f 3316 4938 3317
f 4938 4939 3317
f 3317 4939 3318
f 4939 4940 3318
f 3318 4940 3319
f 4940 4941 3319
f 3319 4941 3320
f 4941 4942 3320
f 3320 4942 3321
f 4942 4943 3321
f 3321 4943 3322
f 4943 4944 3322
f 3322 4944 3323
f 4944 4945 3323
f 3323 4945 3324
f 4945 4946 3324
f 3324 4946 3325
f 4946 4947 3325
f 3325 4947 3326
f 4947 4948 3326
f 3326 4948 3327
f 4948 4949 3327
f 3327 4949 3328
f 4949 4950 3328
f 3328 4950 3329
f 4950 4951 3329
f 3329 4951 3330
f 4951 4952 3330
f 3330 4952 3331
f 4952 4953 3331
f 3331 4953 3332
f 4953 4954 3332
f 3332 4954 3333
f 4954 4955 3333
f 3333 4955 3334
f 4955 4956 3334
f 3334 4956 3335
f 4956 4957 3335
f 3335 4957 3336
f 4957 4958 3336
f 3336 4958 3337
f 4958 4959 3337
f 3337 4959 3338
f 4959 4960 3338
f 3338 4960 3339
f 4960 4961 3339
f 3339 4961 3340
f 4961 4962 3340
f 3340 4962 3341
f 4962 4963 3341
f 3341 4963 3342
f 4963 4964 3342
f 3342 4964 3343
f 4964 4965 3343
f 3343 4965 3344
f 4965 4966 3344
f 3344 4966 3345
f 4966 4967 3345
f 3345 4967 3346
f 4967 4968 3346
f 3346 4968 3347
f 4968 4969 3347
f 3347 4969 3348
f 4969 4970 3348
f 3348 4970 3349
f 4970 4971 3349
f 3349 4971 3350
f 4971 4972 3350
f 3350 4972 3351
f 4972 4973 3351
f 3351 4973 3352
f 4973 4974 3352
f 3352 4974 3353
f 4974 4975 3353
f 3353 4975 3354
f 4975 4976 3354
f 3354 4976 3355
f 4976 4977 3355
f 3355 4977 3356
f 4977 4978 3356
f 3356 4978 3357
f 4978 4979 3357
f 3357 4979 3358
f 4979 4980 3358
f 3358 4980 3359
f 4980 4981 3359
f 3359 4981 3360
f 4981 4982 3360
f 3360 4982 3361
f 4982 4983 3361
f 3361 4983 3362
f 4983 4984 3362
f 3362 4984 3363
f 4984 4985 3363
f 3363 4985 3364
f 4985 4986 3364
f 3364 4986 3365
f 4986 4987 3365
f 3365 4987 3366
f 4987 4988 3366
f 3366 4988 3367
f 4988 4989 3367
f 3367 4989 3368
f 4989 4990 3368
f 3368 4990 3369
f 4990 4991 3369
f 3369 4991 3370
f 4991 4992 3370
f 3370 4992 3371
f 4992 4993 3371
f 3371 4993 3372
f 4993 4994 3372
f 3372 4994 3373
f 4994 4995 3373
f 3373 4995 3374
f 4995 4996 3374
f 3374 4996 3375
f 4996 4997 3375
f 3375 4997 3376
f 4997 4998 3376
f 3376 4998 3377
f 4998 4999 3377
f 3377 4999 3378
f 4999 5000 3378
f 3378 5000 3379
f 5000 5001 3379
f 3379 5001 3380
f 5001 5002 3380
f 3380 5002 3381
f 5002 5003 3381
f 3381 5003 3382
f 5003 5004 3382
f 3382 5004 3383
f 5004 5005 3383
f 3383 5005 3384
f 5005 5006 3384
f 3384 5006 3385
f 5006 5007 3385
f 3385 5007 3386
f 5007 5008 3386
f 3386 5008 3387
f 5008 5009 3387
f 3387 5009 3388
f 5009 5010 3388
f 3388 5010 3389
f 5010 5011 3389
f 3389 5011 3390
f 5011 5012 3390
f 3390 5012 3391
f 5012 5013 3391
f 3391 5013 3392
f 5013 5014 3392
f 3392 5014 3393
f 5014 5015 3393
f 3393 5015 3394
f 5015 5016 3394
f 3394 5016 3395
f 5016 5017 3395
f 3395 5017 3396
f 5017 5018 3396
f 3396 5018 3397
f 5018 5019 3397
f 3397 5019 3398
f 5019 5020 3398
f 3398 5020 3399
f 5020 5021 3399
f 3399 5021 3400
f 5021 5022 3400
f 3400 5022 3401
f 5022 5023 3401
f 3401 5023 3402
f 5023 5024 3402
f 3402 5024 3403
f 5024 5025 3403
f 3403 5025 3404
f 5025 5026 3404
f 3404 5026 3405
f 5026 5027 3405
f 3405 5027 3406
f 5027 5028 3406
f 3406 5028 3407
f 5028 5029 3407
f 3407 5029 3408
f 5029 5030 3408
f 3408 5030 3409
f 5030 5031 3409
f 3409 5031 3410
f 5031 5032 3410
f 3410 5032 3411
f 5032 5033 3411
f 3411 5033 3412
f 5033 5034 3412
f 3412 5034 3413
f 5034 5035 3413
f 3413 5035 3414
f 5035 5036 3414
f 3414 5036 3415
f 5036 5037 3415
f 3415 5037 3416
f 5037 5038 3416
f 3416 5038 3417
f 5038 5039 3417
f 3417 5039 3418
f 5039 5040 3418
f 3418 5040 3419
f 5040 5041 3419
f 3419 5041 3420
f 5042 3422 3421
f 3421 3422 1801
f 5041 5042 3420
f 3420 5042 3421

